event_id,waveform_file,station,origin_time,datetime,s_arrival_time,p_arrival_time,latitude,longitude,depth,back_azimuth,snr_horizontal,rectilinearity_jurkevics,incidence_eigenvalue_jurkevics,magnitude
78668,passing_waveforms_data_mldd/waveforms/event_2015-04-20T00:01:42.087000Z.mseed,AXEC1,2015-04-20T00:01:42.087000Z,2015-04-20T00:01:42.087000Z,1.56,0.82,45.93815,-130.01887,1.265,248.01954366025427,5.359105337595619,0.9717766828384222,3.2350440329035646,0.1
78669,passing_waveforms_data_mldd/waveforms/event_2015-04-20T00:01:56.929000Z.mseed,AXEC1,2015-04-20T00:01:56.929000Z,2015-04-20T00:01:56.929000Z,1.6,0.86,45.9379,-130.01926,1.306,247.77950357726252,3.903388834660867,0.9752214697279515,2.004109127226245,0.2
78670,passing_waveforms_data_mldd/waveforms/event_2015-04-20T00:02:38.398000Z.mseed,AXEC1,2015-04-20T00:02:38.398000Z,2015-04-20T00:02:38.398000Z,1.66,1.41,45.93429,-130.01886,1.241,241.48410810502273,3.949958899641306,0.954837257910102,13.09777277579561,0.1
78671,passing_waveforms_data_mldd/waveforms/event_2015-04-20T00:04:13.769999Z.mseed,AXEC1,2015-04-20T00:04:13.769999Z,2015-04-20T00:04:13.769999Z,1.52,0.76,45.93812,-130.0189,1.303,247.9816856278981,2.596280452874761,0.7806644145335795,4.160025001869122,0.1
78676,passing_waveforms_data_mldd/waveforms/event_2015-04-20T00:05:48.947000Z.mseed,AXEC1,2015-04-20T00:05:48.947000Z,2015-04-20T00:05:48.947000Z,1.57,0.83,45.93824,-130.01875,1.263,248.11797575961967,2.4216307995707362,0.8867614030590292,3.056249499988667,-0.0
78682,passing_waveforms_data_mldd/waveforms/event_2015-04-20T00:15:23.620999Z.mseed,AXEC1,2015-04-20T00:15:23.620999Z,2015-04-20T00:15:23.620999Z,1.59,0.83,45.93801,-130.01972,1.336,248.20882834496558,2.8759595699826557,0.9119911610529846,5.638123306213973,0.2
78683,passing_waveforms_data_mldd/waveforms/event_2015-04-20T00:15:32.656999Z.mseed,AXEC1,2015-04-20T00:15:32.656999Z,2015-04-20T00:15:32.656999Z,1.56,0.83,45.93881,-130.01862,1.203,249.08172718622095,3.8917506940466082,0.9093314916753612,8.152749239990182,0.1
78685,passing_waveforms_data_mldd/waveforms/event_2015-04-20T00:16:00.368000Z.mseed,AXEC1,2015-04-20T00:16:00.368000Z,2015-04-20T00:16:00.368000Z,1.6,0.87,45.93814,-130.02017,1.339,248.6609053991317,5.448687929742549,0.9727044074066274,2.8996814444455716,0.8
78686,passing_waveforms_data_mldd/waveforms/event_2015-04-20T00:16:13.544999Z.mseed,AXEC1,2015-04-20T00:16:13.544999Z,2015-04-20T00:16:13.544999Z,1.51,0.76,45.93854,-130.01919,1.267,248.8805121804685,2.165136945555583,0.838433933424407,19.74274158908295,0.1
78687,passing_waveforms_data_mldd/waveforms/event_2015-04-20T00:16:25.527999Z.mseed,AXEC1,2015-04-20T00:16:25.527999Z,2015-04-20T00:16:25.527999Z,1.58,0.81,45.9386,-130.02023,1.282,249.4958910376621,4.161323503089671,0.9302144132938897,1.5739506407306918,0.1
78689,passing_waveforms_data_mldd/waveforms/event_2015-04-20T00:16:44.427999Z.mseed,AXEC1,2015-04-20T00:16:44.427999Z,2015-04-20T00:16:44.427999Z,1.55,0.82,45.93864,-130.01933,1.251,249.12943016574377,5.715343305978369,0.9385463166172343,5.621458797498237,0.2
78690,passing_waveforms_data_mldd/waveforms/event_2015-04-20T00:17:02.976999Z.mseed,AXEC1,2015-04-20T00:17:02.976999Z,2015-04-20T00:17:02.976999Z,1.6,0.84,45.93822,-130.01918,1.265,248.3043259392625,4.584184893445017,0.974041481301816,1.7209507841850482,0.4
78691,passing_waveforms_data_mldd/waveforms/event_2015-04-20T00:17:15.505000Z.mseed,AXEC1,2015-04-20T00:17:15.505000Z,2015-04-20T00:17:15.505000Z,1.59,0.85,45.93839,-130.02025,1.317,249.13675493379478,5.586847466611322,0.9794253832428218,0.44076536550595286,1.4
78694,passing_waveforms_data_mldd/waveforms/event_2015-04-20T00:18:55.808999Z.mseed,AXEC1,2015-04-20T00:18:55.808999Z,2015-04-20T00:18:55.808999Z,1.6,0.84,45.93843,-130.02004,1.359,249.10507783190016,4.091020141971793,0.9784058773980073,1.5449266776208463,0.3
78695,passing_waveforms_data_mldd/waveforms/event_2015-04-20T00:19:29.535000Z.mseed,AXEC1,2015-04-20T00:19:29.535000Z,2015-04-20T00:19:29.535000Z,0.73,0.32,45.95141,-129.9863,1.601,292.38428005135563,4.022008725308995,0.9971827858659714,8.26967258977507,1.0
78697,passing_waveforms_data_mldd/waveforms/event_2015-04-20T00:20:19.021999Z.mseed,AXEC1,2015-04-20T00:20:19.021999Z,2015-04-20T00:20:19.021999Z,0.85,0.45,45.95093,-129.9879,1.478,283.98696272216455,2.877245803828436,0.850452449618565,13.233506585337476,0.8
78698,passing_waveforms_data_mldd/waveforms/event_2015-04-20T00:20:33.112000Z.mseed,AXEC1,2015-04-20T00:20:33.112000Z,2015-04-20T00:20:33.112000Z,1.6,0.84,45.93813,-130.02078,1.409,248.94062268780937,4.295761099496563,0.9947674067246443,6.274706825144399,1.3
78699,passing_waveforms_data_mldd/waveforms/event_2015-04-20T00:20:51.503000Z.mseed,AXEC1,2015-04-20T00:20:51.503000Z,2015-04-20T00:20:51.503000Z,0.78,0.4,45.94647,-129.99167,0.461,250.28032148254496,4.768569990414447,0.8428756465758942,12.072740295283927,0.1
78702,passing_waveforms_data_mldd/waveforms/event_2015-04-20T00:21:07.469000Z.mseed,AXEC1,2015-04-20T00:21:07.469000Z,2015-04-20T00:21:07.469000Z,0.98,0.45,45.95172,-129.99608,0.566,281.3184462605976,5.769419884262019,0.9702415446123757,9.886944060421603,0.0
78703,passing_waveforms_data_mldd/waveforms/event_2015-04-20T00:21:16.291000Z.mseed,AXEC1,2015-04-20T00:21:16.291000Z,2015-04-20T00:21:16.291000Z,1.19,0.84,45.94073,-130.01531,0.795,251.10838433994147,4.053821975273651,0.9103750879437809,5.534362186529491,-0.0
78708,passing_waveforms_data_mldd/waveforms/event_2015-04-20T00:22:44.734999Z.mseed,AXEC1,2015-04-20T00:22:44.734999Z,2015-04-20T00:22:44.734999Z,1.53,0.78,45.93795,-130.01934,1.318,247.90900792408775,3.0049695064333006,0.919161837270092,8.55185541389025,0.4
78709,passing_waveforms_data_mldd/waveforms/event_2015-04-20T00:23:30.884000Z.mseed,AXEC1,2015-04-20T00:23:30.884000Z,2015-04-20T00:23:30.884000Z,1.65,0.87,45.93738,-130.0193,1.347,246.8916806121113,3.4895413487625175,0.9692707460849538,3.6768587205786014,0.3
78711,passing_waveforms_data_mldd/waveforms/event_2015-04-20T00:24:56.783999Z.mseed,AXEC1,2015-04-20T00:24:56.783999Z,2015-04-20T00:24:56.783999Z,1.53,0.76,45.93762,-130.01782,1.307,246.50292414251692,2.5182524185801665,0.8703418378639682,6.209058166896869,0.1
78713,passing_waveforms_data_mldd/waveforms/event_2015-04-20T00:26:07.254999Z.mseed,AXEC1,2015-04-20T00:26:07.254999Z,2015-04-20T00:26:07.254999Z,1.56,0.78,45.94085,-130.01003,0.375,248.29402991481444,5.740603233410943,0.9678210418875387,2.2750783307949707,0.1
78714,passing_waveforms_data_mldd/waveforms/event_2015-04-20T00:27:24.721000Z.mseed,AXEC1,2015-04-20T00:27:24.721000Z,2015-04-20T00:27:24.721000Z,1.64,0.86,45.93599,-130.02018,1.389,245.02072628129835,2.448526442190723,0.835603336012627,10.565833913071435,-0.0
78715,passing_waveforms_data_mldd/waveforms/event_2015-04-20T00:27:58.774000Z.mseed,AXEC1,2015-04-20T00:27:58.774000Z,2015-04-20T00:27:58.774000Z,1.57,0.83,45.93878,-130.01968,1.25,249.55101972468964,5.407302687038807,0.9794711679250071,1.1049107267284892,0.3
78716,passing_waveforms_data_mldd/waveforms/event_2015-04-20T00:28:37.033000Z.mseed,AXEC1,2015-04-20T00:28:37.033000Z,2015-04-20T00:28:37.033000Z,1.62,0.87,45.93915,-130.02052,1.292,250.6029603070519,3.7453481119632874,0.9728553849061794,2.4537760386858967,1.1
78717,passing_waveforms_data_mldd/waveforms/event_2015-04-20T00:29:23.687000Z.mseed,AXEC1,2015-04-20T00:29:23.687000Z,2015-04-20T00:29:23.687000Z,1.67,0.87,45.93564,-130.02081,1.432,244.79679083037308,4.603282110626484,0.9880804497886233,4.587990949345656,0.4
78718,passing_waveforms_data_mldd/waveforms/event_2015-04-20T00:29:44.953000Z.mseed,AXEC1,2015-04-20T00:29:44.953000Z,2015-04-20T00:29:44.953000Z,1.6,0.76,45.97131,-129.99211,2.913,338.99157884123144,4.256344922864468,0.9795728070766884,9.3119320821589,0.3
78719,passing_waveforms_data_mldd/waveforms/event_2015-04-20T00:29:55.262999Z.mseed,AXEC1,2015-04-20T00:29:55.262999Z,2015-04-20T00:29:55.262999Z,1.64,0.91,45.93955,-130.01984,1.234,251.01188918306482,2.524823765765942,0.9232885416570649,6.741161776272986,0.1
78731,passing_waveforms_data_mldd/waveforms/event_2015-04-20T00:38:54.418999Z.mseed,AXEC1,2015-04-20T00:38:54.418999Z,2015-04-20T00:38:54.418999Z,1.59,1.32,45.93495,-130.01911,1.331,242.7003881568381,2.9195446988748106,0.8360347945208533,2.424757837198029,-0.0
78735,passing_waveforms_data_mldd/waveforms/event_2015-04-20T00:47:17.039999Z.mseed,AXEC1,2015-04-20T00:47:17.039999Z,2015-04-20T00:47:17.039999Z,1.51,0.82,45.94729,-130.01932,0.633,265.9818235454757,4.129088798844345,0.8643004808637182,5.711588284877462,0.1
78739,passing_waveforms_data_mldd/waveforms/event_2015-04-20T00:54:30.463999Z.mseed,AXEC1,2015-04-20T00:54:30.463999Z,2015-04-20T00:54:30.463999Z,1.57,0.82,45.94704,-130.0181,0.556,265.30120300946885,6.271226072044002,0.9792800118994569,2.1260863881097762,0.2
78747,passing_waveforms_data_mldd/waveforms/event_2015-04-20T01:16:14.977999Z.mseed,AXEC1,2015-04-20T01:16:14.977999Z,2015-04-20T01:16:14.977999Z,1.66,0.9,45.93871,-130.01972,1.18,249.44548097355639,3.8359143751631257,0.880229008920033,5.795419435050862,0.2
78748,passing_waveforms_data_mldd/waveforms/event_2015-04-20T01:16:44.506999Z.mseed,AXEC1,2015-04-20T01:16:44.506999Z,2015-04-20T01:16:44.506999Z,1.6,0.84,45.93537,-130.01985,1.289,243.81939359830366,7.066006647759994,0.7755417813214401,14.187134816589333,0.3
78749,passing_waveforms_data_mldd/waveforms/event_2015-04-20T01:21:58.375000Z.mseed,AXEC1,2015-04-20T01:21:58.375000Z,2015-04-20T01:21:58.375000Z,1.12,0.56,45.95069,-129.99651,0.314,276.11789632722457,2.6339047992878424,0.941986550179059,14.282403945861358,0.3
78751,passing_waveforms_data_mldd/waveforms/event_2015-04-20T01:22:54.292000Z.mseed,AXEC1,2015-04-20T01:22:54.292000Z,2015-04-20T01:22:54.292000Z,1.53,0.85,45.9414,-130.01508,0.595,252.3804057550625,3.555597163574369,0.7675133805377217,17.014506526347162,0.0
78752,passing_waveforms_data_mldd/waveforms/event_2015-04-20T01:23:16.963000Z.mseed,AXEC1,2015-04-20T01:23:16.963000Z,2015-04-20T01:23:16.963000Z,1.5,0.93,45.94128,-130.01437,0.564,251.77578342233807,2.827746673299785,0.8749819424964347,7.70903540017404,0.0
78755,passing_waveforms_data_mldd/waveforms/event_2015-04-20T01:26:29.181000Z.mseed,AXEC1,2015-04-20T01:26:29.181000Z,2015-04-20T01:26:29.181000Z,1.62,0.85,45.93568,-130.01932,1.233,244.02132239480798,6.282726553218392,0.7765975032373361,9.254468812426365,0.3
78756,passing_waveforms_data_mldd/waveforms/event_2015-04-20T01:27:08.907999Z.mseed,AXEC1,2015-04-20T01:27:08.907999Z,2015-04-20T01:27:08.907999Z,0.92,0.43,45.94901,-129.99458,0.405,267.5662803491696,6.874862596444339,0.8998605050717207,6.828028327069064,0.2
78760,passing_waveforms_data_mldd/waveforms/event_2015-04-20T01:30:17.625000Z.mseed,AXEC1,2015-04-20T01:30:17.625000Z,2015-04-20T01:30:17.625000Z,1.66,0.76,45.97535,-129.99995,0.975,331.98843247898157,6.1572394250867495,0.9004888496934145,3.5291922674216387,0.2
78765,passing_waveforms_data_mldd/waveforms/event_2015-04-20T01:41:20.118999Z.mseed,AXEC1,2015-04-20T01:41:20.118999Z,2015-04-20T01:41:20.118999Z,1.13,0.62,45.95106,-130.00284,0.725,275.95133371216673,2.132332412954286,0.9123687169539486,12.245114196806734,-0.0
78766,passing_waveforms_data_mldd/waveforms/event_2015-04-20T01:46:13.102000Z.mseed,AXEC1,2015-04-20T01:46:13.102000Z,2015-04-20T01:46:13.102000Z,1.71,0.91,45.94922,-130.02462,0.809,270.0620724986728,2.2344532033266082,0.8320366508638154,9.746634906784614,0.1
78767,passing_waveforms_data_mldd/waveforms/event_2015-04-20T01:49:23.173999Z.mseed,AXEC1,2015-04-20T01:49:23.173999Z,2015-04-20T01:49:23.173999Z,1.71,1.15,45.93582,-130.02561,1.156,247.47159345534857,2.5885665920961705,0.8744472462383437,27.90339018387377,0.0
78770,passing_waveforms_data_mldd/waveforms/event_2015-04-20T01:55:21.373000Z.mseed,AXEC1,2015-04-20T01:55:21.373000Z,2015-04-20T01:55:21.373000Z,0.79,0.38,45.94676,-129.99051,0.428,250.20391619054467,3.3435622689637006,0.9851591948453501,3.8902197254582895,0.0
78773,passing_waveforms_data_mldd/waveforms/event_2015-04-20T01:59:32.216999Z.mseed,AXEC1,2015-04-20T01:59:32.216999Z,2015-04-20T01:59:32.216999Z,0.89,0.46,45.94626,-129.9914,0.476,248.57283932020113,2.6324749512156176,0.9652139868504708,2.5934531908632543,0.2
78775,passing_waveforms_data_mldd/waveforms/event_2015-04-20T02:00:06.411999Z.mseed,AXEC1,2015-04-20T02:00:06.411999Z,2015-04-20T02:00:06.411999Z,1.67,0.9,45.9346,-130.01958,1.348,242.4196643990779,4.362621817732072,0.941503163583883,3.9658945313151106,0.2
78776,passing_waveforms_data_mldd/waveforms/event_2015-04-20T02:00:29.446000Z.mseed,AXEC1,2015-04-20T02:00:29.446000Z,2015-04-20T02:00:29.446000Z,1.64,0.89,45.93484,-130.01954,1.351,242.78035258786633,4.5337394177295165,0.8685463990250377,7.17072180193226,0.1
78779,passing_waveforms_data_mldd/waveforms/event_2015-04-20T02:06:30.620000Z.mseed,AXEC1,2015-04-20T02:06:30.620000Z,2015-04-20T02:06:30.620000Z,0.98,0.51,45.94863,-129.99381,0.397,265.1961745900171,2.175422810079429,0.8081666122455647,8.955285273648288,0.1
78782,passing_waveforms_data_mldd/waveforms/event_2015-04-20T02:14:11.144999Z.mseed,AXEC1,2015-04-20T02:14:11.144999Z,2015-04-20T02:14:11.144999Z,1.49,1.24,45.94364,-130.01797,0.83,258.17405127167046,2.463468277679651,0.904543966156402,7.916981131079306,0.1
78783,passing_waveforms_data_mldd/waveforms/event_2015-04-20T02:18:09.449999Z.mseed,AXEC1,2015-04-20T02:18:09.449999Z,2015-04-20T02:18:09.449999Z,0.84,0.43,45.94845,-129.99263,0.488,263.56776631209027,3.17007026475057,0.9411528931633559,8.43337499025113,0.0
78784,passing_waveforms_data_mldd/waveforms/event_2015-04-20T02:29:50.884999Z.mseed,AXEC1,2015-04-20T02:29:50.884999Z,2015-04-20T02:29:50.884999Z,1.53,0.79,45.94093,-130.01145,0.446,249.38319172553994,3.137409054093066,0.8793437321861374,23.099442578434463,-0.0
78786,passing_waveforms_data_mldd/waveforms/event_2015-04-20T02:33:31.989999Z.mseed,AXEC1,2015-04-20T02:33:31.989999Z,2015-04-20T02:33:31.989999Z,0.79,0.43,45.94617,-129.99274,0.56,250.15917952034405,5.122736705124597,0.9936223794714415,1.1329462259236311,0.3
78787,passing_waveforms_data_mldd/waveforms/event_2015-04-20T02:34:02.303999Z.mseed,AXEC1,2015-04-20T02:34:02.303999Z,2015-04-20T02:34:02.303999Z,1.14,0.6,45.95045,-129.99667,0.301,274.9137077101158,3.660108964904027,0.9219000761025191,10.37158849627012,0.2
78788,passing_waveforms_data_mldd/waveforms/event_2015-04-20T02:34:31.135999Z.mseed,AXEC1,2015-04-20T02:34:31.135999Z,2015-04-20T02:34:31.135999Z,1.75,0.9,45.93451,-130.02006,1.364,242.56249952901047,3.310355703199236,0.9612164100004379,1.6841031589856152,0.3
78789,passing_waveforms_data_mldd/waveforms/event_2015-04-20T02:35:17.937000Z.mseed,AXEC1,2015-04-20T02:35:17.937000Z,2015-04-20T02:35:17.937000Z,1.28,0.64,45.96211,-129.9988,1.22,313.95675491413124,3.2443497755874833,0.9805819016691779,3.9286770897502823,0.2
78790,passing_waveforms_data_mldd/waveforms/event_2015-04-20T02:35:44.676999Z.mseed,AXEC1,2015-04-20T02:35:44.676999Z,2015-04-20T02:35:44.676999Z,0.9,0.43,45.95147,-129.99516,0.576,280.6503850672642,3.565160256482061,0.9337384841322754,6.228611093830921,0.1
78794,passing_waveforms_data_mldd/waveforms/event_2015-04-20T02:42:19.117999Z.mseed,AXEC1,2015-04-20T02:42:19.117999Z,2015-04-20T02:42:19.117999Z,1.71,0.82,45.9759,-130.00075,1.313,331.56118090407125,2.953071954494068,0.8933068562239193,6.455182972690975,0.2
78795,passing_waveforms_data_mldd/waveforms/event_2015-04-20T02:42:28.736999Z.mseed,AXEC1,2015-04-20T02:42:28.736999Z,2015-04-20T02:42:28.736999Z,0.81,0.39,45.94553,-129.99144,0.494,244.39464415540763,3.773784598844527,0.9448459547331435,2.5512075658299462,0.2
78797,passing_waveforms_data_mldd/waveforms/event_2015-04-20T02:47:40.896000Z.mseed,AXEC1,2015-04-20T02:47:40.896000Z,2015-04-20T02:47:40.896000Z,1.6,0.85,45.94582,-130.01041,0.212,260.76032154273156,3.5925356847190764,0.9534741363685967,5.1517411227980885,0.8
78798,passing_waveforms_data_mldd/waveforms/event_2015-04-20T02:47:54.351999Z.mseed,AXEC1,2015-04-20T02:47:54.351999Z,2015-04-20T02:47:54.351999Z,1.09,0.64,45.93445,-129.97765,1.568,175.30341619848406,3.152272696481402,0.9323327385149575,10.0631162741273,0.1
78799,passing_waveforms_data_mldd/waveforms/event_2015-04-20T02:48:02.630999Z.mseed,AXEC1,2015-04-20T02:48:02.630999Z,2015-04-20T02:48:02.630999Z,1.13,0.59,45.93454,-129.97765,1.563,175.27130045362037,2.7399725202516647,0.895115959094497,6.90752212157573,0.0
78800,passing_waveforms_data_mldd/waveforms/event_2015-04-20T02:48:25.254999Z.mseed,AXEC1,2015-04-20T02:48:25.254999Z,2015-04-20T02:48:25.254999Z,1.16,0.61,45.93174,-129.97748,0.179,175.74142672328503,2.4859864613560605,0.9540554009548937,3.5412075898769086,0.2
78801,passing_waveforms_data_mldd/waveforms/event_2015-04-20T02:48:29.571000Z.mseed,AXEC1,2015-04-20T02:48:29.571000Z,2015-04-20T02:48:29.571000Z,1.18,0.66,45.93427,-129.97782,1.565,175.80690323775087,2.6706780023969943,0.717465013199259,5.907404270173949,0.0
78803,passing_waveforms_data_mldd/waveforms/event_2015-04-20T02:48:48.238999Z.mseed,AXEC1,2015-04-20T02:48:48.238999Z,2015-04-20T02:48:48.238999Z,1.1,0.58,45.93449,-129.97781,1.581,175.709588699692,3.8094091750692716,0.9889821278663569,9.244473889019284,0.4
78804,passing_waveforms_data_mldd/waveforms/event_2015-04-20T02:48:54.481999Z.mseed,AXEC1,2015-04-20T02:48:54.481999Z,2015-04-20T02:48:54.481999Z,1.1,0.58,45.93436,-129.97788,1.591,175.93457092738714,3.492963940045813,0.9455248584868864,6.6831169294001205,0.1
78805,passing_waveforms_data_mldd/waveforms/event_2015-04-20T02:49:00.800000Z.mseed,AXEC1,2015-04-20T02:49:00.800000Z,2015-04-20T02:49:00.800000Z,1.11,0.58,45.93438,-129.97779,1.521,175.69333610366874,3.3356043600794187,0.9895886435714832,6.721255566576955,0.4
78806,passing_waveforms_data_mldd/waveforms/event_2015-04-20T02:49:10.045999Z.mseed,AXEC1,2015-04-20T02:49:10.045999Z,2015-04-20T02:49:10.045999Z,0.89,0.4,45.95459,-129.99041,0.149,304.5553889760878,2.5295299091114747,0.9518598390688381,3.2026831288789244,0.2
78807,passing_waveforms_data_mldd/waveforms/event_2015-04-20T02:49:16.080999Z.mseed,AXEC1,2015-04-20T02:49:16.080999Z,2015-04-20T02:49:16.080999Z,1.09,0.64,45.93415,-129.97775,1.571,175.66477846714588,4.391381380356875,0.9211502288344329,10.485006237016771,0.2
78809,passing_waveforms_data_mldd/waveforms/event_2015-04-20T02:49:36.076000Z.mseed,AXEC1,2015-04-20T02:49:36.076000Z,2015-04-20T02:49:36.076000Z,1.13,0.59,45.93417,-129.97755,1.582,175.1438475816244,4.840787243263946,0.9914596397703216,6.478033538232642,0.5
78810,passing_waveforms_data_mldd/waveforms/event_2015-04-20T02:49:41.628000Z.mseed,AXEC1,2015-04-20T02:49:41.628000Z,2015-04-20T02:49:41.628000Z,1.48,0.92,45.93217,-129.98503,0.068,192.7625023716439,2.1312758319095373,0.9150879939970743,8.10829213731531,0.2
78811,passing_waveforms_data_mldd/waveforms/event_2015-04-20T02:49:47.670999Z.mseed,AXEC1,2015-04-20T02:49:47.670999Z,2015-04-20T02:49:47.670999Z,1.08,0.54,45.93424,-129.97786,1.584,175.9199361015962,4.475019495012518,0.9437398887186463,9.715422058775532,0.6
78812,passing_waveforms_data_mldd/waveforms/event_2015-04-20T02:49:56.326000Z.mseed,AXEC1,2015-04-20T02:49:56.326000Z,2015-04-20T02:49:56.326000Z,1.1,0.58,45.93425,-129.97757,1.575,175.16668979836226,5.255927908057611,0.9930878161688764,8.252110158484692,1.5
78813,passing_waveforms_data_mldd/waveforms/event_2015-04-20T02:50:24.487999Z.mseed,AXEC1,2015-04-20T02:50:24.487999Z,2015-04-20T02:50:24.487999Z,1.11,0.59,45.93404,-129.97753,1.512,175.13908748725265,5.635503248362405,0.9888191409419615,5.047207719838932,0.8
78816,passing_waveforms_data_mldd/waveforms/event_2015-04-20T02:51:00.382000Z.mseed,AXEC1,2015-04-20T02:51:00.382000Z,2015-04-20T02:51:00.382000Z,1.15,0.26,45.93477,-129.9779,1.494,175.85680265185078,2.2302846037467052,0.9134230907421427,23.93913853849524,0.3
78817,passing_waveforms_data_mldd/waveforms/event_2015-04-20T02:51:08.250000Z.mseed,AXEC1,2015-04-20T02:51:08.250000Z,2015-04-20T02:51:08.250000Z,1.12,0.58,45.93501,-129.97736,1.551,174.31019343763262,2.0413278708097677,0.9700748049343774,6.0703410392675705,-0.0
78818,passing_waveforms_data_mldd/waveforms/event_2015-04-20T02:51:27.690000Z.mseed,AXEC1,2015-04-20T02:51:27.690000Z,2015-04-20T02:51:27.690000Z,1.15,0.6,45.93387,-129.97738,1.576,174.8209588724693,5.413502472610888,0.9874583801135246,4.23043144230034,0.3
78819,passing_waveforms_data_mldd/waveforms/event_2015-04-20T02:51:37.039999Z.mseed,AXEC1,2015-04-20T02:51:37.039999Z,2015-04-20T02:51:37.039999Z,1.51,0.82,45.94142,-130.0146,0.52,252.1875333484757,7.371519090428848,0.8964025502162647,2.0885291178800784,0.3
78820,passing_waveforms_data_mldd/waveforms/event_2015-04-20T02:51:50.701999Z.mseed,AXEC1,2015-04-20T02:51:50.701999Z,2015-04-20T02:51:50.701999Z,1.1,0.59,45.9344,-129.97755,1.487,175.06016608943867,3.495551755108047,0.9914371941006805,8.359211787848075,0.9
78825,passing_waveforms_data_mldd/waveforms/event_2015-04-20T02:53:47.909999Z.mseed,AXEC1,2015-04-20T02:53:47.909999Z,2015-04-20T02:53:47.909999Z,1.09,0.58,45.93503,-129.97799,1.518,176.01617779015538,2.5328418717721233,0.9835280454092339,4.711990549022181,0.8
78829,passing_waveforms_data_mldd/waveforms/event_2015-04-20T02:54:25.347000Z.mseed,AXEC1,2015-04-20T02:54:25.347000Z,2015-04-20T02:54:25.347000Z,1.04,0.52,45.93544,-129.97844,1.65,177.14633605633355,4.043767347823122,0.8710029510519224,1.6483074281176577,-0.0
78831,passing_waveforms_data_mldd/waveforms/event_2015-04-20T02:54:48.411999Z.mseed,AXEC1,2015-04-20T02:54:48.411999Z,2015-04-20T02:54:48.411999Z,1.73,0.93,45.93684,-130.02008,1.304,246.38399562044316,3.372396644218792,0.922335739109963,12.669013580420211,0.2
78834,passing_waveforms_data_mldd/waveforms/event_2015-04-20T02:55:25.115999Z.mseed,AXEC1,2015-04-20T02:55:25.115999Z,2015-04-20T02:55:25.115999Z,1.15,0.61,45.93507,-129.97751,1.581,174.6924123017323,2.5078130456810594,0.976339451705744,9.51444298272989,0.2
78835,passing_waveforms_data_mldd/waveforms/event_2015-04-20T02:55:34.021999Z.mseed,AXEC1,2015-04-20T02:55:34.021999Z,2015-04-20T02:55:34.021999Z,1.11,0.59,45.93453,-129.97778,1.499,175.6173119099326,2.3462914211690675,0.9763296005405304,4.779460865458002,-0.0
78836,passing_waveforms_data_mldd/waveforms/event_2015-04-20T02:55:57.031999Z.mseed,AXEC1,2015-04-20T02:55:57.031999Z,2015-04-20T02:55:57.031999Z,1.1,0.6,45.93458,-129.97799,1.489,176.15617660705772,2.6453097352070643,0.9278907772175411,4.715330419211189,0.1
78837,passing_waveforms_data_mldd/waveforms/event_2015-04-20T02:56:41.575000Z.mseed,AXEC1,2015-04-20T02:56:41.575000Z,2015-04-20T02:56:41.575000Z,1.05,0.55,45.93732,-129.97933,1.551,179.4978265665884,2.4780974009692835,0.9741460670553883,5.096783848588829,0.1
78839,passing_waveforms_data_mldd/waveforms/event_2015-04-20T02:56:48.487000Z.mseed,AXEC1,2015-04-20T02:56:48.487000Z,2015-04-20T02:56:48.487000Z,1.16,0.6,45.93368,-129.97821,1.435,176.96298538642532,2.156909612567553,0.9862028982722536,8.987860905771333,0.2
78840,passing_waveforms_data_mldd/waveforms/event_2015-04-20T02:56:59.634999Z.mseed,AXEC1,2015-04-20T02:56:59.634999Z,2015-04-20T02:56:59.634999Z,1.17,0.65,45.93355,-129.97756,1.464,175.3822938096987,2.024823548359469,0.9603967160335674,3.579518735486195,0.0
78841,passing_waveforms_data_mldd/waveforms/event_2015-04-20T02:57:16.114999Z.mseed,AXEC1,2015-04-20T02:57:16.114999Z,2015-04-20T02:57:16.114999Z,1.07,0.56,45.93501,-129.97788,1.532,175.72290222208818,3.441954269945816,0.9886003214681256,5.225671336001697,0.8
78842,passing_waveforms_data_mldd/waveforms/event_2015-04-20T02:57:50.530000Z.mseed,AXEC1,2015-04-20T02:57:50.530000Z,2015-04-20T02:57:50.530000Z,1.05,0.78,45.93527,-129.97805,1.505,176.1044388660759,2.5985286539289874,0.7939105031895515,12.372653830722898,0.1
78844,passing_waveforms_data_mldd/waveforms/event_2015-04-20T02:58:21.382000Z.mseed,AXEC1,2015-04-20T02:58:21.382000Z,2015-04-20T02:58:21.382000Z,1.56,0.79,45.94085,-130.01111,0.416,248.99247146777844,6.565435127171942,0.9702338020742194,1.6381606596060239,0.6
78845,passing_waveforms_data_mldd/waveforms/event_2015-04-20T02:58:35.706000Z.mseed,AXEC1,2015-04-20T02:58:35.706000Z,2015-04-20T02:58:35.706000Z,0.85,0.59,45.93498,-129.97808,1.49,176.2770434799143,2.6368827079630797,0.8927580926595039,17.88721531995228,0.1
78846,passing_waveforms_data_mldd/waveforms/event_2015-04-20T02:59:08.359999Z.mseed,AXEC1,2015-04-20T02:59:08.359999Z,2015-04-20T02:59:08.359999Z,1.14,0.57,45.93477,-129.97808,1.499,176.33955521228518,2.222455674841363,0.921941924340197,5.555353466774967,0.2
78848,passing_waveforms_data_mldd/waveforms/event_2015-04-20T02:59:57.270000Z.mseed,AXEC1,2015-04-20T02:59:57.270000Z,2015-04-20T02:59:57.270000Z,1.12,0.59,45.93443,-129.97777,1.52,175.6245214951814,3.2228687555780944,0.9570226487802909,4.412387028441052,0.1
78850,passing_waveforms_data_mldd/waveforms/event_2015-04-20T03:01:38.847000Z.mseed,AXEC1,2015-04-20T03:01:38.847000Z,2015-04-20T03:01:38.847000Z,1.08,0.53,45.93511,-129.978,1.494,176.01782598038483,3.4876072160821376,0.9817420914284382,6.805286830397032,0.9
78852,passing_waveforms_data_mldd/waveforms/event_2015-04-20T03:02:34.576999Z.mseed,AXEC1,2015-04-20T03:02:34.576999Z,2015-04-20T03:02:34.576999Z,1.1,0.56,45.93501,-129.97784,1.481,175.6139944307631,2.961418393033687,0.9094340578760346,4.634780944955118,0.3
78853,passing_waveforms_data_mldd/waveforms/event_2015-04-20T03:02:51.170000Z.mseed,AXEC1,2015-04-20T03:02:51.170000Z,2015-04-20T03:02:51.170000Z,0.96,0.57,45.93565,-129.97844,1.491,177.09285737777657,2.6825734855058205,0.8450207184625587,13.274515230557107,0.0
78854,passing_waveforms_data_mldd/waveforms/event_2015-04-20T03:03:02.857000Z.mseed,AXEC1,2015-04-20T03:03:02.857000Z,2015-04-20T03:03:02.857000Z,1.08,0.54,45.93491,-129.97774,1.486,175.37821896271947,3.3558923574456547,0.9161311453948975,3.415854147976156,0.4
78855,passing_waveforms_data_mldd/waveforms/event_2015-04-20T03:03:10.593000Z.mseed,AXEC1,2015-04-20T03:03:10.593000Z,2015-04-20T03:03:10.593000Z,0.93,0.55,45.93562,-129.97841,1.498,177.01503194536184,2.0196735382969857,0.9404588216661519,8.994859785664175,0.1
78857,passing_waveforms_data_mldd/waveforms/event_2015-04-20T03:03:45.590000Z.mseed,AXEC1,2015-04-20T03:03:45.590000Z,2015-04-20T03:03:45.590000Z,1.09,0.59,45.9354,-129.97842,1.466,177.10017738068672,2.665241401036775,0.9246546252275283,5.09120798093641,0.3
78858,passing_waveforms_data_mldd/waveforms/event_2015-04-20T03:04:08.384999Z.mseed,AXEC1,2015-04-20T03:04:08.384999Z,2015-04-20T03:04:08.384999Z,1.01,0.52,45.9354,-129.97837,1.496,176.95979247334571,3.7676029708717196,0.9928202147409629,5.762512471156588,0.8
78861,passing_waveforms_data_mldd/waveforms/event_2015-04-20T03:05:06.347999Z.mseed,AXEC1,2015-04-20T03:05:06.347999Z,2015-04-20T03:05:06.347999Z,1.04,0.56,45.93533,-129.9784,1.5,177.06194389905824,2.3185473379369386,0.985979195791053,5.768622120791239,0.4
78868,passing_waveforms_data_mldd/waveforms/event_2015-04-20T03:06:58.799999Z.mseed,AXEC1,2015-04-20T03:06:58.799999Z,2015-04-20T03:06:58.799999Z,1.06,0.57,45.93597,-129.9782,1.484,176.30676782629678,2.1092482076387418,0.8376681496258453,0.7490828571719375,0.1
78869,passing_waveforms_data_mldd/waveforms/event_2015-04-20T03:07:22.948000Z.mseed,AXEC1,2015-04-20T03:07:22.948000Z,2015-04-20T03:07:22.948000Z,1.06,0.56,45.93592,-129.97822,1.506,176.38099081582146,2.2524779911203936,0.9695807285263687,5.913200140241468,0.2
78870,passing_waveforms_data_mldd/waveforms/event_2015-04-20T03:08:36.448000Z.mseed,AXEC1,2015-04-20T03:08:36.448000Z,2015-04-20T03:08:36.448000Z,1.1,0.53,45.93496,-129.97795,1.492,175.9298801910088,2.375014023258148,0.8648203700189563,2.604188372341592,-0.0
78871,passing_waveforms_data_mldd/waveforms/event_2015-04-20T03:08:46.137999Z.mseed,AXEC1,2015-04-20T03:08:46.137999Z,2015-04-20T03:08:46.137999Z,1.04,0.55,45.93597,-129.97855,1.498,177.3300814825858,2.4686781273115384,0.9929623767999664,5.298222836352221,0.9
78872,passing_waveforms_data_mldd/waveforms/event_2015-04-20T03:09:02.589999Z.mseed,AXEC1,2015-04-20T03:09:02.589999Z,2015-04-20T03:09:02.589999Z,1.04,0.53,45.93496,-129.9786,1.456,177.6989518374611,2.901635729913025,0.990251913244746,6.798214191396347,1.0
78877,passing_waveforms_data_mldd/waveforms/event_2015-04-20T03:10:57.439999Z.mseed,AXEC1,2015-04-20T03:10:57.439999Z,2015-04-20T03:10:57.439999Z,1.06,0.55,45.93535,-129.97812,1.532,176.2741295913646,2.342676386366664,0.9875318320836187,5.002870626182903,1.0
78879,passing_waveforms_data_mldd/waveforms/event_2015-04-20T03:12:15.519999Z.mseed,AXEC1,2015-04-20T03:12:15.519999Z,2015-04-20T03:12:15.519999Z,1.08,0.57,45.9353,-129.97848,1.464,177.29268992545252,3.147267746870229,0.9595242556925508,14.553171126674316,0.3
78880,passing_waveforms_data_mldd/waveforms/event_2015-04-20T03:12:28.429999Z.mseed,AXEC1,2015-04-20T03:12:28.429999Z,2015-04-20T03:12:28.429999Z,1.07,0.57,45.935,-129.97785,1.481,175.64467143362293,4.855506579599457,0.9840273020917588,6.241410255697451,0.2
78881,passing_waveforms_data_mldd/waveforms/event_2015-04-20T03:12:53.631999Z.mseed,AXEC1,2015-04-20T03:12:53.631999Z,2015-04-20T03:12:53.631999Z,1.11,0.59,45.93488,-129.9777,1.509,175.28119206876198,2.4804438748062894,0.9135262414287105,11.679713965771617,0.1
78882,passing_waveforms_data_mldd/waveforms/event_2015-04-20T03:13:02.569999Z.mseed,AXEC1,2015-04-20T03:13:02.569999Z,2015-04-20T03:13:02.569999Z,1.09,0.59,45.93542,-129.97873,1.457,177.96761353705438,2.2035086191389883,0.9749527446906934,7.230580038039426,0.1
78885,passing_waveforms_data_mldd/waveforms/event_2015-04-20T03:13:30.512000Z.mseed,AXEC1,2015-04-20T03:13:30.512000Z,2015-04-20T03:13:30.512000Z,1.09,0.58,45.93497,-129.97831,1.486,176.90617420078377,2.131751276590394,0.9711082883112347,10.390071595169305,0.3
78888,passing_waveforms_data_mldd/waveforms/event_2015-04-20T03:14:23.629000Z.mseed,AXEC1,2015-04-20T03:14:23.629000Z,2015-04-20T03:14:23.629000Z,1.09,0.57,45.93513,-129.97796,1.614,175.90146410925246,4.15250085878375,0.9564876314381205,10.834229897104347,-0.0
78892,passing_waveforms_data_mldd/waveforms/event_2015-04-20T03:15:08.092000Z.mseed,AXEC1,2015-04-20T03:15:08.092000Z,2015-04-20T03:15:08.092000Z,1.12,0.65,45.93499,-129.97807,1.464,176.24678586377416,2.2066450034532075,0.8961278639639317,1.1725912780387153,0.4
78893,passing_waveforms_data_mldd/waveforms/event_2015-04-20T03:15:20.940000Z.mseed,AXEC1,2015-04-20T03:15:20.940000Z,2015-04-20T03:15:20.940000Z,1.05,0.54,45.93517,-129.97793,1.482,175.80556699399244,4.785092907207678,0.9843917199011886,7.171108592264124,1.0
78894,passing_waveforms_data_mldd/waveforms/event_2015-04-20T03:15:35.701000Z.mseed,AXEC1,2015-04-20T03:15:35.701000Z,2015-04-20T03:15:35.701000Z,1.14,0.18,45.93476,-129.97785,1.509,175.72616739553683,2.4206234349016547,0.7805158733904436,16.91970360325792,0.2
78896,passing_waveforms_data_mldd/waveforms/event_2015-04-20T03:16:40.750000Z.mseed,AXEC1,2015-04-20T03:16:40.750000Z,2015-04-20T03:16:40.750000Z,1.06,0.55,45.9361,-129.97839,1.492,176.82504349172262,2.3337277761024033,0.958164944534963,8.284503965010286,0.1
78898,passing_waveforms_data_mldd/waveforms/event_2015-04-20T03:18:20.397999Z.mseed,AXEC1,2015-04-20T03:18:20.397999Z,2015-04-20T03:18:20.397999Z,1.61,0.84,45.93606,-130.01978,1.244,244.9137015653053,11.461147262774656,0.9810381665107736,7.563924310941699,0.5
78899,passing_waveforms_data_mldd/waveforms/event_2015-04-20T03:19:32.450000Z.mseed,AXEC1,2015-04-20T03:19:32.450000Z,2015-04-20T03:19:32.450000Z,1.05,0.55,45.93607,-129.9784,1.498,176.86308551102758,3.151614994275873,0.9842273653733851,8.421660473359333,0.2
78904,passing_waveforms_data_mldd/waveforms/event_2015-04-20T03:22:36.820000Z.mseed,AXEC1,2015-04-20T03:22:36.820000Z,2015-04-20T03:22:36.820000Z,1.11,0.77,45.93482,-129.97775,1.482,175.43735552410203,2.490237810269625,0.7561391970316758,23.588670888424193,0.1
78907,passing_waveforms_data_mldd/waveforms/event_2015-04-20T03:24:50.490000Z.mseed,AXEC1,2015-04-20T03:24:50.490000Z,2015-04-20T03:24:50.490000Z,1.07,0.56,45.93494,-129.97848,1.475,177.37636215132352,2.4294123605605633,0.9868173962928863,7.946665934190229,0.9
78910,passing_waveforms_data_mldd/waveforms/event_2015-04-20T03:26:50.960000Z.mseed,AXEC1,2015-04-20T03:26:50.960000Z,2015-04-20T03:26:50.960000Z,1.1,0.59,45.93467,-129.97764,1.485,175.19766559389404,2.789350547367973,0.9845847136255158,6.730674136298753,0.4
78918,passing_waveforms_data_mldd/waveforms/event_2015-04-20T03:32:29.272999Z.mseed,AXEC1,2015-04-20T03:32:29.272999Z,2015-04-20T03:32:29.272999Z,1.08,0.58,45.9349,-129.97803,1.484,176.1657305690308,2.966170318398597,0.9680216045834132,5.770746536501399,0.2
78922,passing_waveforms_data_mldd/waveforms/event_2015-04-20T03:36:09.162000Z.mseed,AXEC1,2015-04-20T03:36:09.162000Z,2015-04-20T03:36:09.162000Z,0.93,0.48,45.95461,-129.98672,1.762,316.4765242383618,2.891332885313073,0.9737527480716391,4.332916016472135,0.3
78930,passing_waveforms_data_mldd/waveforms/event_2015-04-20T03:56:26.522999Z.mseed,AXEC1,2015-04-20T03:56:26.522999Z,2015-04-20T03:56:26.522999Z,1.16,0.65,45.93105,-129.97826,1.536,177.60014861553935,5.724377605807932,0.9619244324653098,5.308046960428115,0.9
78931,passing_waveforms_data_mldd/waveforms/event_2015-04-20T04:02:09.372999Z.mseed,AXEC1,2015-04-20T04:02:09.372999Z,2015-04-20T04:02:09.372999Z,1.71,1.41,45.9312,-130.01387,0.852,233.08447896109,2.7267963742065695,0.9061747870343492,6.467382159056359,0.0
78937,passing_waveforms_data_mldd/waveforms/event_2015-04-20T04:12:14.231999Z.mseed,AXEC1,2015-04-20T04:12:14.231999Z,2015-04-20T04:12:14.231999Z,1.5,0.74,45.94067,-130.01071,0.428,248.32990947665036,6.71350315121836,0.7506154367824965,7.457390022989184,-0.0
78938,passing_waveforms_data_mldd/waveforms/event_2015-04-20T04:13:29.910000Z.mseed,AXEC1,2015-04-20T04:13:29.910000Z,2015-04-20T04:13:29.910000Z,1.61,0.9,45.92614,-130.00218,0.788,214.49977449666878,4.07491525526032,0.9025559842516251,11.598626906456609,0.3
78940,passing_waveforms_data_mldd/waveforms/event_2015-04-20T04:21:54.862999Z.mseed,AXEC1,2015-04-20T04:21:54.862999Z,2015-04-20T04:21:54.862999Z,0.76,0.43,45.94682,-129.9928,0.815,253.90306415826026,4.8336182533960415,0.9756495876205066,8.921188453569386,0.0
78941,passing_waveforms_data_mldd/waveforms/event_2015-04-20T04:31:24.410000Z.mseed,AXEC1,2015-04-20T04:31:24.410000Z,2015-04-20T04:31:24.410000Z,1.03,0.53,45.94935,-129.99505,0.354,269.47914912693494,2.7505132482761265,0.9913284140315717,2.579149526859311,0.5
78942,passing_waveforms_data_mldd/waveforms/event_2015-04-20T04:33:20.730000Z.mseed,AXEC1,2015-04-20T04:33:20.730000Z,2015-04-20T04:33:20.730000Z,1.04,0.55,45.93637,-129.97904,1.486,178.7075853238792,3.273494356630451,0.9520717750344966,6.689472410281547,0.1
78943,passing_waveforms_data_mldd/waveforms/event_2015-04-20T04:34:17.070000Z.mseed,AXEC1,2015-04-20T04:34:17.070000Z,2015-04-20T04:34:17.070000Z,0.98,0.4,45.95626,-129.9957,0.918,301.6127691846408,3.8242102154762208,0.9725502852466328,5.504461038962496,0.1
78944,passing_waveforms_data_mldd/waveforms/event_2015-04-20T04:36:42.924999Z.mseed,AXEC1,2015-04-20T04:36:42.924999Z,2015-04-20T04:36:42.924999Z,0.95,0.48,45.95514,-129.98925,1.747,310.5583243766323,8.651986927827972,0.9749352942788593,3.3924410325486893,0.2
78948,passing_waveforms_data_mldd/waveforms/event_2015-04-20T04:43:45.823000Z.mseed,AXEC1,2015-04-20T04:43:45.823000Z,2015-04-20T04:43:45.823000Z,1.62,0.87,45.93599,-130.01942,1.198,244.59363355827142,7.884647175141937,0.831152623017602,8.206993158732107,0.3
78950,passing_waveforms_data_mldd/waveforms/event_2015-04-20T04:49:12.339999Z.mseed,AXEC1,2015-04-20T04:49:12.339999Z,2015-04-20T04:49:12.339999Z,1.07,0.48,45.95144,-129.99596,0.395,280.02313153827606,2.174962978210912,0.8932743947947029,4.596275290087435,0.2
78951,passing_waveforms_data_mldd/waveforms/event_2015-04-20T04:50:13.387000Z.mseed,AXEC1,2015-04-20T04:50:13.387000Z,2015-04-20T04:50:13.387000Z,1.1,0.59,45.93479,-129.97813,1.497,176.46806825035407,2.027077147601973,0.9107424217387234,16.363029787074034,0.3
78952,passing_waveforms_data_mldd/waveforms/event_2015-04-20T04:50:23.983000Z.mseed,AXEC1,2015-04-20T04:50:23.983000Z,2015-04-20T04:50:23.983000Z,1.1,0.59,45.93471,-129.97811,1.507,176.4372931334649,2.973528460565902,0.931947945011492,5.174859978830724,0.4
78953,passing_waveforms_data_mldd/waveforms/event_2015-04-20T05:04:37.064000Z.mseed,AXEC1,2015-04-20T05:04:37.064000Z,2015-04-20T05:04:37.064000Z,0.83,0.45,45.94802,-129.98719,1.791,254.08240536103997,7.249001098282469,0.97363197393093,3.7587619331611375,0.3
78955,passing_waveforms_data_mldd/waveforms/event_2015-04-20T06:17:09.122999Z.mseed,AXEC1,2015-04-20T06:17:09.122999Z,2015-04-20T06:17:09.122999Z,1.57,0.81,45.93883,-130.01984,1.119,249.71712330434877,4.78435419709958,0.721563539701539,23.242553242261746,0.6
78956,passing_waveforms_data_mldd/waveforms/event_2015-04-20T06:18:05.855999Z.mseed,AXEC1,2015-04-20T06:18:05.855999Z,2015-04-20T06:18:05.855999Z,1.3,0.67,45.96447,-129.99565,1.431,323.94608687630125,2.595294653259904,0.9859144544834468,2.2230513002834935,0.2
78957,passing_waveforms_data_mldd/waveforms/event_2015-04-20T06:26:22.675000Z.mseed,AXEC1,2015-04-20T06:26:22.675000Z,2015-04-20T06:26:22.675000Z,1.13,0.58,45.95766,-129.99684,0.798,304.7633425767672,3.1135018220614645,0.9723532718440923,4.38331607602645,0.3
78959,passing_waveforms_data_mldd/waveforms/event_2015-04-20T06:42:36.350999Z.mseed,AXEC1,2015-04-20T06:42:36.350999Z,2015-04-20T06:42:36.350999Z,0.79,0.39,45.94743,-129.99149,0.795,256.05806189128384,5.486711940085975,0.8822613063968663,1.2509920764194908,0.1
78960,passing_waveforms_data_mldd/waveforms/event_2015-04-20T06:46:29.760000Z.mseed,AXEC1,2015-04-20T06:46:29.760000Z,2015-04-20T06:46:29.760000Z,1.04,0.57,45.93626,-129.97865,1.409,177.55594992211218,2.209833887255188,0.9493236452860986,9.235765139240524,0.0
78962,passing_waveforms_data_mldd/waveforms/event_2015-04-20T06:56:34.871999Z.mseed,AXEC1,2015-04-20T06:56:34.871999Z,2015-04-20T06:56:34.871999Z,1.63,0.84,45.93454,-130.01958,1.21,242.32397183957542,6.778398137087561,0.9934124132391726,4.458672710928491,1.1
78966,passing_waveforms_data_mldd/waveforms/event_2015-04-20T07:12:28.949999Z.mseed,AXEC1,2015-04-20T07:12:28.949999Z,2015-04-20T07:12:28.949999Z,1.11,0.59,45.9345,-129.97786,1.473,175.83786782822938,2.1825101244786236,0.9777451687919821,10.683442930485699,0.4
78968,passing_waveforms_data_mldd/waveforms/event_2015-04-20T07:29:53.225999Z.mseed,AXEC1,2015-04-20T07:29:53.225999Z,2015-04-20T07:29:53.225999Z,1.65,0.86,45.94589,-130.00985,0.101,260.76390964374673,5.478562847709647,0.9723413722743983,3.815717017209486,1.7
78969,passing_waveforms_data_mldd/waveforms/event_2015-04-20T07:34:01.526000Z.mseed,AXEC1,2015-04-20T07:34:01.526000Z,2015-04-20T07:34:01.526000Z,1.63,0.85,45.935,-130.01918,1.221,242.82373128434355,5.696929408259843,0.9490564415287656,3.2332805865947982,0.3
78974,passing_waveforms_data_mldd/waveforms/event_2015-04-20T07:57:08.365999Z.mseed,AXEC1,2015-04-20T07:57:08.365999Z,2015-04-20T07:57:08.365999Z,1.66,0.85,45.94627,-130.01029,0.145,261.8979323749004,2.7145790539944072,0.9332486098254841,4.390102816246401,0.3
78975,passing_waveforms_data_mldd/waveforms/event_2015-04-20T07:59:19.893000Z.mseed,AXEC1,2015-04-20T07:59:19.893000Z,2015-04-20T07:59:19.893000Z,1.5,1.24,45.94236,-130.01244,0.432,253.1731558377979,3.109225537819613,0.8411125343645293,11.876349171549252,0.1
78976,passing_waveforms_data_mldd/waveforms/event_2015-04-20T08:01:35.628000Z.mseed,AXEC1,2015-04-20T08:01:35.628000Z,2015-04-20T08:01:35.628000Z,1.66,0.87,45.94676,-130.01473,0.361,264.13373951976916,2.6337469051674103,0.9290171748802728,3.722264990733503,0.3
78979,passing_waveforms_data_mldd/waveforms/event_2015-04-20T08:34:22.149000Z.mseed,AXEC1,2015-04-20T08:34:22.149000Z,2015-04-20T08:34:22.149000Z,1.02,0.52,45.95084,-129.99564,0.39,277.1751050199283,2.821458693010008,0.8924162499472061,20.803916813818947,0.2
78981,passing_waveforms_data_mldd/waveforms/event_2015-04-20T08:42:42.598999Z.mseed,AXEC1,2015-04-20T08:42:42.598999Z,2015-04-20T08:42:42.598999Z,1.65,0.85,45.94636,-130.00961,0.102,261.94171904095515,4.363923375663248,0.9652653887483175,1.805909542711986,0.6
78984,passing_waveforms_data_mldd/waveforms/event_2015-04-20T09:11:03.021999Z.mseed,AXEC1,2015-04-20T09:11:03.021999Z,2015-04-20T09:11:03.021999Z,1.21,0.63,45.96005,-129.99632,1.289,312.798140892447,2.022404599908487,0.7355871191247642,13.236624414496843,-0.0
78986,passing_waveforms_data_mldd/waveforms/event_2015-04-20T09:14:43.075000Z.mseed,AXEC1,2015-04-20T09:14:43.075000Z,2015-04-20T09:14:43.075000Z,1.03,0.52,45.94945,-129.99564,0.36,270.04004914502553,2.5888100824676563,0.8923846868763837,2.990317799656241,0.1
78987,passing_waveforms_data_mldd/waveforms/event_2015-04-20T09:14:52.405000Z.mseed,AXEC1,2015-04-20T09:14:52.405000Z,2015-04-20T09:14:52.405000Z,1.25,0.66,45.92853,-129.97873,1.357,178.86226863721822,3.1285371614977553,0.9819359373339392,13.139606857603267,0.0
78990,passing_waveforms_data_mldd/waveforms/event_2015-04-20T09:32:18.298999Z.mseed,AXEC1,2015-04-20T09:32:18.298999Z,2015-04-20T09:32:18.298999Z,1.07,0.56,45.93902,-129.98573,0.263,202.4265738587825,3.2137971814783475,0.8928336892193736,2.2611821397073624,0.0
78993,passing_waveforms_data_mldd/waveforms/event_2015-04-20T09:33:18.291000Z.mseed,AXEC1,2015-04-20T09:33:18.291000Z,2015-04-20T09:33:18.291000Z,1.54,0.78,45.94212,-130.01401,0.488,253.4052303401083,3.158325970159054,0.7351181715474058,9.956857012359649,0.0
78994,passing_waveforms_data_mldd/waveforms/event_2015-04-20T09:35:41.218000Z.mseed,AXEC1,2015-04-20T09:35:41.218000Z,2015-04-20T09:35:41.218000Z,1.6,0.83,45.94667,-130.01559,0.453,264.08715431448184,3.8470718800564176,0.852169549676819,11.447780978104335,0.1
78997,passing_waveforms_data_mldd/waveforms/event_2015-04-20T09:52:47.917000Z.mseed,AXEC1,2015-04-20T09:52:47.917000Z,2015-04-20T09:52:47.917000Z,0.95,0.43,45.95681,-129.99677,0.879,301.97777219000403,4.632871965188724,0.8745624286240192,7.390145983298995,0.1
78998,passing_waveforms_data_mldd/waveforms/event_2015-04-20T09:52:55.822000Z.mseed,AXEC1,2015-04-20T09:52:55.822000Z,2015-04-20T09:52:55.822000Z,1.03,0.52,45.95693,-129.99663,0.921,302.6090524968746,3.7555671994667468,0.9203696839349208,10.698497806760585,0.1
79000,passing_waveforms_data_mldd/waveforms/event_2015-04-20T10:09:51.713000Z.mseed,AXEC1,2015-04-20T10:09:51.713000Z,2015-04-20T10:09:51.713000Z,0.7,0.31,45.94622,-129.99007,0.459,245.79390689814562,3.544284426192031,0.9918183688183959,9.680823440443744,0.1
79001,passing_waveforms_data_mldd/waveforms/event_2015-04-20T10:17:23.388999Z.mseed,AXEC1,2015-04-20T10:17:23.388999Z,2015-04-20T10:17:23.388999Z,1.57,0.81,45.94027,-130.01834,0.763,251.66414171467827,7.951277983472899,0.9850915643945513,7.088151765858824,1.3
79002,passing_waveforms_data_mldd/waveforms/event_2015-04-20T10:18:13.582000Z.mseed,AXEC1,2015-04-20T10:18:13.582000Z,2015-04-20T10:18:13.582000Z,1.55,0.82,45.94088,-130.01388,0.496,250.67109047737225,5.52173572212143,0.7421002487786899,14.77201536691606,0.1
79004,passing_waveforms_data_mldd/waveforms/event_2015-04-20T10:25:27.333999Z.mseed,AXEC1,2015-04-20T10:25:27.333999Z,2015-04-20T10:25:27.333999Z,0.73,0.34,45.94881,-129.98724,1.219,262.37802016495596,3.540363387398659,0.9311375325354844,5.2827403502800845,-0.0
79007,passing_waveforms_data_mldd/waveforms/event_2015-04-20T10:38:40.499000Z.mseed,AXEC1,2015-04-20T10:38:40.499000Z,2015-04-20T10:38:40.499000Z,0.95,0.48,45.93814,-129.98891,1.242,210.02772348066543,4.118337592664211,0.9437407931087536,1.2607037286624276,-0.0
79008,passing_waveforms_data_mldd/waveforms/event_2015-04-20T10:44:39.503999Z.mseed,AXEC1,2015-04-20T10:44:39.503999Z,2015-04-20T10:44:39.503999Z,1.52,0.82,45.94032,-130.01935,0.847,252.20915114115616,8.808999552434818,0.9867716461459566,3.014285909053227,0.8
79011,passing_waveforms_data_mldd/waveforms/event_2015-04-20T11:06:09.718999Z.mseed,AXEC1,2015-04-20T11:06:09.718999Z,2015-04-20T11:06:09.718999Z,1.55,1.3,45.93634,-130.01962,1.303,245.2916802599096,3.6973022666028106,0.854233752589127,5.2136481681553635,-0.0
79013,passing_waveforms_data_mldd/waveforms/event_2015-04-20T11:07:53.250999Z.mseed,AXEC1,2015-04-20T11:07:53.250999Z,2015-04-20T11:07:53.250999Z,1.55,0.83,45.94121,-130.01339,0.482,251.11374211116907,4.409980332531493,0.751705662503565,21.768427159673436,0.0
79014,passing_waveforms_data_mldd/waveforms/event_2015-04-20T11:12:54.192999Z.mseed,AXEC1,2015-04-20T11:12:54.192999Z,2015-04-20T11:12:54.192999Z,1.23,0.63,45.96183,-129.99562,1.442,318.5196161210465,2.4482511720640048,0.9774460286961435,1.229643547275658,0.3
79018,passing_waveforms_data_mldd/waveforms/event_2015-04-20T11:40:41.682000Z.mseed,AXEC1,2015-04-20T11:40:41.682000Z,2015-04-20T11:40:41.682000Z,1.14,0.63,45.95766,-129.99769,1.158,303.489029295014,2.1002074430041926,0.9627950005227273,6.764680724903282,0.1
79020,passing_waveforms_data_mldd/waveforms/event_2015-04-20T11:49:40.113999Z.mseed,AXEC1,2015-04-20T11:49:40.113999Z,2015-04-20T11:49:40.113999Z,0.78,0.37,45.94603,-129.9906,0.495,245.68097405847675,6.6929150082862545,0.9936739994977938,4.483730566286472,0.1
79021,passing_waveforms_data_mldd/waveforms/event_2015-04-20T11:50:36.387000Z.mseed,AXEC1,2015-04-20T11:50:36.387000Z,2015-04-20T11:50:36.387000Z,1.15,0.52,45.95619,-129.99695,0.543,299.49315824739995,4.217425478824292,0.9821164794472945,3.4360656769777544,0.1
79022,passing_waveforms_data_mldd/waveforms/event_2015-04-20T11:51:06.219000Z.mseed,AXEC1,2015-04-20T11:51:06.219000Z,2015-04-20T11:51:06.219000Z,0.79,0.06,45.94598,-129.99065,0.5,245.47371588560415,5.403649935347171,0.9060759941063322,27.02353229839801,-0.0
79024,passing_waveforms_data_mldd/waveforms/event_2015-04-20T12:01:04.710000Z.mseed,AXEC1,2015-04-20T12:01:04.710000Z,2015-04-20T12:01:04.710000Z,0.85,0.41,45.9473,-129.99212,0.442,255.96478257787732,3.4996264075786527,0.9195343724227127,10.19244745208994,0.1
79025,passing_waveforms_data_mldd/waveforms/event_2015-04-20T12:02:27.021999Z.mseed,AXEC1,2015-04-20T12:02:27.021999Z,2015-04-20T12:02:27.021999Z,1.33,0.66,45.96482,-129.99679,1.552,322.68054322424575,2.4980126079819254,0.9669311880597068,2.60753375576461,0.0
79029,passing_waveforms_data_mldd/waveforms/event_2015-04-20T12:06:55.290999Z.mseed,AXEC1,2015-04-20T12:06:55.290999Z,2015-04-20T12:06:55.290999Z,0.73,0.32,45.94671,-129.99072,0.523,250.23527910948818,7.303426245651179,0.9382849886670566,12.678319383576193,-0.0
79034,passing_waveforms_data_mldd/waveforms/event_2015-04-20T12:12:58.555999Z.mseed,AXEC1,2015-04-20T12:12:58.555999Z,2015-04-20T12:12:58.555999Z,1.16,0.59,45.95826,-129.99646,2.141,307.30439514253305,5.657095654454697,0.8319364566511431,12.364416039282197,0.0
79035,passing_waveforms_data_mldd/waveforms/event_2015-04-20T12:13:38.340000Z.mseed,AXEC1,2015-04-20T12:13:38.340000Z,2015-04-20T12:13:38.340000Z,0.75,0.36,45.94586,-129.98967,0.48,242.5664393066864,7.675857435386488,0.9741278626132875,5.625559716409872,0.0
79037,passing_waveforms_data_mldd/waveforms/event_2015-04-20T12:19:36.718000Z.mseed,AXEC1,2015-04-20T12:19:36.718000Z,2015-04-20T12:19:36.718000Z,1.61,0.88,45.93912,-130.01967,1.133,250.1561091066059,4.745065930831334,0.7756785040940841,16.440588642579705,0.2
79047,passing_waveforms_data_mldd/waveforms/event_2015-04-20T12:35:17.705999Z.mseed,AXEC1,2015-04-20T12:35:17.705999Z,2015-04-20T12:35:17.705999Z,0.77,0.36,45.94373,-129.98764,0.457,224.1422435765388,5.086118769594829,0.9656193785137752,1.4815679624532179,-0.0
79049,passing_waveforms_data_mldd/waveforms/event_2015-04-20T12:37:43.097000Z.mseed,AXEC1,2015-04-20T12:37:43.097000Z,2015-04-20T12:37:43.097000Z,1.67,0.92,45.9468,-130.01812,0.566,264.79595029254347,2.648755971039402,0.9357434776159907,1.1972442499628801,0.2
79052,passing_waveforms_data_mldd/waveforms/event_2015-04-20T12:52:58.674999Z.mseed,AXEC1,2015-04-20T12:52:58.674999Z,2015-04-20T12:52:58.674999Z,0.98,0.49,45.95886,-129.97716,1.62,11.511590295789304,3.7234953729156155,0.8947299584055906,19.997785153573442,-0.0
79053,passing_waveforms_data_mldd/waveforms/event_2015-04-20T12:53:24.193999Z.mseed,AXEC1,2015-04-20T12:53:24.193999Z,2015-04-20T12:53:24.193999Z,0.78,0.34,45.94687,-129.99284,0.401,254.2383484814796,3.6622971991232793,0.991651889898727,9.005979692193517,0.2
79059,passing_waveforms_data_mldd/waveforms/event_2015-04-20T12:56:28.196000Z.mseed,AXEC1,2015-04-20T12:56:28.196000Z,2015-04-20T12:56:28.196000Z,1.0,0.55,45.94178,-129.99139,0.743,226.98299412419544,2.48796187998889,0.8615331558462991,8.481039958688765,0.2
79065,passing_waveforms_data_mldd/waveforms/event_2015-04-20T13:03:32.512000Z.mseed,AXEC1,2015-04-20T13:03:32.512000Z,2015-04-20T13:03:32.512000Z,0.75,0.36,45.94573,-129.98956,0.462,241.4700421250148,7.919121255462597,0.981291406378014,4.400888899154927,0.3
79066,passing_waveforms_data_mldd/waveforms/event_2015-04-20T13:04:15.449999Z.mseed,AXEC1,2015-04-20T13:04:15.449999Z,2015-04-20T13:04:15.449999Z,0.76,0.36,45.94561,-129.98953,0.461,240.63893174873672,5.939467668857632,0.9782985064378356,5.391269325036826,0.3
79071,passing_waveforms_data_mldd/waveforms/event_2015-04-20T13:07:02.950000Z.mseed,AXEC1,2015-04-20T13:07:02.950000Z,2015-04-20T13:07:02.950000Z,0.86,0.42,45.93899,-129.9794,1.499,179.5718285619834,3.8793359585396034,0.9375571174675239,8.70942585247952,0.1
79072,passing_waveforms_data_mldd/waveforms/event_2015-04-20T13:07:13.775000Z.mseed,AXEC1,2015-04-20T13:07:13.775000Z,2015-04-20T13:07:13.775000Z,0.97,0.51,45.93892,-129.9792,1.526,178.8297891489567,2.4861907821418225,0.9585927277207533,4.035040084728255,0.2
79073,passing_waveforms_data_mldd/waveforms/event_2015-04-20T13:11:32.329999Z.mseed,AXEC1,2015-04-20T13:11:32.329999Z,2015-04-20T13:11:32.329999Z,1.13,0.65,45.93349,-129.97707,1.482,174.19744501827307,4.318417483323417,0.9708384273225026,5.537328856546997,0.3
79074,passing_waveforms_data_mldd/waveforms/event_2015-04-20T13:12:48.070000Z.mseed,AXEC1,2015-04-20T13:12:48.070000Z,2015-04-20T13:12:48.070000Z,1.04,0.51,45.95972,-129.98759,1.903,332.21735618677894,2.7872585306869766,0.9836894784485496,9.449982732336608,0.0
79075,passing_waveforms_data_mldd/waveforms/event_2015-04-20T13:13:26.699999Z.mseed,AXEC1,2015-04-20T13:13:26.699999Z,2015-04-20T13:13:26.699999Z,1.66,0.92,45.93038,-130.01116,1.198,229.53732084587966,4.106303451699333,0.8195635846411222,14.516243841363922,0.2
79078,passing_waveforms_data_mldd/waveforms/event_2015-04-20T13:15:57.930999Z.mseed,AXEC1,2015-04-20T13:15:57.930999Z,2015-04-20T13:15:57.930999Z,0.98,0.49,45.95669,-129.98814,1.743,321.0828916833757,8.20578629254786,0.9769499193640787,7.644369896533765,0.1
79079,passing_waveforms_data_mldd/waveforms/event_2015-04-20T13:19:23.969999Z.mseed,AXEC1,2015-04-20T13:19:23.969999Z,2015-04-20T13:19:23.969999Z,0.8,0.34,45.94743,-129.99205,0.46,256.69581388364566,3.999653651618007,0.9701978094051484,4.142123856955571,0.0
79080,passing_waveforms_data_mldd/waveforms/event_2015-04-20T13:21:56.173000Z.mseed,AXEC1,2015-04-20T13:21:56.173000Z,2015-04-20T13:21:56.173000Z,0.96,0.49,45.95567,-129.98997,1.58,311.07716188174743,6.251164155160518,0.9308817475632135,9.55110564461021,0.1
79082,passing_waveforms_data_mldd/waveforms/event_2015-04-20T13:30:25.510000Z.mseed,AXEC1,2015-04-20T13:30:25.510000Z,2015-04-20T13:30:25.510000Z,0.96,0.49,45.93582,-129.97878,1.427,178.03314621135922,3.0530811678972407,0.9441308025467832,9.040404700639314,0.0
79084,passing_waveforms_data_mldd/waveforms/event_2015-04-20T13:37:54.576000Z.mseed,AXEC1,2015-04-20T13:37:54.576000Z,2015-04-20T13:37:54.576000Z,1.61,0.84,45.93661,-130.0197,1.181,245.79030224771202,9.109212835016342,0.9213255467468683,7.343109330813185,0.4
79087,passing_waveforms_data_mldd/waveforms/event_2015-04-20T13:59:17.234000Z.mseed,AXEC1,2015-04-20T13:59:17.234000Z,2015-04-20T13:59:17.234000Z,0.76,0.34,45.95051,-129.99105,0.858,277.40784901304335,2.1477805288544594,0.9470361543258062,17.899180613103894,0.1
79089,passing_waveforms_data_mldd/waveforms/event_2015-04-20T14:05:54.073000Z.mseed,AXEC1,2015-04-20T14:05:54.073000Z,2015-04-20T14:05:54.073000Z,0.89,0.39,45.94782,-129.99421,0.297,260.84519889591945,6.979538488564608,0.9607140560712856,12.225079295140166,0.1
79090,passing_waveforms_data_mldd/waveforms/event_2015-04-20T14:06:42.277999Z.mseed,AXEC1,2015-04-20T14:06:42.277999Z,2015-04-20T14:06:42.277999Z,0.83,0.4,45.95238,-129.98509,1.716,307.38242021633675,6.603942164170171,0.9869681895817906,6.247374233043243,0.5
79091,passing_waveforms_data_mldd/waveforms/event_2015-04-20T14:07:20.355000Z.mseed,AXEC1,2015-04-20T14:07:20.355000Z,2015-04-20T14:07:20.355000Z,0.85,0.41,45.95174,-129.98555,1.66,298.5999287248605,7.039213828368666,0.9923331212897286,6.96686126797472,0.8
79095,passing_waveforms_data_mldd/waveforms/event_2015-04-20T14:24:45.779000Z.mseed,AXEC1,2015-04-20T14:24:45.779000Z,2015-04-20T14:24:45.779000Z,0.72,0.32,45.94682,-129.99077,0.726,251.0405465602469,8.396594067344584,0.9911319848242979,7.944332240737658,0.0
79096,passing_waveforms_data_mldd/waveforms/event_2015-04-20T14:26:28.606000Z.mseed,AXEC1,2015-04-20T14:26:28.606000Z,2015-04-20T14:26:28.606000Z,0.8,0.37,45.94934,-129.99299,0.601,269.22597933292514,4.834109943099506,0.9912735405375996,4.430737387049298,0.1
79100,passing_waveforms_data_mldd/waveforms/event_2015-04-20T14:34:15.012000Z.mseed,AXEC1,2015-04-20T14:34:15.012000Z,2015-04-20T14:34:15.012000Z,1.58,0.82,45.93926,-130.0189,0.767,250.0429247813791,5.222726341617859,0.9816384241565221,9.7982744837492,1.0
79101,passing_waveforms_data_mldd/waveforms/event_2015-04-20T14:34:34.408999Z.mseed,AXEC1,2015-04-20T14:34:34.408999Z,2015-04-20T14:34:34.408999Z,0.91,0.45,45.93831,-129.9801,1.521,182.12263207788607,6.313192848707429,0.8940431714724588,10.341030069371666,0.1
79102,passing_waveforms_data_mldd/waveforms/event_2015-04-20T14:35:13.737999Z.mseed,AXEC1,2015-04-20T14:35:13.737999Z,2015-04-20T14:35:13.737999Z,0.93,0.48,45.9382,-129.98011,1.497,182.14403413786954,4.414780428707396,0.9584169369676583,7.62726492295162,0.2
79106,passing_waveforms_data_mldd/waveforms/event_2015-04-20T14:42:06.790000Z.mseed,AXEC1,2015-04-20T14:42:06.790000Z,2015-04-20T14:42:06.790000Z,1.58,0.87,45.92825,-130.00063,0.862,215.10740923811343,2.366635886573091,0.7562393522107269,14.785364150330158,0.7
79108,passing_waveforms_data_mldd/waveforms/event_2015-04-20T14:43:12.012999Z.mseed,AXEC1,2015-04-20T14:43:12.012999Z,2015-04-20T14:43:12.012999Z,0.86,0.41,45.94741,-129.99161,0.408,256.070263058485,2.1922742885593163,0.904657716669467,9.614495318457017,0.2
79111,passing_waveforms_data_mldd/waveforms/event_2015-04-20T14:51:03.541999Z.mseed,AXEC1,2015-04-20T14:51:03.541999Z,2015-04-20T14:51:03.541999Z,1.06,0.49,45.94966,-129.99642,0.247,271.1031796120217,5.767571506354917,0.9305689291366599,8.529242921142636,0.0
79115,passing_waveforms_data_mldd/waveforms/event_2015-04-20T14:57:02.152000Z.mseed,AXEC1,2015-04-20T14:57:02.152000Z,2015-04-20T14:57:02.152000Z,1.22,0.56,45.95616,-129.99734,0.486,298.84746333598537,2.193882208170155,0.9122379621265084,1.8147392343656297,0.3
79122,passing_waveforms_data_mldd/waveforms/event_2015-04-20T15:02:05.905000Z.mseed,AXEC1,2015-04-20T15:02:05.905000Z,2015-04-20T15:02:05.905000Z,0.72,0.32,45.94529,-129.9888,0.441,236.6565000401232,4.620975334248982,0.9930445679123329,3.9616359846286993,0.0
79124,passing_waveforms_data_mldd/waveforms/event_2015-04-20T15:05:13.269000Z.mseed,AXEC1,2015-04-20T15:05:13.269000Z,2015-04-20T15:05:13.269000Z,0.89,0.38,45.9475,-129.99324,0.264,258.28957430017726,7.347600961559842,0.8945737237113364,6.833780980059155,0.0
79133,passing_waveforms_data_mldd/waveforms/event_2015-04-20T15:11:37.171999Z.mseed,AXEC1,2015-04-20T15:11:37.171999Z,2015-04-20T15:11:37.171999Z,1.03,0.47,45.95048,-129.9967,0.339,275.0504758832403,5.413462625781878,0.8930349765342511,5.11204863695794,0.3
79134,passing_waveforms_data_mldd/waveforms/event_2015-04-20T15:14:30.948000Z.mseed,AXEC1,2015-04-20T15:14:30.948000Z,2015-04-20T15:14:30.948000Z,1.24,0.66,45.92855,-129.97855,1.304,178.5187267589307,3.2303313611696707,0.9556888439322082,6.318945687273253,0.0
79135,passing_waveforms_data_mldd/waveforms/event_2015-04-20T15:15:39.328000Z.mseed,AXEC1,2015-04-20T15:15:39.328000Z,2015-04-20T15:15:39.328000Z,1.53,0.88,45.93952,-130.01319,0.573,247.4199249107329,7.153318567629845,0.9449929574589855,11.287824101689115,0.4
79136,passing_waveforms_data_mldd/waveforms/event_2015-04-20T15:17:22.977000Z.mseed,AXEC1,2015-04-20T15:17:22.977000Z,2015-04-20T15:17:22.977000Z,1.15,0.54,45.96193,-129.99732,1.417,315.8511090794142,11.959234593882464,0.9965881885152434,6.791132090296691,0.9
79139,passing_waveforms_data_mldd/waveforms/event_2015-04-20T15:18:34.527000Z.mseed,AXEC1,2015-04-20T15:18:34.527000Z,2015-04-20T15:18:34.527000Z,0.92,0.45,45.95102,-129.99671,0.493,277.6300121020822,3.7649464156457286,0.9626522385247169,2.9935186025069767,0.1
79142,passing_waveforms_data_mldd/waveforms/event_2015-04-20T15:20:47.878000Z.mseed,AXEC1,2015-04-20T15:20:47.878000Z,2015-04-20T15:20:47.878000Z,0.96,0.5,45.93848,-129.97953,1.501,180.09189826736025,3.338786332096148,0.9694444957873689,11.216076362081491,0.1
79143,passing_waveforms_data_mldd/waveforms/event_2015-04-20T15:21:04.942999Z.mseed,AXEC1,2015-04-20T15:21:04.942999Z,2015-04-20T15:21:04.942999Z,1.47,0.76,45.94068,-130.02029,1.033,253.27031480363777,4.913640098769151,0.9533471989824287,8.978838875173015,0.5
79150,passing_waveforms_data_mldd/waveforms/event_2015-04-20T15:23:27.850999Z.mseed,AXEC1,2015-04-20T15:23:27.850999Z,2015-04-20T15:23:27.850999Z,0.97,0.51,45.94872,-129.99378,0.404,265.7050869833279,2.37820459359372,0.8973266027414447,6.843224871841599,0.1
79151,passing_waveforms_data_mldd/waveforms/event_2015-04-20T15:24:03.838000Z.mseed,AXEC1,2015-04-20T15:24:03.838000Z,2015-04-20T15:24:03.838000Z,1.19,0.53,45.9647,-129.99707,1.532,322.0070725722651,4.723554293670622,0.9866475798972351,8.23697462932578,0.3
79152,passing_waveforms_data_mldd/waveforms/event_2015-04-20T15:24:55.890000Z.mseed,AXEC1,2015-04-20T15:24:55.890000Z,2015-04-20T15:24:55.890000Z,1.22,0.56,45.94992,-129.99722,0.147,272.3040636360547,2.219548632508624,0.9631494366250574,4.848101537210065,0.2
79153,passing_waveforms_data_mldd/waveforms/event_2015-04-20T15:25:48.103000Z.mseed,AXEC1,2015-04-20T15:25:48.103000Z,2015-04-20T15:25:48.103000Z,1.26,0.6,45.96528,-129.99685,1.616,323.407676487786,6.246884526289577,0.9949084092309295,6.512845153978698,0.5
79154,passing_waveforms_data_mldd/waveforms/event_2015-04-20T15:27:24.064000Z.mseed,AXEC1,2015-04-20T15:27:24.064000Z,2015-04-20T15:27:24.064000Z,1.14,0.52,45.96353,-129.99544,1.556,322.50844166154013,5.155730849806085,0.9973755558359029,7.49157395189776,0.6
79161,passing_waveforms_data_mldd/waveforms/event_2015-04-20T15:29:22.033000Z.mseed,AXEC1,2015-04-20T15:29:22.033000Z,2015-04-20T15:29:22.033000Z,0.82,0.42,45.94461,-129.98207,1.57,199.10483162160483,3.339135326226228,0.9755778817379613,6.869371795990845,1.0
79164,passing_waveforms_data_mldd/waveforms/event_2015-04-20T15:29:55.509999Z.mseed,AXEC1,2015-04-20T15:29:55.509999Z,2015-04-20T15:29:55.509999Z,0.77,0.35,45.94865,-129.9818,1.736,238.2949303574313,6.775967334992128,0.9916380539001893,6.148117275018534,0.1
79165,passing_waveforms_data_mldd/waveforms/event_2015-04-20T15:30:53.646999Z.mseed,AXEC1,2015-04-20T15:30:53.646999Z,2015-04-20T15:30:53.646999Z,0.78,0.36,45.9467,-129.9909,0.368,250.4730759316607,4.416215497981396,0.9868643143417588,3.9947469927247012,0.1
79168,passing_waveforms_data_mldd/waveforms/event_2015-04-20T15:34:19.187000Z.mseed,AXEC1,2015-04-20T15:34:19.187000Z,2015-04-20T15:34:19.187000Z,0.86,0.43,45.94185,-129.9795,1.509,179.67001737747307,3.784676764780814,0.9689325643237044,6.100349975488606,0.5
79170,passing_waveforms_data_mldd/waveforms/event_2015-04-20T15:34:56.497999Z.mseed,AXEC1,2015-04-20T15:34:56.497999Z,2015-04-20T15:34:56.497999Z,1.28,0.62,45.96461,-129.99766,1.512,320.9019881554732,5.856814348870552,0.986249120414053,3.612661593962427,0.0
79171,passing_waveforms_data_mldd/waveforms/event_2015-04-20T15:35:21.355000Z.mseed,AXEC1,2015-04-20T15:35:21.355000Z,2015-04-20T15:35:21.355000Z,0.89,0.22,45.9495,-129.99735,0.077,270.33822410186633,2.076128852470204,0.732283599102985,14.002812370294931,-0.0
79173,passing_waveforms_data_mldd/waveforms/event_2015-04-20T15:37:36.409999Z.mseed,AXEC1,2015-04-20T15:37:36.409999Z,2015-04-20T15:37:36.409999Z,0.92,0.45,45.93809,-129.97877,1.557,177.4719334077758,4.203181678169205,0.9475506482207601,8.233133630387066,0.1
79174,passing_waveforms_data_mldd/waveforms/event_2015-04-20T15:37:46.866999Z.mseed,AXEC1,2015-04-20T15:37:46.866999Z,2015-04-20T15:37:46.866999Z,0.75,0.32,45.94658,-129.99242,0.52,252.02841821792873,3.320095820898664,0.987326507615811,6.48125498910759,0.1
79178,passing_waveforms_data_mldd/waveforms/event_2015-04-20T15:40:13.259000Z.mseed,AXEC1,2015-04-20T15:40:13.259000Z,2015-04-20T15:40:13.259000Z,1.35,0.83,45.93795,-130.01486,0.7,245.3492851908255,4.17769613729245,0.9384992524075229,15.589962263707127,0.3
79180,passing_waveforms_data_mldd/waveforms/event_2015-04-20T15:41:21.297999Z.mseed,AXEC1,2015-04-20T15:41:21.297999Z,2015-04-20T15:41:21.297999Z,0.8,0.36,45.94627,-129.99067,0.486,247.31755191020386,4.08884381880103,0.9831976124451913,7.535722635079727,0.0
79185,passing_waveforms_data_mldd/waveforms/event_2015-04-20T15:43:05.625000Z.mseed,AXEC1,2015-04-20T15:43:05.625000Z,2015-04-20T15:43:05.625000Z,1.58,0.83,45.94521,-130.01874,0.738,261.6020328590104,3.8921240451352492,0.7341648781903297,17.112897066172568,0.4
79191,passing_waveforms_data_mldd/waveforms/event_2015-04-20T15:44:50.780999Z.mseed,AXEC1,2015-04-20T15:44:50.780999Z,2015-04-20T15:44:50.780999Z,0.88,0.45,45.94089,-129.98114,1.507,187.29873749077922,4.20963709282184,0.9534389017481784,2.032657955517154,0.2
79195,passing_waveforms_data_mldd/waveforms/event_2015-04-20T15:46:29.207000Z.mseed,AXEC1,2015-04-20T15:46:29.207000Z,2015-04-20T15:46:29.207000Z,0.88,0.45,45.94049,-129.98102,1.509,186.48913137313644,3.9032026243906888,0.9511576336097606,0.8016784732252493,0.1
79196,passing_waveforms_data_mldd/waveforms/event_2015-04-20T15:47:01.308999Z.mseed,AXEC1,2015-04-20T15:47:01.308999Z,2015-04-20T15:47:01.308999Z,0.87,0.43,45.9427,-129.98098,1.498,188.09944753944586,2.3078117814844576,0.9758309692865373,9.991770822083508,0.1
79199,passing_waveforms_data_mldd/waveforms/event_2015-04-20T15:49:06.376999Z.mseed,AXEC1,2015-04-20T15:49:06.376999Z,2015-04-20T15:49:06.376999Z,0.86,0.41,45.95153,-129.98503,1.697,298.38258028870194,4.6013741607475716,0.9925710856520202,6.127727793535195,0.1
79200,passing_waveforms_data_mldd/waveforms/event_2015-04-20T15:49:37.689000Z.mseed,AXEC1,2015-04-20T15:49:37.689000Z,2015-04-20T15:49:37.689000Z,0.88,0.43,45.95427,-129.98579,1.669,318.53787816949523,5.727733345272659,0.9632148466740921,11.652966820315774,0.2
79202,passing_waveforms_data_mldd/waveforms/event_2015-04-20T15:50:17.390999Z.mseed,AXEC1,2015-04-20T15:50:17.390999Z,2015-04-20T15:50:17.390999Z,0.86,0.46,45.9412,-129.98081,1.507,185.9838948868204,5.008178268011006,0.9613272497358833,12.419105332134212,0.2
79203,passing_waveforms_data_mldd/waveforms/event_2015-04-20T15:52:22.368999Z.mseed,AXEC1,2015-04-20T15:52:22.368999Z,2015-04-20T15:52:22.368999Z,0.84,0.46,45.94132,-129.98111,1.478,187.4956213293326,5.959188402789552,0.9557021315858655,14.203513813342138,0.1
79204,passing_waveforms_data_mldd/waveforms/event_2015-04-20T15:52:35.018000Z.mseed,AXEC1,2015-04-20T15:52:35.018000Z,2015-04-20T15:52:35.018000Z,0.79,0.41,45.94632,-129.99079,1.08,247.85761216298826,4.126305871796861,0.9482886159102455,3.852802171054527,0.1
79205,passing_waveforms_data_mldd/waveforms/event_2015-04-20T15:52:49.027000Z.mseed,AXEC1,2015-04-20T15:52:49.027000Z,2015-04-20T15:52:49.027000Z,1.55,1.27,45.94278,-130.01979,1.014,257.05250567469636,2.6103786791077064,0.8141568560209141,16.653577092548847,0.2
79212,passing_waveforms_data_mldd/waveforms/event_2015-04-20T15:59:05.940000Z.mseed,AXEC1,2015-04-20T15:59:05.940000Z,2015-04-20T15:59:05.940000Z,1.65,1.17,45.93372,-130.01748,1.226,239.6812040327424,4.0477723093147775,0.8150554928819779,9.754883659114675,0.2
79213,passing_waveforms_data_mldd/waveforms/event_2015-04-20T15:59:28.364999Z.mseed,AXEC1,2015-04-20T15:59:28.364999Z,2015-04-20T15:59:28.364999Z,1.57,0.9,45.93695,-130.0155,0.739,243.89133234578043,5.7329705553101675,0.9467266838885326,7.509254557933293,0.2
79215,passing_waveforms_data_mldd/waveforms/event_2015-04-20T16:00:48.439999Z.mseed,AXEC1,2015-04-20T16:00:48.439999Z,2015-04-20T16:00:48.439999Z,0.74,0.33,45.94538,-129.98875,0.435,237.07235016292623,4.882498930909049,0.9889399910283472,3.1383319498061386,0.2
79219,passing_waveforms_data_mldd/waveforms/event_2015-04-20T16:03:01.709000Z.mseed,AXEC1,2015-04-20T16:03:01.709000Z,2015-04-20T16:03:01.709000Z,0.72,0.31,45.94363,-129.98764,0.452,223.65767133832182,8.35743375383202,0.9601911388386002,5.577032155929669,-0.0
79224,passing_waveforms_data_mldd/waveforms/event_2015-04-20T16:10:04.631999Z.mseed,AXEC1,2015-04-20T16:10:04.631999Z,2015-04-20T16:10:04.631999Z,0.73,0.33,45.94613,-129.99184,0.435,248.54315762216686,7.645851516276224,0.9563924732012298,7.055804975413444,0.1
79226,passing_waveforms_data_mldd/waveforms/event_2015-04-20T16:15:40.921999Z.mseed,AXEC1,2015-04-20T16:15:40.921999Z,2015-04-20T16:15:40.921999Z,1.49,0.76,45.94252,-130.01799,0.715,255.91265701288543,10.037644100694902,0.9970022232668103,3.7115456144609813,1.2
79230,passing_waveforms_data_mldd/waveforms/event_2015-04-20T16:23:23.062999Z.mseed,AXEC1,2015-04-20T16:23:23.062999Z,2015-04-20T16:23:23.062999Z,1.05,0.54,45.93427,-129.98051,0.934,182.8182259379576,2.089783288251355,0.9281781473001028,7.322547298891593,0.1
79235,passing_waveforms_data_mldd/waveforms/event_2015-04-20T16:29:06.113000Z.mseed,AXEC1,2015-04-20T16:29:06.113000Z,2015-04-20T16:29:06.113000Z,1.85,0.91,45.95467,-130.03112,1.235,278.7998438269993,2.115076596223641,0.9096656624861873,16.70563741515838,0.3
79236,passing_waveforms_data_mldd/waveforms/event_2015-04-20T16:29:41.042999Z.mseed,AXEC1,2015-04-20T16:29:41.042999Z,2015-04-20T16:29:41.042999Z,1.23,0.61,45.9635,-129.9943,1.523,324.52254000404366,4.443792801948648,0.9791196296538505,6.4620193157337384,0.1
79242,passing_waveforms_data_mldd/waveforms/event_2015-04-20T16:39:03.508000Z.mseed,AXEC1,2015-04-20T16:39:03.508000Z,2015-04-20T16:39:03.508000Z,0.88,0.51,45.94585,-129.99283,1.397,248.55076658674847,4.560456314636407,0.9849601691034362,1.5050130937043387,0.0
79249,passing_waveforms_data_mldd/waveforms/event_2015-04-20T16:43:45.689999Z.mseed,AXEC1,2015-04-20T16:43:45.689999Z,2015-04-20T16:43:45.689999Z,1.81,0.88,45.94678,-130.01292,0.09,263.82655138929044,2.081224947025129,0.8916352256125964,18.42066619089696,0.4
79252,passing_waveforms_data_mldd/waveforms/event_2015-04-20T16:44:39.232999Z.mseed,AXEC1,2015-04-20T16:44:39.232999Z,2015-04-20T16:44:39.232999Z,0.78,0.32,45.94623,-129.9912,0.499,248.04315459958744,4.035159573680688,0.961207674947014,13.732911852707385,-0.0
79253,passing_waveforms_data_mldd/waveforms/event_2015-04-20T16:45:00.795000Z.mseed,AXEC1,2015-04-20T16:45:00.795000Z,2015-04-20T16:45:00.795000Z,1.75,0.83,45.94671,-130.01312,0.101,263.69793392498457,2.0520300210567926,0.956837617931591,16.776935277844633,0.5
79254,passing_waveforms_data_mldd/waveforms/event_2015-04-20T16:45:34.706000Z.mseed,AXEC1,2015-04-20T16:45:34.706000Z,2015-04-20T16:45:34.706000Z,1.25,0.6,45.95,-129.99741,0.13,272.6577297660284,2.4658784673138507,0.9896798878923017,1.7443247119711558,0.4
79257,passing_waveforms_data_mldd/waveforms/event_2015-04-20T16:51:32.695999Z.mseed,AXEC1,2015-04-20T16:51:32.695999Z,2015-04-20T16:51:32.695999Z,0.84,0.4,45.94405,-129.9901,0.461,233.39184657607998,4.589513171735797,0.9550294237345257,6.896854976736276,0.1
79258,passing_waveforms_data_mldd/waveforms/event_2015-04-20T16:53:37.375000Z.mseed,AXEC1,2015-04-20T16:53:37.375000Z,2015-04-20T16:53:37.375000Z,1.66,-0.38,45.93035,-130.01287,1.057,230.990845987227,3.0760255066853786,0.9741550597415765,8.953505176457247,-0.0
79261,passing_waveforms_data_mldd/waveforms/event_2015-04-20T16:54:34.593000Z.mseed,AXEC1,2015-04-20T16:54:34.593000Z,2015-04-20T16:54:34.593000Z,0.82,0.42,45.94918,-129.98543,1.626,264.9913959086716,3.870812806582432,0.9460057446944298,2.877343862240296,0.0
79264,passing_waveforms_data_mldd/waveforms/event_2015-04-20T16:57:03.975000Z.mseed,AXEC1,2015-04-20T16:57:03.975000Z,2015-04-20T16:57:03.975000Z,0.87,0.48,45.943,-129.98681,1.604,217.71522206430612,6.657676218315579,0.9605399443736647,5.892555328354319,-0.0
79265,passing_waveforms_data_mldd/waveforms/event_2015-04-20T16:57:21.768999Z.mseed,AXEC1,2015-04-20T16:57:21.768999Z,2015-04-20T16:57:21.768999Z,0.83,0.39,45.94616,-129.99183,0.503,248.70104439683138,2.2812050889119018,0.9450765436695358,3.4056002690824236,0.2
79267,passing_waveforms_data_mldd/waveforms/event_2015-04-20T17:00:21.839999Z.mseed,AXEC1,2015-04-20T17:00:21.839999Z,2015-04-20T17:00:21.839999Z,1.57,0.86,45.9457,-130.01615,0.497,262.0411428595039,4.054626664296868,0.9454114263417703,9.190639247207955,0.3
79268,passing_waveforms_data_mldd/waveforms/event_2015-04-20T17:00:37.146000Z.mseed,AXEC1,2015-04-20T17:00:37.146000Z,2015-04-20T17:00:37.146000Z,0.91,0.44,45.95492,-129.98715,1.811,316.4869233709396,4.2985900912209765,0.8992367350918783,6.037009325300459,-0.0
79270,passing_waveforms_data_mldd/waveforms/event_2015-04-20T17:01:50.347999Z.mseed,AXEC1,2015-04-20T17:01:50.347999Z,2015-04-20T17:01:50.347999Z,0.85,0.4,45.94593,-129.99083,0.469,245.52923620727842,3.943147032044542,0.980208836135459,9.251654869055871,0.2
79271,passing_waveforms_data_mldd/waveforms/event_2015-04-20T17:02:37.857999Z.mseed,AXEC1,2015-04-20T17:02:37.857999Z,2015-04-20T17:02:37.857999Z,1.5,-0.28,45.94548,-130.01588,0.497,261.49005387258865,4.131484493776637,0.8030011583780219,12.233898016438747,0.1
79273,passing_waveforms_data_mldd/waveforms/event_2015-04-20T17:03:46.444000Z.mseed,AXEC1,2015-04-20T17:03:46.444000Z,2015-04-20T17:03:46.444000Z,0.87,0.42,45.94426,-129.99054,0.545,235.58053631143164,3.72497322245552,0.9531315975257248,2.8291070193674406,0.1
79275,passing_waveforms_data_mldd/waveforms/event_2015-04-20T17:05:14.564000Z.mseed,AXEC1,2015-04-20T17:05:14.564000Z,2015-04-20T17:05:14.564000Z,1.71,1.67,45.9252,-130.01468,1.064,225.74704230058833,2.309432363148545,0.8762090957782968,14.12140475072091,0.1
79280,passing_waveforms_data_mldd/waveforms/event_2015-04-20T17:07:45.301999Z.mseed,AXEC1,2015-04-20T17:07:45.301999Z,2015-04-20T17:07:45.301999Z,0.85,0.42,45.94594,-129.99085,0.469,245.62922335992351,4.55186700528755,0.9802210607493864,9.10682977871919,0.2
79284,passing_waveforms_data_mldd/waveforms/event_2015-04-20T17:11:26.839999Z.mseed,AXEC1,2015-04-20T17:11:26.839999Z,2015-04-20T17:11:26.839999Z,0.76,0.32,45.94436,-129.9899,0.54,234.44333689493908,4.671257596431291,0.9823009046306115,9.713230148087133,0.0
79286,passing_waveforms_data_mldd/waveforms/event_2015-04-20T17:12:16.760000Z.mseed,AXEC1,2015-04-20T17:12:16.760000Z,2015-04-20T17:12:16.760000Z,1.62,0.87,45.94432,-130.02017,0.858,260.16452352930713,2.2145043791854797,0.8511478653733072,15.408910099294365,0.2
79289,passing_waveforms_data_mldd/waveforms/event_2015-04-20T17:14:51.531999Z.mseed,AXEC1,2015-04-20T17:14:51.531999Z,2015-04-20T17:14:51.531999Z,0.94,0.46,45.94996,-129.99453,0.438,272.8132436759737,2.6186587984204133,0.9631715946909701,0.2857793651377543,0.1
79290,passing_waveforms_data_mldd/waveforms/event_2015-04-20T17:15:02.548000Z.mseed,AXEC1,2015-04-20T17:15:02.548000Z,2015-04-20T17:15:02.548000Z,0.94,0.45,45.95316,-129.99372,0.819,290.81563509514535,2.440198093843107,0.9498857958246479,4.7364499875096175,0.1
79298,passing_waveforms_data_mldd/waveforms/event_2015-04-20T17:26:00.918000Z.mseed,AXEC1,2015-04-20T17:26:00.918000Z,2015-04-20T17:26:00.918000Z,0.74,0.42,45.94727,-129.99127,1.216,254.73647771094878,4.0251495413730005,0.9541362901975737,8.166714526921115,0.0
79299,passing_waveforms_data_mldd/waveforms/event_2015-04-20T17:28:43.597000Z.mseed,AXEC1,2015-04-20T17:28:43.597000Z,2015-04-20T17:28:43.597000Z,1.9,0.96,45.95218,-130.02898,0.809,275.0473370194999,2.199747471365785,0.9238114859442749,11.90108314737378,0.5
79308,passing_waveforms_data_mldd/waveforms/event_2015-04-20T17:38:51.119999Z.mseed,AXEC1,2015-04-20T17:38:51.119999Z,2015-04-20T17:38:51.119999Z,1.39,0.86,45.93711,-130.01747,0.856,245.39180062925598,3.062182214281869,0.9657995168193126,16.151765935098474,0.4
79309,passing_waveforms_data_mldd/waveforms/event_2015-04-20T17:39:51.218000Z.mseed,AXEC1,2015-04-20T17:39:51.218000Z,2015-04-20T17:39:51.218000Z,0.81,0.4,45.94673,-129.99,1.331,249.07167031724487,4.698039942900659,0.9309053096180218,13.412550797422146,-0.0
79313,passing_waveforms_data_mldd/waveforms/event_2015-04-20T17:50:30.969000Z.mseed,AXEC1,2015-04-20T17:50:30.969000Z,2015-04-20T17:50:30.969000Z,1.56,0.85,45.94263,-130.01664,0.693,255.62384591382508,2.852019176039579,0.7879402490099537,5.635468138781759,0.2
79316,passing_waveforms_data_mldd/waveforms/event_2015-04-20T17:55:57.487999Z.mseed,AXEC1,2015-04-20T17:55:57.487999Z,2015-04-20T17:55:57.487999Z,1.94,1.0,45.95457,-130.03222,1.085,278.4797289029293,2.4562648306703636,0.940797616682594,2.8202067957124477,0.2
79318,passing_waveforms_data_mldd/waveforms/event_2015-04-20T18:00:50.210000Z.mseed,AXEC1,2015-04-20T18:00:50.210000Z,2015-04-20T18:00:50.210000Z,2.0,1.07,45.95472,-130.03244,1.262,278.6771305361018,2.1474709614037684,0.8064021252848766,15.44647873568402,1.2
79322,passing_waveforms_data_mldd/waveforms/event_2015-04-20T18:04:56.429999Z.mseed,AXEC1,2015-04-20T18:04:56.429999Z,2015-04-20T18:04:56.429999Z,1.86,0.93,45.953,-130.02999,0.933,276.2906732540706,2.1494705031983816,0.9648216888466926,8.49154347956561,1.1
79323,passing_waveforms_data_mldd/waveforms/event_2015-04-20T18:05:19.454000Z.mseed,AXEC1,2015-04-20T18:05:19.454000Z,2015-04-20T18:05:19.454000Z,0.75,0.3,45.94458,-129.99114,0.629,238.63969420420804,2.9943436221452497,0.7831025092357017,14.56649368536041,-0.0
79325,passing_waveforms_data_mldd/waveforms/event_2015-04-20T18:08:13.493999Z.mseed,AXEC1,2015-04-20T18:08:13.493999Z,2015-04-20T18:08:13.493999Z,0.79,0.4,45.94918,-129.97998,1.592,206.7301229185199,7.304664296797713,0.9849583401963495,2.6724765218911353,0.5
79326,passing_waveforms_data_mldd/waveforms/event_2015-04-20T18:08:58.417999Z.mseed,AXEC1,2015-04-20T18:08:58.417999Z,2015-04-20T18:08:58.417999Z,1.95,1.03,45.95409,-130.03195,1.042,277.7772006441156,2.147391061433125,0.892888091989035,3.4317087778415862,0.5
79327,passing_waveforms_data_mldd/waveforms/event_2015-04-20T18:10:25.480000Z.mseed,AXEC1,2015-04-20T18:10:25.480000Z,2015-04-20T18:10:25.480000Z,1.99,1.06,45.95502,-130.03243,1.162,279.13650047394003,2.1225724293114854,0.8189640643179176,10.431811879256314,0.5
79328,passing_waveforms_data_mldd/waveforms/event_2015-04-20T18:22:08.422000Z.mseed,AXEC1,2015-04-20T18:22:08.422000Z,2015-04-20T18:22:08.422000Z,1.14,0.5,45.9573,-129.99722,0.452,302.9925121315424,4.5135072031051315,0.9485204829548659,8.98184434827144,0.0
79331,passing_waveforms_data_mldd/waveforms/event_2015-04-20T18:33:46.551999Z.mseed,AXEC1,2015-04-20T18:33:46.551999Z,2015-04-20T18:33:46.551999Z,0.93,0.42,45.95388,-129.99573,0.608,291.74507823080455,2.317897477587871,0.9791122828584018,4.650844197989108,0.1
79334,passing_waveforms_data_mldd/waveforms/event_2015-04-20T18:39:08.320000Z.mseed,AXEC1,2015-04-20T18:39:08.320000Z,2015-04-20T18:39:08.320000Z,1.6,0.85,45.94589,-130.01656,0.466,262.5507336524221,2.9269073215191357,0.8422044108591212,9.074776884649557,0.1
79336,passing_waveforms_data_mldd/waveforms/event_2015-04-20T18:41:10.119999Z.mseed,AXEC1,2015-04-20T18:41:10.119999Z,2015-04-20T18:41:10.119999Z,0.88,0.38,45.94944,-129.99475,0.469,269.9455532283657,3.1544502315773872,0.9723288536618402,13.787460404072077,-0.0
79340,passing_waveforms_data_mldd/waveforms/event_2015-04-20T19:01:47.640000Z.mseed,AXEC1,2015-04-20T19:01:47.640000Z,2015-04-20T19:01:47.640000Z,1.5,0.82,45.94139,-130.01352,0.482,251.57258933296185,6.582781308363299,0.9378482096879861,10.816267055506279,0.3
79345,passing_waveforms_data_mldd/waveforms/event_2015-04-20T19:14:39.417999Z.mseed,AXEC1,2015-04-20T19:14:39.417999Z,2015-04-20T19:14:39.417999Z,0.76,0.34,45.95289,-129.98075,1.726,348.2276213955148,10.783952781000833,0.9964903671808254,6.069020584399325,0.5
79347,passing_waveforms_data_mldd/waveforms/event_2015-04-20T19:24:34.161999Z.mseed,AXEC1,2015-04-20T19:24:34.161999Z,2015-04-20T19:24:34.161999Z,0.9,0.42,45.95352,-129.99369,0.889,292.6957155688607,6.666579630831466,0.9628898315396262,5.068882759423429,0.0
79348,passing_waveforms_data_mldd/waveforms/event_2015-04-20T19:25:03.438000Z.mseed,AXEC1,2015-04-20T19:25:03.438000Z,2015-04-20T19:25:03.438000Z,1.51,0.69,45.97144,-129.99919,1.187,328.8377171298116,6.321497343870245,0.9954010621970646,4.701778445784598,0.4
79350,passing_waveforms_data_mldd/waveforms/event_2015-04-20T19:26:47.484000Z.mseed,AXEC1,2015-04-20T19:26:47.484000Z,2015-04-20T19:26:47.484000Z,1.61,0.84,45.94668,-130.01392,0.332,263.78974626515327,3.656204374030997,0.8291389682604368,6.621484315720489,0.1
79364,passing_waveforms_data_mldd/waveforms/event_2015-04-20T20:22:56.682000Z.mseed,AXEC1,2015-04-20T20:22:56.682000Z,2015-04-20T20:22:56.682000Z,0.81,0.45,45.94674,-129.98887,1.523,246.76742852334158,4.302717182476913,0.981335881037321,6.183012406412441,0.1
79365,passing_waveforms_data_mldd/waveforms/event_2015-04-20T20:31:20.675999Z.mseed,AXEC1,2015-04-20T20:31:20.675999Z,2015-04-20T20:31:20.675999Z,1.33,0.71,45.92538,-129.97525,1.425,173.3914424010356,3.2719414914169533,0.9564476162386742,9.003366217318618,0.1
79366,passing_waveforms_data_mldd/waveforms/event_2015-04-20T20:40:48.359999Z.mseed,AXEC1,2015-04-20T20:40:48.359999Z,2015-04-20T20:40:48.359999Z,1.59,0.82,45.94093,-130.01093,0.423,249.06044881908997,4.226447397612512,0.961934402489631,3.5346312435413285,0.3
79368,passing_waveforms_data_mldd/waveforms/event_2015-04-20T20:42:58.646999Z.mseed,AXEC1,2015-04-20T20:42:58.646999Z,2015-04-20T20:42:58.646999Z,1.22,0.65,45.9287,-129.98272,1.206,186.4673954182839,3.568352154064671,0.9633769791086683,5.795731828168535,0.0
79381,passing_waveforms_data_mldd/waveforms/event_2015-04-20T21:37:47.475999Z.mseed,AXEC1,2015-04-20T21:37:47.475999Z,2015-04-20T21:37:47.475999Z,0.87,0.41,45.953,-129.98787,1.471,301.675945458479,3.2788079515721287,0.9169558720303183,10.404152839311438,-0.0
79383,passing_waveforms_data_mldd/waveforms/event_2015-04-20T21:43:54.878000Z.mseed,AXEC1,2015-04-20T21:43:54.878000Z,2015-04-20T21:43:54.878000Z,0.79,0.4,45.94906,-129.98033,1.556,220.9062302230565,2.5434446374809863,0.9934799552690984,2.3521117305405927,0.4
79385,passing_waveforms_data_mldd/waveforms/event_2015-04-20T21:58:02.439999Z.mseed,AXEC1,2015-04-20T21:58:02.439999Z,2015-04-20T21:58:02.439999Z,0.92,0.5,45.93744,-129.98102,1.44,185.04242031079093,6.343590414414503,0.9440100706617557,4.94752663228142,-0.0
79388,passing_waveforms_data_mldd/waveforms/event_2015-04-20T22:13:25.009000Z.mseed,AXEC1,2015-04-20T22:13:25.009000Z,2015-04-20T22:13:25.009000Z,1.49,1.19,45.94333,-130.01574,0.592,256.75666913761023,3.1209228861047276,0.9070675507434193,3.582148039218088,0.0
79389,passing_waveforms_data_mldd/waveforms/event_2015-04-20T22:14:29.711999Z.mseed,AXEC1,2015-04-20T22:14:29.711999Z,2015-04-20T22:14:29.711999Z,1.29,0.62,45.96493,-129.99752,1.459,321.7139644725511,7.192750094601275,0.9847681531630041,6.17791844565014,0.7
79392,passing_waveforms_data_mldd/waveforms/event_2015-04-20T22:20:50.000000Z.mseed,AXEC1,2015-04-20T22:20:50.000000Z,2015-04-20T22:20:50.000000Z,1.48,-0.23,45.94233,-130.01498,0.523,254.3029517302608,4.286649395712099,0.7232334493631594,5.2258162883351025,0.0
79393,passing_waveforms_data_mldd/waveforms/event_2015-04-20T22:29:53.177999Z.mseed,AXEC1,2015-04-20T22:29:53.177999Z,2015-04-20T22:29:53.177999Z,1.01,0.58,45.93693,-129.97898,1.478,178.42996708922743,2.1826024851279335,0.8903003075553816,11.58675103864377,-0.0
79395,passing_waveforms_data_mldd/waveforms/event_2015-04-20T22:34:15.990000Z.mseed,AXEC1,2015-04-20T22:34:15.990000Z,2015-04-20T22:34:15.990000Z,1.28,0.65,45.92675,-129.97445,1.628,171.58708519013624,6.945962472053816,0.9579169015794187,8.380443407645203,0.2
79396,passing_waveforms_data_mldd/waveforms/event_2015-04-20T22:37:01.764999Z.mseed,AXEC1,2015-04-20T22:37:01.764999Z,2015-04-20T22:37:01.764999Z,1.45,0.86,45.92224,-129.97394,1.346,172.33947080342944,5.546091134250998,0.9559200226442207,5.21940038216755,0.2
79400,passing_waveforms_data_mldd/waveforms/event_2015-04-20T23:23:29.199999Z.mseed,AXEC1,2015-04-20T23:23:29.199999Z,2015-04-20T23:23:29.199999Z,1.36,0.78,45.93773,-130.0178,0.84,246.68914387634123,3.360426966900742,0.9116961546992619,12.880423792195733,0.5
79402,passing_waveforms_data_mldd/waveforms/event_2015-04-20T23:31:27.320000Z.mseed,AXEC1,2015-04-20T23:31:27.320000Z,2015-04-20T23:31:27.320000Z,0.85,0.37,45.9468,-129.99177,0.462,252.4364423571539,4.76733437397356,0.9662152422277286,11.852525185537859,0.0
79407,passing_waveforms_data_mldd/waveforms/event_2015-04-20T23:51:31.480000Z.mseed,AXEC1,2015-04-20T23:51:31.480000Z,2015-04-20T23:51:31.480000Z,1.57,0.82,45.94541,-130.01328,0.316,260.6223748820595,3.668455230104758,0.94678630359133,2.0786793644584933,0.3
79408,passing_waveforms_data_mldd/waveforms/event_2015-04-20T23:52:53.070000Z.mseed,AXEC1,2015-04-20T23:52:53.070000Z,2015-04-20T23:52:53.070000Z,0.81,0.4,45.95043,-129.98264,1.666,293.2178899837269,4.655247417951278,0.9882716355797434,2.767045701340009,0.1
79409,passing_waveforms_data_mldd/waveforms/event_2015-04-21T00:05:46.941000Z.mseed,AXEC1,2015-04-21T00:05:46.941000Z,2015-04-21T00:05:46.941000Z,1.67,0.89,45.94524,-130.0132,0.312,260.1953267660092,2.996569504181216,0.8936602284259784,12.288966434500017,0.7
79410,passing_waveforms_data_mldd/waveforms/event_2015-04-21T00:05:56.698000Z.mseed,AXEC1,2015-04-21T00:05:56.698000Z,2015-04-21T00:05:56.698000Z,1.58,0.97,45.94564,-130.01588,0.409,261.8442813191399,4.151306799964011,0.8088007117750295,5.305544681501289,0.2
79414,passing_waveforms_data_mldd/waveforms/event_2015-04-21T00:10:40.027000Z.mseed,AXEC1,2015-04-21T00:10:40.027000Z,2015-04-21T00:10:40.027000Z,1.35,0.67,45.96621,-129.9972,1.613,324.4341892476585,5.382740827867431,0.9763293483944944,4.881614818790789,1.0
79419,passing_waveforms_data_mldd/waveforms/event_2015-04-21T00:13:10.039999Z.mseed,AXEC1,2015-04-21T00:13:10.039999Z,2015-04-21T00:13:10.039999Z,1.28,0.69,45.92835,-129.97838,1.257,178.21965212466773,3.431299117489634,0.8663366984058585,5.62540812844191,0.2
79420,passing_waveforms_data_mldd/waveforms/event_2015-04-21T00:13:36.618000Z.mseed,AXEC1,2015-04-21T00:13:36.618000Z,2015-04-21T00:13:36.618000Z,1.63,0.88,45.94566,-130.01534,0.42,261.75680311792576,2.1361980306265558,0.776033368565101,18.01000949619342,0.1
79422,passing_waveforms_data_mldd/waveforms/event_2015-04-21T00:15:09.744999Z.mseed,AXEC1,2015-04-21T00:15:09.744999Z,2015-04-21T00:15:09.744999Z,1.49,0.76,45.94291,-130.01462,0.56,255.40395083203225,3.7901533654429906,0.760773983189618,20.59205778754468,0.0
79423,passing_waveforms_data_mldd/waveforms/event_2015-04-21T00:22:54.234000Z.mseed,AXEC1,2015-04-21T00:22:54.234000Z,2015-04-21T00:22:54.234000Z,1.6,0.83,45.93474,-130.01881,1.2,242.17696833838164,4.454984778775386,0.7664085883153804,8.697392025476676,0.1
79428,passing_waveforms_data_mldd/waveforms/event_2015-04-21T01:04:58.411000Z.mseed,AXEC1,2015-04-21T01:04:58.411000Z,2015-04-21T01:04:58.411000Z,1.68,0.85,45.97418,-129.99899,1.763,332.03858554893185,4.0312604086562205,0.9556835134733942,1.42512459854537,0.5
79429,passing_waveforms_data_mldd/waveforms/event_2015-04-21T01:06:58.945000Z.mseed,AXEC1,2015-04-21T01:06:58.945000Z,2015-04-21T01:06:58.945000Z,0.8,0.43,45.94606,-129.99123,0.738,247.07203309447647,4.628161379804457,0.9702385793950371,2.16183177885268,-0.0
79432,passing_waveforms_data_mldd/waveforms/event_2015-04-21T01:11:51.619999Z.mseed,AXEC1,2015-04-21T01:11:51.619999Z,2015-04-21T01:11:51.619999Z,0.9,0.43,45.94898,-129.99455,0.432,267.39452655786386,4.757906269732022,0.9511273639078013,10.955297614189783,0.2
79435,passing_waveforms_data_mldd/waveforms/event_2015-04-21T01:14:05.867000Z.mseed,AXEC1,2015-04-21T01:14:05.867000Z,2015-04-21T01:14:05.867000Z,0.8,0.42,45.94443,-129.99248,0.536,240.69517303927805,6.449932183269164,0.9491348239371181,10.958144781012418,-0.0
79439,passing_waveforms_data_mldd/waveforms/event_2015-04-21T01:23:34.521999Z.mseed,AXEC1,2015-04-21T01:23:34.521999Z,2015-04-21T01:23:34.521999Z,1.54,1.12,45.94035,-130.01156,0.471,248.16347071899432,4.668283603594188,0.7117152450754547,15.330777819958154,0.1
79448,passing_waveforms_data_mldd/waveforms/event_2015-04-21T01:54:46.691000Z.mseed,AXEC1,2015-04-21T01:54:46.691000Z,2015-04-21T01:54:46.691000Z,1.05,0.52,45.93733,-129.97993,1.567,181.45462347039756,2.9427385987619417,0.9860942538242973,6.243757260431343,0.2
79451,passing_waveforms_data_mldd/waveforms/event_2015-04-21T01:55:44.984000Z.mseed,AXEC1,2015-04-21T01:55:44.984000Z,2015-04-21T01:55:44.984000Z,1.56,0.8,45.94142,-130.01776,0.863,253.63385623043337,3.6930695331218817,0.7577231446600735,7.662565344476005,0.0
79452,passing_waveforms_data_mldd/waveforms/event_2015-04-21T02:02:09.614000Z.mseed,AXEC1,2015-04-21T02:02:09.614000Z,2015-04-21T02:02:09.614000Z,0.88,0.41,45.95201,-129.99411,0.819,284.30004983053834,4.036045406197454,0.9467617535707341,11.446884469991184,0.3
79453,passing_waveforms_data_mldd/waveforms/event_2015-04-21T02:02:17.163000Z.mseed,AXEC1,2015-04-21T02:02:17.163000Z,2015-04-21T02:02:17.163000Z,0.99,0.49,45.95705,-129.98876,1.798,320.47708935256793,6.688877148524336,0.9674380921972846,3.9873879895362125,0.7
79457,passing_waveforms_data_mldd/waveforms/event_2015-04-21T02:03:56.509999Z.mseed,AXEC1,2015-04-21T02:03:56.509999Z,2015-04-21T02:03:56.509999Z,1.02,0.53,45.93734,-129.97968,1.528,180.63877874753268,3.427048858233934,0.982379133576718,5.43720450302437,0.1
79458,passing_waveforms_data_mldd/waveforms/event_2015-04-21T02:06:22.140000Z.mseed,AXEC1,2015-04-21T02:06:22.140000Z,2015-04-21T02:06:22.140000Z,1.65,0.86,45.94753,-130.02219,0.756,266.7629299004301,4.185717110565729,0.9237251848609603,5.315392540099459,0.1
79459,passing_waveforms_data_mldd/waveforms/event_2015-04-21T02:09:44.143999Z.mseed,AXEC1,2015-04-21T02:09:44.143999Z,2015-04-21T02:09:44.143999Z,1.18,0.55,45.96282,-129.99763,1.458,317.34443941792597,10.357647224202228,0.9958030425698882,7.498018953323637,0.4
79462,passing_waveforms_data_mldd/waveforms/event_2015-04-21T02:17:10.298000Z.mseed,AXEC1,2015-04-21T02:17:10.298000Z,2015-04-21T02:17:10.298000Z,1.26,0.63,45.96303,-129.99773,1.516,317.6354546258342,5.782078306012053,0.9827732520381082,7.335184656834786,0.7
79463,passing_waveforms_data_mldd/waveforms/event_2015-04-21T02:19:06.243000Z.mseed,AXEC1,2015-04-21T02:19:06.243000Z,2015-04-21T02:19:06.243000Z,0.92,0.4,45.94946,-129.99534,0.402,270.0796045713306,4.15761255254959,0.9911171148264271,8.412207583358704,0.2
79464,passing_waveforms_data_mldd/waveforms/event_2015-04-21T02:22:06.538999Z.mseed,AXEC1,2015-04-21T02:22:06.538999Z,2015-04-21T02:22:06.538999Z,1.28,0.65,45.96338,-129.99754,1.492,318.67108879739453,5.4143028266022455,0.9616434864477985,8.782870823509505,0.8
79466,passing_waveforms_data_mldd/waveforms/event_2015-04-21T02:25:10.416000Z.mseed,AXEC1,2015-04-21T02:25:10.416000Z,2015-04-21T02:25:10.416000Z,0.76,0.36,45.94498,-129.99042,0.542,239.1111563008942,5.692236358306072,0.9860594904740583,0.5677895945948612,0.4
79467,passing_waveforms_data_mldd/waveforms/event_2015-04-21T02:25:27.638999Z.mseed,AXEC1,2015-04-21T02:25:27.638999Z,2015-04-21T02:25:27.638999Z,1.47,0.77,45.96765,-129.99777,1.631,325.81723816323563,2.488163367079044,0.9527211581360426,1.1401154674322773,0.5
79468,passing_waveforms_data_mldd/waveforms/event_2015-04-21T02:27:23.740999Z.mseed,AXEC1,2015-04-21T02:27:23.740999Z,2015-04-21T02:27:23.740999Z,0.78,0.36,45.94507,-129.99051,0.539,239.8255530432063,4.756383441548141,0.9845493424560854,2.2388801434161443,0.4
79470,passing_waveforms_data_mldd/waveforms/event_2015-04-21T02:31:11.054999Z.mseed,AXEC1,2015-04-21T02:31:11.054999Z,2015-04-21T02:31:11.054999Z,0.8,0.39,45.94687,-129.99175,0.507,252.83927348900312,3.987084667384031,0.8544313548927218,16.37991360885385,0.1
79475,passing_waveforms_data_mldd/waveforms/event_2015-04-21T02:41:13.401999Z.mseed,AXEC1,2015-04-21T02:41:13.401999Z,2015-04-21T02:41:13.401999Z,1.17,0.59,45.95905,-129.99712,1.233,308.6433037749116,3.9653689675141917,0.8942516007907959,7.410299190573198,0.1
79476,passing_waveforms_data_mldd/waveforms/event_2015-04-21T02:41:42.250000Z.mseed,AXEC1,2015-04-21T02:41:42.250000Z,2015-04-21T02:41:42.250000Z,0.86,0.35,45.94716,-129.99281,0.459,255.8869509753914,4.668688638080637,0.985190326824497,10.254580901364069,0.2
79478,passing_waveforms_data_mldd/waveforms/event_2015-04-21T02:45:46.938000Z.mseed,AXEC1,2015-04-21T02:45:46.938000Z,2015-04-21T02:45:46.938000Z,1.25,0.66,45.95775,-130.00538,0.835,295.23216769598497,2.7951491211142807,0.7086767283050949,16.166130333152218,0.0
79479,passing_waveforms_data_mldd/waveforms/event_2015-04-21T02:48:17.968000Z.mseed,AXEC1,2015-04-21T02:48:17.968000Z,2015-04-21T02:48:17.968000Z,1.01,0.51,45.95901,-129.99008,1.472,323.1921976103446,4.165385294378431,0.9452515861337591,9.294103991237694,0.1
79482,passing_waveforms_data_mldd/waveforms/event_2015-04-21T02:55:23.832000Z.mseed,AXEC1,2015-04-21T02:55:23.832000Z,2015-04-21T02:55:23.832000Z,0.92,0.41,45.94961,-129.99509,0.449,270.86981551630674,4.984108721730125,0.9652017353476019,6.387364015900021,0.1
79483,passing_waveforms_data_mldd/waveforms/event_2015-04-21T02:56:42.600999Z.mseed,AXEC1,2015-04-21T02:56:42.600999Z,2015-04-21T02:56:42.600999Z,1.18,0.54,45.95348,-129.99749,0.359,288.1577793750136,2.2124194452429453,0.9703516592843004,8.799903289653352,0.1
79487,passing_waveforms_data_mldd/waveforms/event_2015-04-21T02:59:27.707999Z.mseed,AXEC1,2015-04-21T02:59:27.707999Z,2015-04-21T02:59:27.707999Z,1.09,0.49,45.95983,-129.97166,0.512,29.384655602689158,2.508900108431618,0.9280305579950473,3.2675008623597743,0.0
79494,passing_waveforms_data_mldd/waveforms/event_2015-04-21T03:06:31.893000Z.mseed,AXEC1,2015-04-21T03:06:31.893000Z,2015-04-21T03:06:31.893000Z,0.82,0.4,45.94816,-129.99324,0.552,262.1590153177524,6.837581418465144,0.954731257561346,6.356636836976917,0.1
79495,passing_waveforms_data_mldd/waveforms/event_2015-04-21T03:11:55.091000Z.mseed,AXEC1,2015-04-21T03:11:55.091000Z,2015-04-21T03:11:55.091000Z,1.28,0.69,45.92822,-129.97647,1.362,174.6802867477909,2.5896487221825377,0.8142317757820715,8.233724001077405,0.1
79498,passing_waveforms_data_mldd/waveforms/event_2015-04-21T03:16:35.250000Z.mseed,AXEC1,2015-04-21T03:16:35.250000Z,2015-04-21T03:16:35.250000Z,1.14,0.58,45.95043,-129.99665,0.333,274.8222331592516,2.287924467524277,0.9713198288179091,2.3483240655188964,0.2
79499,passing_waveforms_data_mldd/waveforms/event_2015-04-21T03:19:29.870000Z.mseed,AXEC1,2015-04-21T03:19:29.870000Z,2015-04-21T03:19:29.870000Z,1.34,0.67,45.96621,-129.9971,1.626,324.59063679466425,5.897960562084029,0.9806084567575952,3.902231809244195,0.6
79500,passing_waveforms_data_mldd/waveforms/event_2015-04-21T03:22:02.258999Z.mseed,AXEC1,2015-04-21T03:22:02.258999Z,2015-04-21T03:22:02.258999Z,0.98,0.49,45.95015,-129.99466,0.585,273.83604469774025,2.6016567962424975,0.9457622960866957,7.5586152007914595,0.1
79502,passing_waveforms_data_mldd/waveforms/event_2015-04-21T03:34:12.532000Z.mseed,AXEC1,2015-04-21T03:34:12.532000Z,2015-04-21T03:34:12.532000Z,0.65,0.31,45.94906,-129.98845,0.936,265.8377604122756,5.708752921761905,0.9543068176380929,5.036522015527476,-0.0
79505,passing_waveforms_data_mldd/waveforms/event_2015-04-21T03:37:54.485999Z.mseed,AXEC1,2015-04-21T03:37:54.485999Z,2015-04-21T03:37:54.485999Z,1.3,0.63,45.96479,-129.99734,1.204,321.7416015152695,4.047344275257047,0.9499635096625919,4.463977760751392,0.1
79510,passing_waveforms_data_mldd/waveforms/event_2015-04-21T03:50:22.850999Z.mseed,AXEC1,2015-04-21T03:50:22.850999Z,2015-04-21T03:50:22.850999Z,0.88,0.44,45.9378,-129.98135,1.415,186.28567482906425,6.866570469059166,0.9284395960362322,3.1390399195709153,-0.0
79512,passing_waveforms_data_mldd/waveforms/event_2015-04-21T03:54:22.957000Z.mseed,AXEC1,2015-04-21T03:54:22.957000Z,2015-04-21T03:54:22.957000Z,0.85,0.43,45.94639,-129.98893,1.607,244.35150021842801,4.419897909434086,0.9553372975282373,13.292709205337973,0.1
79513,passing_waveforms_data_mldd/waveforms/event_2015-04-21T03:57:03.513999Z.mseed,AXEC1,2015-04-21T03:57:03.513999Z,2015-04-21T03:57:03.513999Z,0.9,0.44,45.9381,-129.9814,1.445,186.60287189932728,4.432626364415357,0.9934218486466864,7.09894426743527,0.1
79517,passing_waveforms_data_mldd/waveforms/event_2015-04-21T03:59:02.330000Z.mseed,AXEC1,2015-04-21T03:59:02.330000Z,2015-04-21T03:59:02.330000Z,0.97,0.51,45.93803,-129.9813,1.462,186.2246758154531,3.4816437627096954,0.9776262095072998,5.423495590988682,0.1
79518,passing_waveforms_data_mldd/waveforms/event_2015-04-21T03:59:17.542999Z.mseed,AXEC1,2015-04-21T03:59:17.542999Z,2015-04-21T03:59:17.542999Z,0.89,0.42,45.93814,-129.9814,1.43,186.62334678848288,3.569769140422908,0.9906306137283035,4.558693441915869,-0.0
79519,passing_waveforms_data_mldd/waveforms/event_2015-04-21T04:01:55.134999Z.mseed,AXEC1,2015-04-21T04:01:55.134999Z,2015-04-21T04:01:55.134999Z,0.96,0.5,45.93824,-129.98139,1.424,186.64028677089016,2.529348718941117,0.9804668696726894,4.650001203311052,0.1
79520,passing_waveforms_data_mldd/waveforms/event_2015-04-21T04:03:29.175000Z.mseed,AXEC1,2015-04-21T04:03:29.175000Z,2015-04-21T04:03:29.175000Z,1.25,0.67,45.92922,-129.97096,1.398,164.02808079216402,4.320809378613557,0.9603754951113754,5.5622423117281246,0.0
79521,passing_waveforms_data_mldd/waveforms/event_2015-04-21T04:04:03.988000Z.mseed,AXEC1,2015-04-21T04:04:03.988000Z,2015-04-21T04:04:03.988000Z,0.98,0.51,45.93809,-129.98139,1.451,186.56334838705266,2.22729283301798,0.974884465416372,3.98642363244835,0.2
79523,passing_waveforms_data_mldd/waveforms/event_2015-04-21T04:05:32.810000Z.mseed,AXEC1,2015-04-21T04:05:32.810000Z,2015-04-21T04:05:32.810000Z,0.89,0.44,45.93831,-129.98191,1.369,188.4947156891419,3.883384334003462,0.9658456420764289,4.633383983819836,-0.0
79526,passing_waveforms_data_mldd/waveforms/event_2015-04-21T04:08:33.100000Z.mseed,AXEC1,2015-04-21T04:08:33.100000Z,2015-04-21T04:08:33.100000Z,0.9,0.44,45.93817,-129.98141,1.473,186.6734548497974,6.096896674538133,0.9674833784554436,0.6623274746905644,0.1
79529,passing_waveforms_data_mldd/waveforms/event_2015-04-21T04:12:55.530000Z.mseed,AXEC1,2015-04-21T04:12:55.530000Z,2015-04-21T04:12:55.530000Z,1.02,0.56,45.93765,-129.98121,1.444,185.7507982501561,2.1240053485093187,0.9491712007254928,10.23762029255045,0.1
79538,passing_waveforms_data_mldd/waveforms/event_2015-04-21T04:22:47.886000Z.mseed,AXEC1,2015-04-21T04:22:47.886000Z,2015-04-21T04:22:47.886000Z,1.5,0.77,45.94271,-130.02005,0.905,257.0028422202,4.323284372344276,0.922002085198973,17.34034707228621,0.3
79549,passing_waveforms_data_mldd/waveforms/event_2015-04-21T04:35:52.012999Z.mseed,AXEC1,2015-04-21T04:35:52.012999Z,2015-04-21T04:35:52.012999Z,0.96,0.5,45.93837,-129.98152,1.434,187.16673086260437,2.4880051571520747,0.9794267386827263,4.770523941729512,0.2
79553,passing_waveforms_data_mldd/waveforms/event_2015-04-21T04:38:09.791000Z.mseed,AXEC1,2015-04-21T04:38:09.791000Z,2015-04-21T04:38:09.791000Z,0.94,0.52,45.93778,-129.98121,1.49,185.80609450405444,5.520945937353389,0.9363815602955319,10.126892921309304,0.0
79555,passing_waveforms_data_mldd/waveforms/event_2015-04-21T04:38:29.682999Z.mseed,AXEC1,2015-04-21T04:38:29.682999Z,2015-04-21T04:38:29.682999Z,1.0,0.52,45.93777,-129.98116,1.52,185.63384585313844,3.200933652534099,0.9875788255910142,5.622435804234352,0.9
79556,passing_waveforms_data_mldd/waveforms/event_2015-04-21T04:38:46.648000Z.mseed,AXEC1,2015-04-21T04:38:46.648000Z,2015-04-21T04:38:46.648000Z,0.95,0.48,45.9383,-129.98146,1.434,186.9169100831603,2.200483142196045,0.9870617904350668,3.565593756673082,0.1
79558,passing_waveforms_data_mldd/waveforms/event_2015-04-21T04:39:30.089999Z.mseed,AXEC1,2015-04-21T04:39:30.089999Z,2015-04-21T04:39:30.089999Z,1.01,0.54,45.93734,-129.98095,1.46,184.7797170485881,3.0680750299534356,0.9762814394004208,6.898385594611958,0.1
79560,passing_waveforms_data_mldd/waveforms/event_2015-04-21T04:39:45.557999Z.mseed,AXEC1,2015-04-21T04:39:45.557999Z,2015-04-21T04:39:45.557999Z,0.64,0.3,45.95047,-129.98877,0.941,278.71479214023805,5.7287421239016645,0.8717399034520371,12.552988648003074,-0.0
79571,passing_waveforms_data_mldd/waveforms/event_2015-04-21T04:44:56.343000Z.mseed,AXEC1,2015-04-21T04:44:56.343000Z,2015-04-21T04:44:56.343000Z,0.9,0.44,45.93819,-129.98141,1.468,186.68385869345002,6.054301358261493,0.9730604221136095,7.227348142199838,0.1
79573,passing_waveforms_data_mldd/waveforms/event_2015-04-21T04:46:24.439000Z.mseed,AXEC1,2015-04-21T04:46:24.439000Z,2015-04-21T04:46:24.439000Z,0.93,0.44,45.93752,-129.98116,1.407,185.53216207752968,7.064861010762817,0.9720737281143843,6.756531604890482,-0.0
79578,passing_waveforms_data_mldd/waveforms/event_2015-04-21T04:51:34.502000Z.mseed,AXEC1,2015-04-21T04:51:34.502000Z,2015-04-21T04:51:34.502000Z,1.87,1.48,45.931,-130.02232,2.028,238.71994327749638,2.330348990062766,0.8169232138032119,24.79413393862257,-0.0
79579,passing_waveforms_data_mldd/waveforms/event_2015-04-21T04:52:19.121999Z.mseed,AXEC1,2015-04-21T04:52:19.121999Z,2015-04-21T04:52:19.121999Z,1.57,0.84,45.93956,-130.01066,0.49,245.82746723512625,4.761067825365712,0.892864396654969,3.5396142556836527,0.2
79581,passing_waveforms_data_mldd/waveforms/event_2015-04-21T04:53:37.127000Z.mseed,AXEC1,2015-04-21T04:53:37.127000Z,2015-04-21T04:53:37.127000Z,1.61,0.84,45.94649,-130.0151,0.386,263.5844896298594,5.133479810669288,0.9297752800958943,13.656961774974452,0.3
79585,passing_waveforms_data_mldd/waveforms/event_2015-04-21T04:57:28.792000Z.mseed,AXEC1,2015-04-21T04:57:28.792000Z,2015-04-21T04:57:28.792000Z,0.95,0.49,45.93811,-129.98146,1.441,186.81479992997788,2.517016764736042,0.9859704631765719,7.451398662250159,0.0
79590,passing_waveforms_data_mldd/waveforms/event_2015-04-21T05:02:26.010000Z.mseed,AXEC1,2015-04-21T05:02:26.010000Z,2015-04-21T05:02:26.010000Z,0.98,0.51,45.93774,-129.98101,1.5,185.11832445667488,3.6915789775444257,0.9757862884878042,6.096528340131321,0.2
79595,passing_waveforms_data_mldd/waveforms/event_2015-04-21T05:11:19.477000Z.mseed,AXEC1,2015-04-21T05:11:19.477000Z,2015-04-21T05:11:19.477000Z,1.0,0.54,45.95221,-129.98792,1.679,295.3473763178888,2.7517090725576674,0.9497941835587848,10.978597539706596,0.1
79599,passing_waveforms_data_mldd/waveforms/event_2015-04-21T05:13:51.743999Z.mseed,AXEC1,2015-04-21T05:13:51.743999Z,2015-04-21T05:13:51.743999Z,0.83,0.39,45.94732,-129.99253,0.509,256.53678509781946,5.298462583257386,0.990221747243441,5.254997830297955,-0.0
79602,passing_waveforms_data_mldd/waveforms/event_2015-04-21T05:15:13.670999Z.mseed,AXEC1,2015-04-21T05:15:13.670999Z,2015-04-21T05:15:13.670999Z,1.09,0.58,45.95074,-130.00349,0.841,274.71130676795383,2.4712402955693697,0.9311679529627294,4.5112602868176745,0.0
79609,passing_waveforms_data_mldd/waveforms/event_2015-04-21T05:17:58.460000Z.mseed,AXEC1,2015-04-21T05:17:58.460000Z,2015-04-21T05:17:58.460000Z,0.81,0.4,45.94787,-129.99217,0.571,259.5871431843318,4.771399467361527,0.9627514008286728,6.838320214822073,0.0
79610,passing_waveforms_data_mldd/waveforms/event_2015-04-21T05:18:04.586999Z.mseed,AXEC1,2015-04-21T05:18:04.586999Z,2015-04-21T05:18:04.586999Z,0.95,0.45,45.95071,-129.9963,0.482,276.2838640903002,4.19051259454583,0.9856199624747009,4.664703991319147,0.2
79612,passing_waveforms_data_mldd/waveforms/event_2015-04-21T05:19:52.027000Z.mseed,AXEC1,2015-04-21T05:19:52.027000Z,2015-04-21T05:19:52.027000Z,0.9,0.46,45.95312,-129.99015,1.553,296.611382667001,5.562114914970507,0.8647349407204066,3.0398561460119846,-0.0
79619,passing_waveforms_data_mldd/waveforms/event_2015-04-21T05:20:51.828000Z.mseed,AXEC1,2015-04-21T05:20:51.828000Z,2015-04-21T05:20:51.828000Z,0.89,0.45,45.95219,-129.98774,1.646,295.6637916527888,5.771625038668455,0.9897600722591198,4.8321186484737435,0.2
79625,passing_waveforms_data_mldd/waveforms/event_2015-04-21T05:24:54.192000Z.mseed,AXEC1,2015-04-21T05:24:54.192000Z,2015-04-21T05:24:54.192000Z,0.8,0.39,45.95225,-129.9874,1.603,297.139344280543,6.829816115419842,0.9652310950382489,7.808855666586482,-0.0
79634,passing_waveforms_data_mldd/waveforms/event_2015-04-21T05:29:28.524000Z.mseed,AXEC1,2015-04-21T05:29:28.524000Z,2015-04-21T05:29:28.524000Z,0.9,0.45,45.9515,-129.98627,1.761,293.43788030256906,4.123060561613789,0.9578972010983149,4.999337206716755,0.1
79635,passing_waveforms_data_mldd/waveforms/event_2015-04-21T05:29:47.061999Z.mseed,AXEC1,2015-04-21T05:29:47.061999Z,2015-04-21T05:29:47.061999Z,0.83,0.41,45.94654,-129.99159,0.512,250.57941526078895,4.921528974127693,0.9824819122544135,4.56019344041768,0.0
79636,passing_waveforms_data_mldd/waveforms/event_2015-04-21T05:29:52.417999Z.mseed,AXEC1,2015-04-21T05:29:52.417999Z,2015-04-21T05:29:52.417999Z,1.53,1.29,45.94608,-130.01345,0.329,262.2604824955055,5.155268269097505,0.9866208247620292,9.621829105648535,0.3
79639,passing_waveforms_data_mldd/waveforms/event_2015-04-21T05:31:08.310000Z.mseed,AXEC1,2015-04-21T05:31:08.310000Z,2015-04-21T05:31:08.310000Z,0.8,0.34,45.95161,-129.98637,1.733,294.27888434984413,4.982297404562044,0.9983662906368604,8.40385572170346,0.9
79641,passing_waveforms_data_mldd/waveforms/event_2015-04-21T05:32:07.793000Z.mseed,AXEC1,2015-04-21T05:32:07.793000Z,2015-04-21T05:32:07.793000Z,0.82,0.4,45.94672,-129.99156,0.556,251.63850208322165,3.965568184310328,0.8205728185750072,5.823723708423414,-0.0
79643,passing_waveforms_data_mldd/waveforms/event_2015-04-21T05:33:27.932999Z.mseed,AXEC1,2015-04-21T05:33:27.932999Z,2015-04-21T05:33:27.932999Z,0.89,0.43,45.95089,-129.98716,1.604,284.8370851808273,2.9452854648894924,0.9725510300751695,3.926079007956382,0.2
79645,passing_waveforms_data_mldd/waveforms/event_2015-04-21T05:34:01.998000Z.mseed,AXEC1,2015-04-21T05:34:01.998000Z,2015-04-21T05:34:01.998000Z,0.88,0.41,45.94593,-129.99206,0.438,247.76411763136025,2.390003874250445,0.9875678745331526,4.794104642696383,0.3
79647,passing_waveforms_data_mldd/waveforms/event_2015-04-21T05:35:10.702000Z.mseed,AXEC1,2015-04-21T05:35:10.702000Z,2015-04-21T05:35:10.702000Z,1.06,0.63,45.93587,-129.98408,1.332,193.27035177279487,3.6278132387704263,0.9761189686452855,13.034221137123586,0.6
79648,passing_waveforms_data_mldd/waveforms/event_2015-04-21T05:35:14.884000Z.mseed,AXEC1,2015-04-21T05:35:14.884000Z,2015-04-21T05:35:14.884000Z,1.16,0.81,45.92566,-129.99257,1.165,201.2846478335452,4.740552955125228,0.9361938913336252,9.49840298347648,0.6
79653,passing_waveforms_data_mldd/waveforms/event_2015-04-21T05:42:32.799999Z.mseed,AXEC1,2015-04-21T05:42:32.799999Z,2015-04-21T05:42:32.799999Z,0.76,0.37,45.94685,-129.99143,0.563,252.25775219637407,6.523652572017971,0.867208621053389,6.98055166743257,0.1
79655,passing_waveforms_data_mldd/waveforms/event_2015-04-21T05:45:54.734000Z.mseed,AXEC1,2015-04-21T05:45:54.734000Z,2015-04-21T05:45:54.734000Z,1.55,0.89,45.94234,-130.01925,0.856,256.01473969018673,3.837509909529203,0.8790346019525713,12.091642309482165,0.0
79660,passing_waveforms_data_mldd/waveforms/event_2015-04-21T05:49:21.216999Z.mseed,AXEC1,2015-04-21T05:49:21.216999Z,2015-04-21T05:49:21.216999Z,0.75,0.34,45.94721,-129.99178,0.491,254.9998546944778,8.771887082491302,0.9821172435885104,6.542588581025719,-0.0
79661,passing_waveforms_data_mldd/waveforms/event_2015-04-21T05:50:41.509999Z.mseed,AXEC1,2015-04-21T05:50:41.509999Z,2015-04-21T05:50:41.509999Z,0.84,0.47,45.95098,-129.98625,2.117,287.7424909937367,4.843126911347676,0.9020820412796833,8.032208683261896,0.1
79665,passing_waveforms_data_mldd/waveforms/event_2015-04-21T05:54:08.352999Z.mseed,AXEC1,2015-04-21T05:54:08.352999Z,2015-04-21T05:54:08.352999Z,0.85,0.4,45.94703,-129.9919,0.456,254.02854274670116,3.860608964080562,0.982023426670563,6.378236168991882,-0.0
79667,passing_waveforms_data_mldd/waveforms/event_2015-04-21T05:56:29.050000Z.mseed,AXEC1,2015-04-21T05:56:29.050000Z,2015-04-21T05:56:29.050000Z,0.9,0.43,45.9466,-129.99144,0.444,250.71298584343828,2.7143900592164205,0.8630968621581183,14.175423471397322,0.0
79668,passing_waveforms_data_mldd/waveforms/event_2015-04-21T05:56:37.256000Z.mseed,AXEC1,2015-04-21T05:56:37.256000Z,2015-04-21T05:56:37.256000Z,0.91,0.44,45.94486,-129.99117,0.712,240.171782519254,4.317325429099914,0.9691431878073606,1.1465700962329963,-0.0
79670,passing_waveforms_data_mldd/waveforms/event_2015-04-21T05:58:31.330999Z.mseed,AXEC1,2015-04-21T05:58:31.330999Z,2015-04-21T05:58:31.330999Z,0.81,0.38,45.94652,-129.99119,0.487,249.81256679801783,5.073413091152584,0.7992833166854907,29.09776702559738,-0.0
79671,passing_waveforms_data_mldd/waveforms/event_2015-04-21T06:02:41.048999Z.mseed,AXEC1,2015-04-21T06:02:41.048999Z,2015-04-21T06:02:41.048999Z,1.09,0.62,45.93638,-129.97973,1.664,180.79494884614388,3.0705498638700908,0.945030819345726,5.627104445735076,0.1
79673,passing_waveforms_data_mldd/waveforms/event_2015-04-21T06:03:11.432999Z.mseed,AXEC1,2015-04-21T06:03:11.432999Z,2015-04-21T06:03:11.432999Z,0.75,0.36,45.94253,-129.98804,0.448,220.2381857157589,6.841711243843326,0.9270480769410373,4.2171794517887,-0.0
79679,passing_waveforms_data_mldd/waveforms/event_2015-04-21T06:05:21.117000Z.mseed,AXEC1,2015-04-21T06:05:21.117000Z,2015-04-21T06:05:21.117000Z,0.84,0.42,45.9426,-129.98344,1.449,201.20051410146274,4.638055676428273,0.9797356795529171,2.6634074544314257,0.8
79683,passing_waveforms_data_mldd/waveforms/event_2015-04-21T06:05:57.773000Z.mseed,AXEC1,2015-04-21T06:05:57.773000Z,2015-04-21T06:05:57.773000Z,0.79,0.4,45.94641,-129.99147,0.475,249.5972003074177,5.313741614652979,0.9760136483577291,5.931338912739825,0.1
79686,passing_waveforms_data_mldd/waveforms/event_2015-04-21T06:07:36.654000Z.mseed,AXEC1,2015-04-21T06:07:36.654000Z,2015-04-21T06:07:36.654000Z,1.04,0.54,45.93628,-129.98045,1.63,182.95725276913936,4.0070088130383255,0.9873727276971888,8.622973402487045,0.1
79691,passing_waveforms_data_mldd/waveforms/event_2015-04-21T06:14:42.514000Z.mseed,AXEC1,2015-04-21T06:14:42.514000Z,2015-04-21T06:14:42.514000Z,0.79,0.34,45.94583,-129.99103,0.474,245.32536301447823,5.426939096573978,0.9918215280977798,5.665967011521635,0.3
79692,passing_waveforms_data_mldd/waveforms/event_2015-04-21T06:15:53.948999Z.mseed,AXEC1,2015-04-21T06:15:53.948999Z,2015-04-21T06:15:53.948999Z,1.58,0.84,45.93853,-130.02092,0.827,249.69887483617111,2.2899402502714725,0.7471875690641434,20.408635938100264,0.1
79695,passing_waveforms_data_mldd/waveforms/event_2015-04-21T06:25:33.851999Z.mseed,AXEC1,2015-04-21T06:25:33.851999Z,2015-04-21T06:25:33.851999Z,1.63,0.8,45.93841,-130.02163,1.221,249.8192840798784,2.0424323351844365,0.8218199138860498,9.479722944676592,0.2
79698,passing_waveforms_data_mldd/waveforms/event_2015-04-21T06:35:43.162999Z.mseed,AXEC1,2015-04-21T06:35:43.162999Z,2015-04-21T06:35:43.162999Z,0.97,0.46,45.94608,-129.99694,0.705,254.48377062352137,3.3489389477312237,0.9862200751403271,3.0867727932159865,0.2
79706,passing_waveforms_data_mldd/waveforms/event_2015-04-21T07:05:19.643000Z.mseed,AXEC1,2015-04-21T07:05:19.643000Z,2015-04-21T07:05:19.643000Z,1.55,0.78,45.94615,-130.01319,0.32,262.3636791707829,4.809209904577898,0.8954668344775114,13.977197948016851,0.1
79710,passing_waveforms_data_mldd/waveforms/event_2015-04-21T07:42:41.026000Z.mseed,AXEC1,2015-04-21T07:42:41.026000Z,2015-04-21T07:42:41.026000Z,1.55,0.76,45.94644,-130.00932,0.088,262.07377388471,4.690945120689779,0.9727596814422335,3.182213642643157,0.1
79711,passing_waveforms_data_mldd/waveforms/event_2015-04-21T07:47:27.641999Z.mseed,AXEC1,2015-04-21T07:47:27.641999Z,2015-04-21T07:47:27.641999Z,1.21,0.68,45.92796,-129.98011,1.163,181.4622266963716,4.693467566745564,0.8875731456143067,21.493780838310695,0.0
79714,passing_waveforms_data_mldd/waveforms/event_2015-04-21T08:29:10.185000Z.mseed,AXEC1,2015-04-21T08:29:10.185000Z,2015-04-21T08:29:10.185000Z,1.66,0.87,45.94588,-130.01239,0.23,261.4997979734419,5.562124301737111,0.9551622656262397,3.379960812045541,0.8
79715,passing_waveforms_data_mldd/waveforms/event_2015-04-21T08:30:34.518000Z.mseed,AXEC1,2015-04-21T08:30:34.518000Z,2015-04-21T08:30:34.518000Z,1.61,0.83,45.93863,-130.02097,1.147,249.89577835869065,5.857973407521779,0.9842514574154559,4.102082494232322,0.9
79716,passing_waveforms_data_mldd/waveforms/event_2015-04-21T08:30:52.307999Z.mseed,AXEC1,2015-04-21T08:30:52.307999Z,2015-04-21T08:30:52.307999Z,1.61,0.84,45.94103,-130.0112,0.424,249.4552647648907,2.2036013129076655,0.8776135238861411,5.3019360289493065,0.4
79719,passing_waveforms_data_mldd/waveforms/event_2015-04-21T08:35:38.548999Z.mseed,AXEC1,2015-04-21T08:35:38.548999Z,2015-04-21T08:35:38.548999Z,1.14,0.57,45.95835,-129.99698,0.852,306.7512259468291,3.441838752765523,0.9293527589692878,8.840078517121487,-0.0
79721,passing_waveforms_data_mldd/waveforms/event_2015-04-21T08:38:23.701000Z.mseed,AXEC1,2015-04-21T08:38:23.701000Z,2015-04-21T08:38:23.701000Z,1.09,0.5,45.95205,-129.99761,0.347,281.8944181961974,5.4822724184308225,0.9908461704289155,8.765812103175636,0.2
79722,passing_waveforms_data_mldd/waveforms/event_2015-04-21T08:38:49.784999Z.mseed,AXEC1,2015-04-21T08:38:49.784999Z,2015-04-21T08:38:49.784999Z,1.1,0.55,45.95621,-129.9972,0.667,299.21923646876735,4.4471584252752,0.9494728324720291,4.046007836787571,0.1
79724,passing_waveforms_data_mldd/waveforms/event_2015-04-21T08:49:48.207000Z.mseed,AXEC1,2015-04-21T08:49:48.207000Z,2015-04-21T08:49:48.207000Z,1.5,0.79,45.9419,-130.02012,1.023,255.48272196320198,4.509090635154795,0.8904088296869,8.577935637223636,0.1
79727,passing_waveforms_data_mldd/waveforms/event_2015-04-21T09:08:08.000000Z.mseed,AXEC1,2015-04-21T09:08:08.000000Z,2015-04-21T09:08:08.000000Z,1.45,0.7,45.96967,-129.99789,1.609,328.43963933685103,8.385308519050046,0.9823298305118142,5.28020077237428,0.6
79729,passing_waveforms_data_mldd/waveforms/event_2015-04-21T09:16:01.778000Z.mseed,AXEC1,2015-04-21T09:16:01.778000Z,2015-04-21T09:16:01.778000Z,0.98,0.51,45.93787,-129.98149,1.416,186.79178368796528,2.6015910456309896,0.9874533514713779,6.294230096907152,0.2
79730,passing_waveforms_data_mldd/waveforms/event_2015-04-21T09:19:59.420999Z.mseed,AXEC1,2015-04-21T09:19:59.420999Z,2015-04-21T09:19:59.420999Z,1.46,0.91,45.94135,-130.01597,0.619,252.69914203122107,4.7615284224243855,0.9063916127567064,10.624411321862139,0.1
79734,passing_waveforms_data_mldd/waveforms/event_2015-04-21T09:42:09.810000Z.mseed,AXEC1,2015-04-21T09:42:09.810000Z,2015-04-21T09:42:09.810000Z,0.93,0.47,45.93727,-129.98123,1.424,185.6602799298954,4.208271978591985,0.9553713478191769,11.128514540618955,-0.0
79735,passing_waveforms_data_mldd/waveforms/event_2015-04-21T09:48:53.203000Z.mseed,AXEC1,2015-04-21T09:48:53.203000Z,2015-04-21T09:48:53.203000Z,1.56,0.82,45.9431,-130.0241,1.25,258.90354554797614,4.3572619161670785,0.9959552716068305,8.45416577046767,1.3
79736,passing_waveforms_data_mldd/waveforms/event_2015-04-21T09:49:23.591999Z.mseed,AXEC1,2015-04-21T09:49:23.591999Z,2015-04-21T09:49:23.591999Z,1.57,0.81,45.94252,-130.0229,1.265,257.53483277423504,4.740370294386766,0.9930729508671979,8.157038355304083,1.5
79737,passing_waveforms_data_mldd/waveforms/event_2015-04-21T09:49:38.279000Z.mseed,AXEC1,2015-04-21T09:49:38.279000Z,2015-04-21T09:49:38.279000Z,1.49,0.75,45.94282,-130.01067,0.317,253.34058851816684,3.7840441717897573,0.9008282786812948,5.351484528645645,0.7
79741,passing_waveforms_data_mldd/waveforms/event_2015-04-21T09:55:34.685000Z.mseed,AXEC1,2015-04-21T09:55:34.685000Z,2015-04-21T09:55:34.685000Z,0.84,0.34,45.94196,-129.98779,0.433,217.2318952830384,5.608535537326091,0.8262057365684968,9.283962009934312,0.0
79742,passing_waveforms_data_mldd/waveforms/event_2015-04-21T09:55:44.274000Z.mseed,AXEC1,2015-04-21T09:55:44.274000Z,2015-04-21T09:55:44.274000Z,0.9,0.43,45.94188,-129.98846,0.524,219.1441662755464,5.857241836093376,0.9619891549840105,4.939258780993458,0.1
79743,passing_waveforms_data_mldd/waveforms/event_2015-04-21T09:56:07.024000Z.mseed,AXEC1,2015-04-21T09:56:07.024000Z,2015-04-21T09:56:07.024000Z,0.99,0.51,45.94004,-129.98487,1.53,201.41550286620753,2.555904107484411,0.9256486953746107,7.904880960501391,0.4
79746,passing_waveforms_data_mldd/waveforms/event_2015-04-21T10:07:08.038000Z.mseed,AXEC1,2015-04-21T10:07:08.038000Z,2015-04-21T10:07:08.038000Z,1.54,0.83,45.94084,-130.01311,0.477,250.16052028763542,7.208909132094082,0.7712953141051385,10.936705371428888,0.3
79747,passing_waveforms_data_mldd/waveforms/event_2015-04-21T10:08:07.676999Z.mseed,AXEC1,2015-04-21T10:08:07.676999Z,2015-04-21T10:08:07.676999Z,1.62,0.86,45.9345,-130.0178,1.147,241.15012839332337,4.729915330952089,0.8297466442434412,16.52790992162518,0.2
79748,passing_waveforms_data_mldd/waveforms/event_2015-04-21T10:24:55.152999Z.mseed,AXEC1,2015-04-21T10:24:55.152999Z,2015-04-21T10:24:55.152999Z,1.22,0.62,45.96201,-129.99649,0.983,317.417090452372,3.619438721191073,0.9682165451180144,3.975004329733104,0.1
79749,passing_waveforms_data_mldd/waveforms/event_2015-04-21T10:41:34.018999Z.mseed,AXEC1,2015-04-21T10:41:34.018999Z,2015-04-21T10:41:34.018999Z,1.04,0.53,45.95654,-129.99603,0.965,302.1367705512917,3.078066593740819,0.8624781753608236,9.971688996791574,0.0
79750,passing_waveforms_data_mldd/waveforms/event_2015-04-21T10:44:28.902000Z.mseed,AXEC1,2015-04-21T10:44:28.902000Z,2015-04-21T10:44:28.902000Z,1.68,0.9,45.94802,-130.01928,0.578,267.4845038998991,2.1207877002674556,0.8178483577388779,16.217672398926187,0.1
79751,passing_waveforms_data_mldd/waveforms/event_2015-04-21T10:47:50.158000Z.mseed,AXEC1,2015-04-21T10:47:50.158000Z,2015-04-21T10:47:50.158000Z,1.51,0.78,45.92033,-129.98688,1.546,190.4255913564358,2.2123826326098204,0.875376550379834,18.658979638142572,0.1
79755,passing_waveforms_data_mldd/waveforms/event_2015-04-21T11:16:53.393000Z.mseed,AXEC1,2015-04-21T11:16:53.393000Z,2015-04-21T11:16:53.393000Z,0.77,0.37,45.94557,-129.98872,0.442,238.1981015349023,2.2444016202055095,0.9898260004020693,3.5218979080413684,0.3
79756,passing_waveforms_data_mldd/waveforms/event_2015-04-21T11:16:59.149999Z.mseed,AXEC1,2015-04-21T11:16:59.149999Z,2015-04-21T11:16:59.149999Z,0.77,0.37,45.9455,-129.98872,0.446,237.74709915132988,2.2233954107445206,0.982160440907119,1.1129671771094882,0.1
79757,passing_waveforms_data_mldd/waveforms/event_2015-04-21T11:28:09.117000Z.mseed,AXEC1,2015-04-21T11:28:09.117000Z,2015-04-21T11:28:09.117000Z,0.72,0.32,45.94658,-129.99138,0.438,250.49449687940347,6.022412542165192,0.9719138140269707,9.116782958618932,0.2
79758,passing_waveforms_data_mldd/waveforms/event_2015-04-21T11:38:59.627000Z.mseed,AXEC1,2015-04-21T11:38:59.627000Z,2015-04-21T11:38:59.627000Z,1.51,0.74,45.94043,-130.01044,0.421,247.60821425501513,6.210513781006771,0.8295447099430009,13.784932079184602,0.1
79759,passing_waveforms_data_mldd/waveforms/event_2015-04-21T11:39:54.231999Z.mseed,AXEC1,2015-04-21T11:39:54.231999Z,2015-04-21T11:39:54.231999Z,1.15,0.54,45.96166,-129.99558,1.428,318.19268119879973,7.228356235211916,0.9961771527147478,7.19287074264541,0.6
79762,passing_waveforms_data_mldd/waveforms/event_2015-04-21T12:04:01.645999Z.mseed,AXEC1,2015-04-21T12:04:01.645999Z,2015-04-21T12:04:01.645999Z,1.4,0.88,45.94536,-130.0167,0.723,261.4318086019392,3.768144258567681,0.7820021437645368,13.651202341571683,0.2
79765,passing_waveforms_data_mldd/waveforms/event_2015-04-21T12:29:08.513999Z.mseed,AXEC1,2015-04-21T12:29:08.513999Z,2015-04-21T12:29:08.513999Z,0.86,0.43,45.95014,-129.98612,1.638,277.8341921448259,4.780774087236917,0.9933309767942629,4.459538472961261,0.8
79766,passing_waveforms_data_mldd/waveforms/event_2015-04-21T12:29:26.987999Z.mseed,AXEC1,2015-04-21T12:29:26.987999Z,2015-04-21T12:29:26.987999Z,0.84,0.4,45.94576,-129.99082,0.489,244.4900987512294,3.5241916645645204,0.9850547869775114,3.0600543437557026,0.1
79768,passing_waveforms_data_mldd/waveforms/event_2015-04-21T12:31:15.535999Z.mseed,AXEC1,2015-04-21T12:31:15.535999Z,2015-04-21T12:31:15.535999Z,1.15,0.54,45.95037,-129.99732,0.23,274.3881608211694,5.23559089408006,0.9777160151877791,7.868410871701103,1.3
79769,passing_waveforms_data_mldd/waveforms/event_2015-04-21T12:32:05.626000Z.mseed,AXEC1,2015-04-21T12:32:05.626000Z,2015-04-21T12:32:05.626000Z,1.04,0.45,45.95118,-129.99714,0.348,278.2031348408516,8.018570315089335,0.9711486747251039,5.09392933167941,0.2
79770,passing_waveforms_data_mldd/waveforms/event_2015-04-21T12:32:24.153999Z.mseed,AXEC1,2015-04-21T12:32:24.153999Z,2015-04-21T12:32:24.153999Z,0.8,0.53,45.94081,-129.99115,1.416,223.0352815258171,5.57331975207304,0.9553694064228015,2.8799138211494832,0.1
79771,passing_waveforms_data_mldd/waveforms/event_2015-04-21T12:32:53.453000Z.mseed,AXEC1,2015-04-21T12:32:53.453000Z,2015-04-21T12:32:53.453000Z,1.24,0.63,45.96156,-129.9978,1.422,314.210495125174,6.441685168607437,0.9595520172514996,7.081366631190096,1.0
79775,passing_waveforms_data_mldd/waveforms/event_2015-04-21T12:33:22.135999Z.mseed,AXEC1,2015-04-21T12:33:22.135999Z,2015-04-21T12:33:22.135999Z,1.18,0.57,45.95003,-129.99735,0.213,272.80376063409335,4.733589268660537,0.9654782556819059,15.885117860734304,0.8
79776,passing_waveforms_data_mldd/waveforms/event_2015-04-21T12:33:30.457000Z.mseed,AXEC1,2015-04-21T12:33:30.457000Z,2015-04-21T12:33:30.457000Z,1.26,0.67,45.95955,-129.99833,1.298,308.2084936139454,2.333688061019598,0.8649674555551898,11.663944786219101,0.7
79778,passing_waveforms_data_mldd/waveforms/event_2015-04-21T12:34:26.533000Z.mseed,AXEC1,2015-04-21T12:34:26.533000Z,2015-04-21T12:34:26.533000Z,1.15,0.59,45.95724,-129.99729,0.942,302.68828520413774,2.6966400931765357,0.9108867341601514,3.2727685763840806,0.5
79780,passing_waveforms_data_mldd/waveforms/event_2015-04-21T12:36:47.426000Z.mseed,AXEC1,2015-04-21T12:36:47.426000Z,2015-04-21T12:36:47.426000Z,1.23,0.6,45.95752,-129.99819,0.672,302.3294932089186,2.11656838462984,0.9713097113446457,2.118004389063569,0.1
79782,passing_waveforms_data_mldd/waveforms/event_2015-04-21T12:38:00.685000Z.mseed,AXEC1,2015-04-21T12:38:00.685000Z,2015-04-21T12:38:00.685000Z,1.31,0.67,45.96249,-129.99847,1.375,315.3108390536581,2.1073858052484034,0.9363273820810716,4.315539032153023,0.3
79786,passing_waveforms_data_mldd/waveforms/event_2015-04-21T12:39:20.519999Z.mseed,AXEC1,2015-04-21T12:39:20.519999Z,2015-04-21T12:39:20.519999Z,1.09,0.59,45.95739,-129.99707,0.884,303.5170327189113,2.7752244869897233,0.9244047998881644,15.621307822893632,-0.0
79790,passing_waveforms_data_mldd/waveforms/event_2015-04-21T12:43:16.329000Z.mseed,AXEC1,2015-04-21T12:43:16.329000Z,2015-04-21T12:43:16.329000Z,1.07,0.47,45.95453,-129.99707,0.604,292.93292994314345,6.915148279731783,0.9511784181654588,5.886907188685197,0.3
79791,passing_waveforms_data_mldd/waveforms/event_2015-04-21T12:44:02.851000Z.mseed,AXEC1,2015-04-21T12:44:02.851000Z,2015-04-21T12:44:02.851000Z,1.7,0.79,45.9217,-129.99122,0.634,196.790568009668,2.7280944686580666,0.8361901204996751,12.596896027813358,0.3
79795,passing_waveforms_data_mldd/waveforms/event_2015-04-21T12:52:36.033000Z.mseed,AXEC1,2015-04-21T12:52:36.033000Z,2015-04-21T12:52:36.033000Z,0.94,0.46,45.95164,-129.99615,0.596,280.88782487613497,5.8086980993816475,0.9828056480110059,4.85090576893577,0.2
79797,passing_waveforms_data_mldd/waveforms/event_2015-04-21T13:04:41.655999Z.mseed,AXEC1,2015-04-21T13:04:41.655999Z,2015-04-21T13:04:41.655999Z,1.54,0.82,45.93876,-130.01984,1.131,249.59241024386884,2.538264367290493,0.8790000527090399,14.369142031713302,0.1
79800,passing_waveforms_data_mldd/waveforms/event_2015-04-21T13:16:08.785999Z.mseed,AXEC1,2015-04-21T13:16:08.785999Z,2015-04-21T13:16:08.785999Z,1.48,0.77,45.96864,-129.99713,1.948,328.18116994069,3.1829849753980373,0.9847293316999096,1.7976123202207273,0.9
79806,passing_waveforms_data_mldd/waveforms/event_2015-04-21T13:19:37.451999Z.mseed,AXEC1,2015-04-21T13:19:37.451999Z,2015-04-21T13:19:37.451999Z,1.48,0.82,45.94297,-130.01296,0.489,254.81448118425544,2.9363229857091326,0.8315164472226192,19.775474029728002,0.1
79807,passing_waveforms_data_mldd/waveforms/event_2015-04-21T13:20:05.684999Z.mseed,AXEC1,2015-04-21T13:20:05.684999Z,2015-04-21T13:20:05.684999Z,1.19,0.48,45.95678,-129.9963,0.36,302.5848751879044,8.358162967269191,0.9412389283788405,8.723435802497814,0.1
79808,passing_waveforms_data_mldd/waveforms/event_2015-04-21T13:23:52.328000Z.mseed,AXEC1,2015-04-21T13:23:52.328000Z,2015-04-21T13:23:52.328000Z,0.88,0.47,45.95141,-129.98683,1.849,290.9078638327472,3.2674447046975277,0.9249755703849742,5.157491399434343,-0.0
79810,passing_waveforms_data_mldd/waveforms/event_2015-04-21T13:31:30.478000Z.mseed,AXEC1,2015-04-21T13:31:30.478000Z,2015-04-21T13:31:30.478000Z,1.64,0.83,45.97182,-129.99841,1.589,330.3100438815928,3.182324501333496,0.8918729968793873,16.51299835107678,0.3
79811,passing_waveforms_data_mldd/waveforms/event_2015-04-21T13:32:31.021000Z.mseed,AXEC1,2015-04-21T13:32:31.021000Z,2015-04-21T13:32:31.021000Z,0.9,0.43,45.95478,-129.99034,1.578,305.72514273566935,5.865954149427068,0.9338445074891293,3.686949026963051,0.0
79812,passing_waveforms_data_mldd/waveforms/event_2015-04-21T13:36:00.570000Z.mseed,AXEC1,2015-04-21T13:36:00.570000Z,2015-04-21T13:36:00.570000Z,0.88,0.42,45.94663,-129.99173,0.443,251.34024833619256,3.552758329374349,0.9820625851850103,4.780341432113524,0.3
79814,passing_waveforms_data_mldd/waveforms/event_2015-04-21T13:36:37.719999Z.mseed,AXEC1,2015-04-21T13:36:37.719999Z,2015-04-21T13:36:37.719999Z,0.84,0.4,45.94666,-129.99161,0.466,251.3437210561204,4.336915853210135,0.9654699913646878,15.417995206074492,0.1
79815,passing_waveforms_data_mldd/waveforms/event_2015-04-21T13:38:11.051999Z.mseed,AXEC1,2015-04-21T13:38:11.051999Z,2015-04-21T13:38:11.051999Z,1.32,0.65,45.96564,-129.99757,1.767,322.89710028851624,7.490746300849162,0.9873694366369705,6.281909723312086,0.5
79816,passing_waveforms_data_mldd/waveforms/event_2015-04-21T13:38:52.042000Z.mseed,AXEC1,2015-04-21T13:38:52.042000Z,2015-04-21T13:38:52.042000Z,0.89,0.43,45.9525,-129.98599,1.723,304.3512077797801,6.255654270347158,0.9869392425217615,12.28850414590937,0.9
79817,passing_waveforms_data_mldd/waveforms/event_2015-04-21T13:39:10.724000Z.mseed,AXEC1,2015-04-21T13:39:10.724000Z,2015-04-21T13:39:10.724000Z,0.87,0.43,45.94114,-129.98908,1.102,218.49412019306297,4.073214652453724,0.9045093861456562,6.812233262563534,-0.0
79818,passing_waveforms_data_mldd/waveforms/event_2015-04-21T13:39:33.347999Z.mseed,AXEC1,2015-04-21T13:39:33.347999Z,2015-04-21T13:39:33.347999Z,1.61,0.82,45.94631,-130.01212,0.283,262.4883463764973,3.3750775977788727,0.9333906964615099,7.530831201355696,0.2
79819,passing_waveforms_data_mldd/waveforms/event_2015-04-21T13:40:24.036000Z.mseed,AXEC1,2015-04-21T13:40:24.036000Z,2015-04-21T13:40:24.036000Z,0.86,0.4,45.95229,-129.98599,1.722,302.4084449354535,9.378652696238374,0.990164020728616,7.950809909916931,0.5
79820,passing_waveforms_data_mldd/waveforms/event_2015-04-21T13:41:13.080000Z.mseed,AXEC1,2015-04-21T13:41:13.080000Z,2015-04-21T13:41:13.080000Z,1.27,0.71,45.93122,-129.99416,0.534,209.4969197630431,4.983800398993526,0.9100708549856434,16.788966925358217,0.2
79823,passing_waveforms_data_mldd/waveforms/event_2015-04-21T13:45:15.766000Z.mseed,AXEC1,2015-04-21T13:45:15.766000Z,2015-04-21T13:45:15.766000Z,0.98,0.48,45.95002,-129.99565,0.427,272.97460727215537,4.260676188507576,0.8033532703500422,10.658512068955584,0.1
79826,passing_waveforms_data_mldd/waveforms/event_2015-04-21T13:46:10.460000Z.mseed,AXEC1,2015-04-21T13:46:10.460000Z,2015-04-21T13:46:10.460000Z,0.78,0.4,45.94847,-129.98841,1.326,260.35395576105896,3.8404168041857214,0.8943975389234626,9.42815106142008,0.0
79827,passing_waveforms_data_mldd/waveforms/event_2015-04-21T13:48:23.795999Z.mseed,AXEC1,2015-04-21T13:48:23.795999Z,2015-04-21T13:48:23.795999Z,0.8,0.37,45.94522,-129.98951,0.461,238.2056617207458,2.8802698849972925,0.9568802211212353,7.1474675491399005,0.0
79829,passing_waveforms_data_mldd/waveforms/event_2015-04-21T13:50:34.000999Z.mseed,AXEC1,2015-04-21T13:50:34.000999Z,2015-04-21T13:50:34.000999Z,0.94,0.45,45.95487,-129.99367,1.237,299.205705125934,5.675359592846469,0.9730491547741363,5.617411163471016,0.2
79830,passing_waveforms_data_mldd/waveforms/event_2015-04-21T13:51:58.064999Z.mseed,AXEC1,2015-04-21T13:51:58.064999Z,2015-04-21T13:51:58.064999Z,0.95,0.47,45.94988,-129.99526,0.531,272.29300156374023,3.163568310970726,0.9220226520213765,2.977044889311752,0.0
79831,passing_waveforms_data_mldd/waveforms/event_2015-04-21T13:52:07.706000Z.mseed,AXEC1,2015-04-21T13:52:07.706000Z,2015-04-21T13:52:07.706000Z,0.93,0.43,45.94941,-129.99535,0.465,269.8176367260519,3.7600359251214597,0.7734324671224245,21.490425261737318,-0.0
79832,passing_waveforms_data_mldd/waveforms/event_2015-04-21T13:52:30.413000Z.mseed,AXEC1,2015-04-21T13:52:30.413000Z,2015-04-21T13:52:30.413000Z,0.95,0.46,45.94924,-129.99517,0.462,268.9051049395505,2.9963269272401263,0.9422461241998173,2.4434917628480397,0.0
79834,passing_waveforms_data_mldd/waveforms/event_2015-04-21T13:54:45.335999Z.mseed,AXEC1,2015-04-21T13:54:45.335999Z,2015-04-21T13:54:45.335999Z,0.84,0.37,45.94759,-129.99246,0.419,258.1063237894027,9.962075542875311,0.9854400681963954,4.415855452823122,0.3
79835,passing_waveforms_data_mldd/waveforms/event_2015-04-21T13:54:58.780999Z.mseed,AXEC1,2015-04-21T13:54:58.780999Z,2015-04-21T13:54:58.780999Z,1.03,0.52,45.95641,-129.99204,1.559,309.1410462502257,2.1438657036809854,0.9276396185864609,2.0671926583250486,0.5
79838,passing_waveforms_data_mldd/waveforms/event_2015-04-21T13:55:49.639000Z.mseed,AXEC1,2015-04-21T13:55:49.639000Z,2015-04-21T13:55:49.639000Z,0.89,0.4,45.94935,-129.99521,0.459,269.491896929261,6.600173572337434,0.9940837204217982,7.852365112264395,0.5
79840,passing_waveforms_data_mldd/waveforms/event_2015-04-21T13:56:56.793999Z.mseed,AXEC1,2015-04-21T13:56:56.793999Z,2015-04-21T13:56:56.793999Z,1.55,0.83,45.94164,-130.018,0.819,254.16729898630055,3.751634150897762,0.7960973941195302,8.17448435629441,0.3
79841,passing_waveforms_data_mldd/waveforms/event_2015-04-21T13:57:17.562999Z.mseed,AXEC1,2015-04-21T13:57:17.562999Z,2015-04-21T13:57:17.562999Z,1.17,0.62,45.93272,-129.98376,1.05,190.24227370688442,2.7023422162932342,0.7241921859275715,3.097164331548427,0.7
79844,passing_waveforms_data_mldd/waveforms/event_2015-04-21T13:59:03.087000Z.mseed,AXEC1,2015-04-21T13:59:03.087000Z,2015-04-21T13:59:03.087000Z,0.84,0.45,45.94464,-129.99122,0.766,239.12850820824275,4.8966456440213335,0.8975733724507948,8.033108433324232,-0.0
79845,passing_waveforms_data_mldd/waveforms/event_2015-04-21T13:59:31.064000Z.mseed,AXEC1,2015-04-21T13:59:31.064000Z,2015-04-21T13:59:31.064000Z,0.91,0.43,45.94919,-129.99516,0.474,268.6385944005447,4.528557455437445,0.9538498667817942,2.710666783919973,0.0
79846,passing_waveforms_data_mldd/waveforms/event_2015-04-21T14:02:33.112999Z.mseed,AXEC1,2015-04-21T14:02:33.112999Z,2015-04-21T14:02:33.112999Z,1.59,0.84,45.93889,-130.01913,0.869,249.48096548662863,5.551876889649424,0.9765840002194436,7.277429647719142,1.2
79848,passing_waveforms_data_mldd/waveforms/event_2015-04-21T14:04:17.897999Z.mseed,AXEC1,2015-04-21T14:04:17.897999Z,2015-04-21T14:04:17.897999Z,1.6,0.88,45.93927,-130.01827,0.788,249.75274680291574,5.444421769159241,0.9172075022376088,8.180648243208703,0.6
79849,passing_waveforms_data_mldd/waveforms/event_2015-04-21T14:04:24.115999Z.mseed,AXEC1,2015-04-21T14:04:24.115999Z,2015-04-21T14:04:24.115999Z,0.92,0.42,45.95436,-129.99324,1.175,297.55369758258246,2.7374279180001366,0.960564917010656,6.89918998189164,0.6
79851,passing_waveforms_data_mldd/waveforms/event_2015-04-21T14:04:40.554999Z.mseed,AXEC1,2015-04-21T14:04:40.554999Z,2015-04-21T14:04:40.554999Z,1.68,0.8,45.94025,-130.00873,0.142,245.97901179393386,3.075594998702824,0.7118937292959,19.01920170615327,0.1
79852,passing_waveforms_data_mldd/waveforms/event_2015-04-21T14:04:54.465000Z.mseed,AXEC1,2015-04-21T14:04:54.465000Z,2015-04-21T14:04:54.465000Z,0.94,0.44,45.94943,-129.99507,0.452,269.9081427728935,2.9548012906966186,0.9618218693976996,7.2895589711432836,0.1
79853,passing_waveforms_data_mldd/waveforms/event_2015-04-21T14:05:08.487999Z.mseed,AXEC1,2015-04-21T14:05:08.487999Z,2015-04-21T14:05:08.487999Z,0.93,0.44,45.94922,-129.99521,0.455,268.8039656755259,4.454759367536425,0.963483354283201,5.300048360761739,0.2
79856,passing_waveforms_data_mldd/waveforms/event_2015-04-21T14:09:29.314000Z.mseed,AXEC1,2015-04-21T14:09:29.314000Z,2015-04-21T14:09:29.314000Z,1.21,0.6,45.93288,-129.97665,1.526,173.44162788750185,3.439785649634001,0.8727438568163002,10.464505502774202,0.2
79860,passing_waveforms_data_mldd/waveforms/event_2015-04-21T14:12:39.051999Z.mseed,AXEC1,2015-04-21T14:12:39.051999Z,2015-04-21T14:12:39.051999Z,0.74,0.34,45.94425,-129.98785,0.39,227.55481322722784,6.092338241223704,0.953217114906249,1.5848893150418142,-0.0
79862,passing_waveforms_data_mldd/waveforms/event_2015-04-21T14:15:51.189999Z.mseed,AXEC1,2015-04-21T14:15:51.189999Z,2015-04-21T14:15:51.189999Z,1.16,0.6,45.93297,-129.97751,1.39,175.4476954593389,2.2876976564552822,0.9222026971181981,8.44491097578826,0.1
79864,passing_waveforms_data_mldd/waveforms/event_2015-04-21T14:17:09.960000Z.mseed,AXEC1,2015-04-21T14:17:09.960000Z,2015-04-21T14:17:09.960000Z,0.76,0.36,45.94764,-129.9908,0.614,256.6423332465172,4.174134010784489,0.96040010301648,9.336883432168328,-0.0
79865,passing_waveforms_data_mldd/waveforms/event_2015-04-21T14:17:51.875999Z.mseed,AXEC1,2015-04-21T14:17:51.875999Z,2015-04-21T14:17:51.875999Z,0.74,0.35,45.94907,-129.98542,1.544,263.42227517190383,6.419050373478877,0.98734086591972,5.969220049263884,-0.0
79869,passing_waveforms_data_mldd/waveforms/event_2015-04-21T14:22:40.929999Z.mseed,AXEC1,2015-04-21T14:22:40.929999Z,2015-04-21T14:22:40.929999Z,1.19,0.67,45.93269,-129.97854,1.521,177.9604075533734,2.7992522166967166,0.9446527798378996,10.10013637698684,0.0
79870,passing_waveforms_data_mldd/waveforms/event_2015-04-21T14:23:13.355000Z.mseed,AXEC1,2015-04-21T14:23:13.355000Z,2015-04-21T14:23:13.355000Z,1.18,0.6,45.93247,-129.97789,1.524,176.48245850539655,3.861607875652067,0.981666600755503,4.657637213494314,0.9
79871,passing_waveforms_data_mldd/waveforms/event_2015-04-21T14:24:01.064000Z.mseed,AXEC1,2015-04-21T14:24:01.064000Z,2015-04-21T14:24:01.064000Z,0.8,0.42,45.94606,-129.99045,0.451,245.56276071958024,3.9338940867370806,0.9814984617103447,5.96167807147457,0.3
79872,passing_waveforms_data_mldd/waveforms/event_2015-04-21T14:24:18.760999Z.mseed,AXEC1,2015-04-21T14:24:18.760999Z,2015-04-21T14:24:18.760999Z,1.2,0.59,45.93263,-129.97829,1.497,177.38208647178294,2.1938150534990544,0.9863961879340881,8.16524224187416,0.7
79873,passing_waveforms_data_mldd/waveforms/event_2015-04-21T14:24:39.728000Z.mseed,AXEC1,2015-04-21T14:24:39.728000Z,2015-04-21T14:24:39.728000Z,1.57,0.88,45.93854,-130.01741,0.697,247.95218618180886,5.516102200786168,0.9819713948870598,4.2878149353745805,0.8
79874,passing_waveforms_data_mldd/waveforms/event_2015-04-21T14:24:58.619999Z.mseed,AXEC1,2015-04-21T14:24:58.619999Z,2015-04-21T14:24:58.619999Z,0.82,0.39,45.94588,-129.99002,0.23,243.5065733570979,2.3189994159624816,0.9617356076860646,3.627508110530052,-0.0
79875,passing_waveforms_data_mldd/waveforms/event_2015-04-21T14:25:19.943999Z.mseed,AXEC1,2015-04-21T14:25:19.943999Z,2015-04-21T14:25:19.943999Z,1.22,0.62,45.93241,-129.97816,1.526,177.12292919584343,2.3712492632968982,0.9673702600779037,5.0705119774108915,0.2
79880,passing_waveforms_data_mldd/waveforms/event_2015-04-21T14:26:22.934999Z.mseed,AXEC1,2015-04-21T14:26:22.934999Z,2015-04-21T14:26:22.934999Z,0.84,0.4,45.95342,-129.9844,1.613,320.21683316157885,3.360843284884023,0.9896550351613833,3.8110738225129728,0.1
79882,passing_waveforms_data_mldd/waveforms/event_2015-04-21T14:26:35.905999Z.mseed,AXEC1,2015-04-21T14:26:35.905999Z,2015-04-21T14:26:35.905999Z,1.2,0.63,45.93274,-129.97783,1.521,176.2734245031346,2.2107864794367402,0.9825185992784455,2.2086220784536503,0.3
79883,passing_waveforms_data_mldd/waveforms/event_2015-04-21T14:26:57.350000Z.mseed,AXEC1,2015-04-21T14:26:57.350000Z,2015-04-21T14:26:57.350000Z,1.12,0.6,45.93274,-129.97763,1.521,175.80175607479515,4.251734936120153,0.9656468916605898,11.376430420397039,1.2
79884,passing_waveforms_data_mldd/waveforms/event_2015-04-21T14:27:14.881000Z.mseed,AXEC1,2015-04-21T14:27:14.881000Z,2015-04-21T14:27:14.881000Z,1.17,0.64,45.93222,-129.9777,1.557,176.10800522341856,2.437274597126904,0.9777213279521536,4.744184396438493,1.3
79885,passing_waveforms_data_mldd/waveforms/event_2015-04-21T14:27:28.734999Z.mseed,AXEC1,2015-04-21T14:27:28.734999Z,2015-04-21T14:27:28.734999Z,1.17,0.63,45.93203,-129.97774,1.544,176.24809766957014,2.3170754545047014,0.975466571696092,4.3369603775896035,0.4
79886,passing_waveforms_data_mldd/waveforms/event_2015-04-21T14:27:50.591999Z.mseed,AXEC1,2015-04-21T14:27:50.591999Z,2015-04-21T14:27:50.591999Z,1.16,0.63,45.93226,-129.97751,1.564,175.66196798367423,3.4889022144882196,0.9695466206751134,7.093095542324257,0.4
79887,passing_waveforms_data_mldd/waveforms/event_2015-04-21T14:28:01.520000Z.mseed,AXEC1,2015-04-21T14:28:01.520000Z,2015-04-21T14:28:01.520000Z,1.15,-0.17,45.93315,-129.97826,1.524,177.2044971261742,3.935610209705865,0.824911552098295,22.861018960423163,0.2
79888,passing_waveforms_data_mldd/waveforms/event_2015-04-21T14:28:41.319000Z.mseed,AXEC1,2015-04-21T14:28:41.319000Z,2015-04-21T14:28:41.319000Z,0.94,0.49,45.93989,-129.98988,1.354,216.9452618470467,5.6694768553267885,0.8285693770947459,5.322696527445673,0.0
79891,passing_waveforms_data_mldd/waveforms/event_2015-04-21T14:31:39.444000Z.mseed,AXEC1,2015-04-21T14:31:39.444000Z,2015-04-21T14:31:39.444000Z,1.45,0.86,45.9421,-130.01028,0.302,251.3926645799978,2.002776619440311,0.8824139443592056,3.6425078441304874,0.1
79892,passing_waveforms_data_mldd/waveforms/event_2015-04-21T14:32:37.090000Z.mseed,AXEC1,2015-04-21T14:32:37.090000Z,2015-04-21T14:32:37.090000Z,0.82,0.37,45.94641,-129.99119,0.471,249.12944449778942,6.6864498977129445,0.9788985918086236,7.210552052247238,0.1
79894,passing_waveforms_data_mldd/waveforms/event_2015-04-21T14:34:33.063000Z.mseed,AXEC1,2015-04-21T14:34:33.063000Z,2015-04-21T14:34:33.063000Z,1.47,0.66,45.95444,-129.97971,3.628,0.6219710047492697,7.2684646130311865,0.9413025305630599,4.765239980959698,0.4
79895,passing_waveforms_data_mldd/waveforms/event_2015-04-21T14:34:51.761000Z.mseed,AXEC1,2015-04-21T14:34:51.761000Z,2015-04-21T14:34:51.761000Z,0.77,0.37,45.94651,-129.99076,0.455,249.00970958377349,4.243669100707974,0.9765600307104172,3.6382446825131898,0.0
79896,passing_waveforms_data_mldd/waveforms/event_2015-04-21T14:35:17.411000Z.mseed,AXEC1,2015-04-21T14:35:17.411000Z,2015-04-21T14:35:17.411000Z,0.8,0.38,45.95168,-129.98537,1.668,298.67292028964243,7.461859347856519,0.9927820540624606,7.029471457217292,0.1
79898,passing_waveforms_data_mldd/waveforms/event_2015-04-21T14:35:52.228999Z.mseed,AXEC1,2015-04-21T14:35:52.228999Z,2015-04-21T14:35:52.228999Z,0.76,0.34,45.94665,-129.99081,0.488,249.99846268442138,3.256485797547768,0.9816677677946744,1.040735901485687,-0.0
79901,passing_waveforms_data_mldd/waveforms/event_2015-04-21T14:36:06.080000Z.mseed,AXEC1,2015-04-21T14:36:06.080000Z,2015-04-21T14:36:06.080000Z,1.17,0.63,45.93297,-129.97737,1.474,175.1137356174744,2.6165552765649176,0.9686943725445807,2.883147256417724,0.3
79902,passing_waveforms_data_mldd/waveforms/event_2015-04-21T14:38:43.460000Z.mseed,AXEC1,2015-04-21T14:38:43.460000Z,2015-04-21T14:38:43.460000Z,0.89,0.44,45.94665,-129.99178,0.446,251.53572390883411,2.604262496230453,0.9555975719411766,8.326408595504716,0.1
79904,passing_waveforms_data_mldd/waveforms/event_2015-04-21T14:39:03.758999Z.mseed,AXEC1,2015-04-21T14:39:03.758999Z,2015-04-21T14:39:03.758999Z,0.82,0.36,45.94668,-129.99186,0.443,251.83399453579116,2.5602903622863034,0.993856819653557,8.747028029404984,0.3
79906,passing_waveforms_data_mldd/waveforms/event_2015-04-21T14:40:03.349000Z.mseed,AXEC1,2015-04-21T14:40:03.349000Z,2015-04-21T14:40:03.349000Z,0.88,0.42,45.95239,-129.98668,1.712,300.6977438730448,2.895805523801461,0.9886211836374672,5.646853025426845,0.2
79907,passing_waveforms_data_mldd/waveforms/event_2015-04-21T14:40:10.070000Z.mseed,AXEC1,2015-04-21T14:40:10.070000Z,2015-04-21T14:40:10.070000Z,0.87,0.41,45.94666,-129.99181,0.455,251.64033805827248,3.149145564004701,0.9644787008350261,8.898036874624282,0.3
79914,passing_waveforms_data_mldd/waveforms/event_2015-04-21T14:43:39.073000Z.mseed,AXEC1,2015-04-21T14:43:39.073000Z,2015-04-21T14:43:39.073000Z,0.86,0.44,45.95204,-129.98501,1.724,304.29650911299643,6.281852219151773,0.9562632174750102,5.484119427752183,0.2
79915,passing_waveforms_data_mldd/waveforms/event_2015-04-21T14:43:50.890000Z.mseed,AXEC1,2015-04-21T14:43:50.890000Z,2015-04-21T14:43:50.890000Z,0.97,0.46,45.93896,-129.98622,1.524,203.89172176801816,8.9456731337964,0.9232692567797632,7.55022575727761,0.1
79917,passing_waveforms_data_mldd/waveforms/event_2015-04-21T14:44:24.085999Z.mseed,AXEC1,2015-04-21T14:44:24.085999Z,2015-04-21T14:44:24.085999Z,0.78,0.37,45.94522,-129.98928,0.457,237.58652590025685,4.805018007934056,0.9817571547842602,5.973200643239423,0.3
79921,passing_waveforms_data_mldd/waveforms/event_2015-04-21T14:45:33.659999Z.mseed,AXEC1,2015-04-21T14:45:33.659999Z,2015-04-21T14:45:33.659999Z,0.81,0.39,45.95037,-129.98894,1.497,277.6953017459698,4.074114847191163,0.9038340234355628,3.3050548375688305,-0.0
79922,passing_waveforms_data_mldd/waveforms/event_2015-04-21T14:46:14.301999Z.mseed,AXEC1,2015-04-21T14:46:14.301999Z,2015-04-21T14:46:14.301999Z,0.91,0.47,45.95073,-129.99475,1.086,276.96104085951197,3.82243074260448,0.9875911945680418,6.297252515674428,0.3
79923,passing_waveforms_data_mldd/waveforms/event_2015-04-21T14:46:23.231999Z.mseed,AXEC1,2015-04-21T14:46:23.231999Z,2015-04-21T14:46:23.231999Z,0.83,0.36,45.94734,-129.99233,0.38,256.4436419912407,2.9458380543971536,0.9367236171413615,10.388180683668171,0.0
79925,passing_waveforms_data_mldd/waveforms/event_2015-04-21T14:46:47.683999Z.mseed,AXEC1,2015-04-21T14:46:47.683999Z,2015-04-21T14:46:47.683999Z,0.81,0.39,45.95181,-129.98525,1.689,300.64919748146735,7.747334785739756,0.9951695050318112,8.02589754255177,0.2
79927,passing_waveforms_data_mldd/waveforms/event_2015-04-21T14:47:13.183999Z.mseed,AXEC1,2015-04-21T14:47:13.183999Z,2015-04-21T14:47:13.183999Z,0.81,0.4,45.94658,-129.99094,0.498,249.77051477293026,4.41380030184227,0.9898521532529165,2.902273083730842,0.2
79928,passing_waveforms_data_mldd/waveforms/event_2015-04-21T14:48:22.092999Z.mseed,AXEC1,2015-04-21T14:48:22.092999Z,2015-04-21T14:48:22.092999Z,0.84,0.41,45.94696,-129.99184,0.43,253.51747167987594,3.6594765324521648,0.9745128798450071,5.7051375410117915,-0.0
79931,passing_waveforms_data_mldd/waveforms/event_2015-04-21T14:48:45.356000Z.mseed,AXEC1,2015-04-21T14:48:45.356000Z,2015-04-21T14:48:45.356000Z,0.79,0.37,45.94647,-129.99096,0.494,249.10756028778232,5.494793984972015,0.975626301533154,5.749588779783186,0.1
79932,passing_waveforms_data_mldd/waveforms/event_2015-04-21T14:49:02.117999Z.mseed,AXEC1,2015-04-21T14:49:02.117999Z,2015-04-21T14:49:02.117999Z,0.81,0.37,45.94643,-129.99107,0.461,249.047567711398,4.266419960683107,0.9838632290608176,8.297532375864714,0.1
79934,passing_waveforms_data_mldd/waveforms/event_2015-04-21T14:49:51.688000Z.mseed,AXEC1,2015-04-21T14:49:51.688000Z,2015-04-21T14:49:51.688000Z,0.77,0.42,45.94655,-129.99058,0.502,248.94473004927764,4.799962665996974,0.9772453596084895,6.3264624480236735,0.0
79935,passing_waveforms_data_mldd/waveforms/event_2015-04-21T14:50:04.091000Z.mseed,AXEC1,2015-04-21T14:50:04.091000Z,2015-04-21T14:50:04.091000Z,0.79,0.38,45.95145,-129.98546,1.64,295.6645699529688,6.788681758381352,0.9790847784368792,5.495872389351618,0.0
79936,passing_waveforms_data_mldd/waveforms/event_2015-04-21T14:50:45.414999Z.mseed,AXEC1,2015-04-21T14:50:45.414999Z,2015-04-21T14:50:45.414999Z,0.77,0.37,45.94663,-129.99107,0.508,250.30615896040223,7.024154929977757,0.9786035559654022,4.350670417740079,0.1
79937,passing_waveforms_data_mldd/waveforms/event_2015-04-21T14:51:46.481000Z.mseed,AXEC1,2015-04-21T14:51:46.481000Z,2015-04-21T14:51:46.481000Z,0.8,0.37,45.94639,-129.99091,0.49,248.51581423762778,5.3936909172692395,0.9784693472717635,7.394668655572934,0.3
79938,passing_waveforms_data_mldd/waveforms/event_2015-04-21T14:53:23.217999Z.mseed,AXEC1,2015-04-21T14:53:23.217999Z,2015-04-21T14:53:23.217999Z,0.73,-1.79,45.94261,-129.98262,1.446,196.996266125336,4.604501631352847,0.8200611330948553,15.673679132977433,-0.0
79940,passing_waveforms_data_mldd/waveforms/event_2015-04-21T14:53:39.540999Z.mseed,AXEC1,2015-04-21T14:53:39.540999Z,2015-04-21T14:53:39.540999Z,1.57,0.81,45.94657,-130.01843,0.656,264.3609136708151,3.532884404138358,0.8211344189029157,11.333020673633879,0.1
79944,passing_waveforms_data_mldd/waveforms/event_2015-04-21T14:55:24.472000Z.mseed,AXEC1,2015-04-21T14:55:24.472000Z,2015-04-21T14:55:24.472000Z,1.21,0.6,45.96064,-129.99817,1.402,311.35776226493897,4.154875342421194,0.9684031396553355,5.024441781123891,0.1
79945,passing_waveforms_data_mldd/waveforms/event_2015-04-21T14:55:39.536000Z.mseed,AXEC1,2015-04-21T14:55:39.536000Z,2015-04-21T14:55:39.536000Z,1.53,0.75,45.94354,-130.01662,0.647,257.519147595801,3.2629754709137493,0.942390829446069,1.2616222542202755,0.3
79946,passing_waveforms_data_mldd/waveforms/event_2015-04-21T14:56:06.129999Z.mseed,AXEC1,2015-04-21T14:56:06.129999Z,2015-04-21T14:56:06.129999Z,1.29,0.8,45.94488,-130.01348,0.408,259.4364962750551,4.762469260665698,0.9429132060339329,7.078601721810736,0.2
79947,passing_waveforms_data_mldd/waveforms/event_2015-04-21T14:56:15.609999Z.mseed,AXEC1,2015-04-21T14:56:15.609999Z,2015-04-21T14:56:15.609999Z,0.76,0.35,45.94654,-129.99091,0.513,249.46431165564232,6.943687165850342,0.9714323342989344,6.457923724848194,0.0
79948,passing_waveforms_data_mldd/waveforms/event_2015-04-21T14:56:20.211999Z.mseed,AXEC1,2015-04-21T14:56:20.211999Z,2015-04-21T14:56:20.211999Z,0.86,0.38,45.94608,-129.99081,0.459,246.40386668362336,2.4761770217850727,0.98749639669666,3.5119074137234287,0.2
79949,passing_waveforms_data_mldd/waveforms/event_2015-04-21T14:56:42.094000Z.mseed,AXEC1,2015-04-21T14:56:42.094000Z,2015-04-21T14:56:42.094000Z,0.78,0.38,45.94651,-129.99076,0.486,249.00970958377349,5.232111529798669,0.9582731499324618,6.510811596637144,0.0
79950,passing_waveforms_data_mldd/waveforms/event_2015-04-21T14:56:50.670999Z.mseed,AXEC1,2015-04-21T14:56:50.670999Z,2015-04-21T14:56:50.670999Z,0.92,0.43,45.95345,-129.9941,0.966,291.78039715689783,3.3499227621617975,0.9334768029026339,7.225611211678008,0.1
79952,passing_waveforms_data_mldd/waveforms/event_2015-04-21T14:57:43.290999Z.mseed,AXEC1,2015-04-21T14:57:43.290999Z,2015-04-21T14:57:43.290999Z,1.49,1.0,45.94264,-130.01455,0.501,254.7845658147924,3.4244870034644865,0.8835709536718698,9.00122959091949,0.1
79953,passing_waveforms_data_mldd/waveforms/event_2015-04-21T14:57:56.743000Z.mseed,AXEC1,2015-04-21T14:57:56.743000Z,2015-04-21T14:57:56.743000Z,0.87,0.45,45.94189,-129.9892,0.514,221.46233216225573,3.5952279248497954,0.8227740760871167,11.067880235931325,0.1
79955,passing_waveforms_data_mldd/waveforms/event_2015-04-21T14:58:36.142000Z.mseed,AXEC1,2015-04-21T14:58:36.142000Z,2015-04-21T14:58:36.142000Z,0.83,0.4,45.95327,-129.98558,1.642,312.6831376211666,5.6141307183364955,0.9881838828527195,1.4822588145541131,0.1
79961,passing_waveforms_data_mldd/waveforms/event_2015-04-21T15:00:21.609000Z.mseed,AXEC1,2015-04-21T15:00:21.609000Z,2015-04-21T15:00:21.609000Z,0.76,0.35,45.94528,-129.98927,0.475,237.92158487186475,5.073977918004898,0.9895380051480244,1.0997229949407223,0.1
79968,passing_waveforms_data_mldd/waveforms/event_2015-04-21T15:02:50.100000Z.mseed,AXEC1,2015-04-21T15:02:50.100000Z,2015-04-21T15:02:50.100000Z,0.83,0.42,45.94637,-129.99091,0.462,248.39029749635037,2.911519896330918,0.9673563480898169,7.138896641921679,0.1
79970,passing_waveforms_data_mldd/waveforms/event_2015-04-21T15:04:06.756000Z.mseed,AXEC1,2015-04-21T15:04:06.756000Z,2015-04-21T15:04:06.756000Z,1.54,0.79,45.94351,-130.02277,1.138,259.2980254165733,3.373950514989609,0.9845454499564894,8.432883872846979,0.6
79972,passing_waveforms_data_mldd/waveforms/event_2015-04-21T15:04:41.539999Z.mseed,AXEC1,2015-04-21T15:04:41.539999Z,2015-04-21T15:04:41.539999Z,0.85,0.38,45.94726,-129.99217,0.426,255.77511007843307,5.846200141822646,0.9799927274411018,1.325996598525181,0.3
79973,passing_waveforms_data_mldd/waveforms/event_2015-04-21T15:04:45.921999Z.mseed,AXEC1,2015-04-21T15:04:45.921999Z,2015-04-21T15:04:45.921999Z,0.77,0.34,45.95208,-129.98602,1.601,300.26367898886497,4.981837459939859,0.9992731635803063,5.962801394655574,0.3
79974,passing_waveforms_data_mldd/waveforms/event_2015-04-21T15:04:55.962000Z.mseed,AXEC1,2015-04-21T15:04:55.962000Z,2015-04-21T15:04:55.962000Z,1.5,0.72,45.94534,-130.00932,0.163,259.1184772682958,3.589043705516743,0.8641851894925603,10.01392712464507,0.2
79976,passing_waveforms_data_mldd/waveforms/event_2015-04-21T15:05:09.724000Z.mseed,AXEC1,2015-04-21T15:05:09.724000Z,2015-04-21T15:05:09.724000Z,1.61,0.89,45.94691,-130.01948,0.682,265.22248277549545,2.618902912943743,0.929985127529203,1.3349013576757112,0.2
79981,passing_waveforms_data_mldd/waveforms/event_2015-04-21T15:06:59.551999Z.mseed,AXEC1,2015-04-21T15:06:59.551999Z,2015-04-21T15:06:59.551999Z,0.9,0.48,45.94191,-129.98942,0.512,222.1861489479777,5.013274885783779,0.9127254021356495,5.919967340290325,-0.0
79982,passing_waveforms_data_mldd/waveforms/event_2015-04-21T15:07:37.109000Z.mseed,AXEC1,2015-04-21T15:07:37.109000Z,2015-04-21T15:07:37.109000Z,0.83,0.37,45.95368,-129.9864,1.721,311.96693359417134,7.888031613548656,0.9897835417475173,7.082172170184049,0.3
79983,passing_waveforms_data_mldd/waveforms/event_2015-04-21T15:08:43.848999Z.mseed,AXEC1,2015-04-21T15:08:43.848999Z,2015-04-21T15:08:43.848999Z,0.98,0.41,45.95028,-129.99723,0.273,273.9868124111515,6.414671896649237,0.8950391587789127,5.357986517857414,0.2
79986,passing_waveforms_data_mldd/waveforms/event_2015-04-21T15:09:31.195000Z.mseed,AXEC1,2015-04-21T15:09:31.195000Z,2015-04-21T15:09:31.195000Z,0.87,0.41,45.94718,-129.99206,0.421,255.1536215685491,3.2727086563502494,0.9397804565212349,4.263375546405773,0.5
79988,passing_waveforms_data_mldd/waveforms/event_2015-04-21T15:11:14.176999Z.mseed,AXEC1,2015-04-21T15:11:14.176999Z,2015-04-21T15:11:14.176999Z,0.84,0.43,45.95175,-129.98554,1.648,298.75015044343854,4.621336699768584,0.9777735647780875,6.133333507801858,0.0
79989,passing_waveforms_data_mldd/waveforms/event_2015-04-21T15:11:20.986000Z.mseed,AXEC1,2015-04-21T15:11:20.986000Z,2015-04-21T15:11:20.986000Z,0.88,0.45,45.95246,-129.98463,1.822,310.65166476051945,4.7760995165845745,0.9616208959435892,4.396566282841445,-0.0
79991,passing_waveforms_data_mldd/waveforms/event_2015-04-21T15:11:56.148000Z.mseed,AXEC1,2015-04-21T15:11:56.148000Z,2015-04-21T15:11:56.148000Z,0.83,0.4,45.94663,-129.99101,0.453,250.20688743896886,2.8047176742830944,0.957793416032638,3.5452418848191734,0.1
79993,passing_waveforms_data_mldd/waveforms/event_2015-04-21T15:12:19.059000Z.mseed,AXEC1,2015-04-21T15:12:19.059000Z,2015-04-21T15:12:19.059000Z,1.04,0.41,45.94495,-129.99033,0.751,238.7280655058155,2.9602480219628577,0.9568245366240689,8.357848123516677,0.2
79994,passing_waveforms_data_mldd/waveforms/event_2015-04-21T15:12:28.431999Z.mseed,AXEC1,2015-04-21T15:12:28.431999Z,2015-04-21T15:12:28.431999Z,0.91,0.45,45.94171,-129.98923,0.524,220.89702392664807,6.722899630576184,0.907974036168167,12.934644540949401,0.2
79996,passing_waveforms_data_mldd/waveforms/event_2015-04-21T15:12:48.756000Z.mseed,AXEC1,2015-04-21T15:12:48.756000Z,2015-04-21T15:12:48.756000Z,0.79,0.39,45.95112,-129.98453,1.66,295.2705130649167,7.970067712284564,0.9759355982117351,10.199432551450748,0.3
79998,passing_waveforms_data_mldd/waveforms/event_2015-04-21T15:13:00.333000Z.mseed,AXEC1,2015-04-21T15:13:00.333000Z,2015-04-21T15:13:00.333000Z,0.86,0.39,45.94704,-129.99207,0.406,254.30643041589383,3.3400873193358125,0.964390090997471,8.493665626778064,0.2
80001,passing_waveforms_data_mldd/waveforms/event_2015-04-21T15:13:42.390999Z.mseed,AXEC1,2015-04-21T15:13:42.390999Z,2015-04-21T15:13:42.390999Z,0.77,0.37,45.94666,-129.99094,0.527,250.28217238993096,6.287746950444687,0.9709757767684305,6.073028166388801,0.0
80003,passing_waveforms_data_mldd/waveforms/event_2015-04-21T15:14:05.660999Z.mseed,AXEC1,2015-04-21T15:14:05.660999Z,2015-04-21T15:14:05.660999Z,0.75,0.28,45.94699,-129.99207,0.447,254.00139490023625,7.180096667760001,0.8211203210684245,13.342872822633522,0.1
80004,passing_waveforms_data_mldd/waveforms/event_2015-04-21T15:14:44.418999Z.mseed,AXEC1,2015-04-21T15:14:44.418999Z,2015-04-21T15:14:44.418999Z,0.83,0.37,45.94685,-129.99179,0.459,252.77159658973696,4.813346425886479,0.9746304272543683,11.246539431430753,0.2
80054,passing_waveforms_data_mldd/waveforms/event_2015-04-21T15:35:53.610999Z.mseed,AXEC1,2015-04-21T15:35:53.610999Z,2015-04-21T15:35:53.610999Z,1.28,0.63,45.96427,-129.99846,1.555,319.0194824227257,2.2394805173924563,0.9832223682960458,4.502678270996032,0.9
80069,passing_waveforms_data_mldd/waveforms/event_2015-04-21T15:50:50.496000Z.mseed,AXEC1,2015-04-21T15:50:50.496000Z,2015-04-21T15:50:50.496000Z,0.73,0.32,45.95122,-129.98484,1.459,295.2859687869619,2.75300381076101,0.9943705237265382,7.135214894486082,0.6
80182,passing_waveforms_data_mldd/waveforms/event_2015-04-21T17:53:39.767000Z.mseed,AXEC1,2015-04-21T17:53:39.767000Z,2015-04-21T17:53:39.767000Z,1.65,0.85,45.94843,-130.02067,0.541,268.41460382463134,2.6647751105441317,0.9694539855766734,4.5718848829784555,1.2
80216,passing_waveforms_data_mldd/waveforms/event_2015-04-21T18:23:42.642000Z.mseed,AXEC1,2015-04-21T18:23:42.642000Z,2015-04-21T18:23:42.642000Z,1.64,0.85,45.93787,-130.02207,1.354,249.10773528587916,5.075216441966107,0.9925563582856836,6.517406620568923,1.4
80233,passing_waveforms_data_mldd/waveforms/event_2015-04-21T18:37:22.126999Z.mseed,AXEC1,2015-04-21T18:37:22.126999Z,2015-04-21T18:37:22.126999Z,1.56,0.83,45.94564,-130.01968,0.797,262.67739510016304,3.0927165759314765,0.9290762247883565,3.4585881032380623,1.3
80266,passing_waveforms_data_mldd/waveforms/event_2015-04-21T19:18:56.475999Z.mseed,AXEC1,2015-04-21T19:18:56.475999Z,2015-04-21T19:18:56.475999Z,1.52,0.78,45.94626,-130.02212,0.995,264.31784686852467,2.0549975812445593,0.9940111887789781,7.406246560492352,1.4
80283,passing_waveforms_data_mldd/waveforms/event_2015-04-21T19:59:12.400000Z.mseed,AXEC1,2015-04-21T19:59:12.400000Z,2015-04-21T19:59:12.400000Z,0.95,0.44,45.95034,-129.99616,0.436,274.49710662522875,2.8882872166841653,0.9679906073599273,7.425702404300631,0.9
80479,passing_waveforms_data_mldd/waveforms/event_2015-04-22T06:56:37.338999Z.mseed,AXEC1,2015-04-22T06:56:37.338999Z,2015-04-22T06:56:37.338999Z,1.68,0.81,45.9745,-129.99993,1.027,331.1953704244167,2.820162338635424,0.8758155154630415,24.9135423871753,0.4
80586,passing_waveforms_data_mldd/waveforms/event_2015-04-22T14:08:35.929999Z.mseed,AXEC1,2015-04-22T14:08:35.929999Z,2015-04-22T14:08:35.929999Z,1.24,0.59,45.9634,-129.99742,1.465,318.9045353014964,3.243694693458119,0.9755279735821919,6.4607932989885795,0.9
80765,passing_waveforms_data_mldd/waveforms/event_2015-04-22T17:33:00.400000Z.mseed,AXEC1,2015-04-22T17:33:00.400000Z,2015-04-22T17:33:00.400000Z,0.84,0.39,45.95071,-129.98493,1.745,287.91607287994606,3.3173489468533073,0.9886167410812551,2.6766591836465423,0.9
80776,passing_waveforms_data_mldd/waveforms/event_2015-04-22T17:36:00.150000Z.mseed,AXEC1,2015-04-22T17:36:00.150000Z,2015-04-22T17:36:00.150000Z,0.73,0.31,45.94492,-129.98878,0.477,234.3653893552304,2.4356455200204703,0.9858087320232886,5.203542524988977,0.5
80944,passing_waveforms_data_mldd/waveforms/event_2015-04-22T20:35:28.702000Z.mseed,AXEC1,2015-04-22T20:35:28.702000Z,2015-04-22T20:35:28.702000Z,0.86,0.45,45.94495,-129.98556,1.567,222.14771166545995,2.080553888323026,0.9242938030389694,5.173297478818126,1.3
81269,passing_waveforms_data_mldd/waveforms/event_2015-04-23T12:04:18.541000Z.mseed,AXEC1,2015-04-23T12:04:18.541000Z,2015-04-23T12:04:18.541000Z,1.52,0.75,45.93955,-130.01937,0.936,250.7965146401923,4.815966276858984,0.9331294120755159,2.329661429061858,1.2
81321,passing_waveforms_data_mldd/waveforms/event_2015-04-23T14:39:10.867000Z.mseed,AXEC1,2015-04-23T14:39:10.867000Z,2015-04-23T14:39:10.867000Z,1.52,0.79,45.94161,-130.02135,1.097,255.37990867055322,3.17769740547436,0.9597582988180936,7.249765623905997,1.4
81615,passing_waveforms_data_mldd/waveforms/event_2015-04-23T17:46:44.659999Z.mseed,AXEC1,2015-04-23T17:46:44.659999Z,2015-04-23T17:46:44.659999Z,1.55,0.78,45.97044,-129.99882,1.963,328.122426273409,3.2022483979384577,0.965878457655351,4.423052373219437,1.7
81618,passing_waveforms_data_mldd/waveforms/event_2015-04-23T17:48:02.958000Z.mseed,AXEC1,2015-04-23T17:48:02.958000Z,2015-04-23T17:48:02.958000Z,1.43,0.7,45.96843,-129.99861,1.567,325.7322534106313,3.6656431333672015,0.9614283452902009,1.8870462225840199,1.1
81619,passing_waveforms_data_mldd/waveforms/event_2015-04-23T17:48:24.271000Z.mseed,AXEC1,2015-04-23T17:48:24.271000Z,2015-04-23T17:48:24.271000Z,1.48,0.72,45.9687,-129.99931,1.534,325.1348561020923,2.267786252897906,0.9628589651354911,7.968480174586635,0.8
81627,passing_waveforms_data_mldd/waveforms/event_2015-04-23T17:50:27.382000Z.mseed,AXEC1,2015-04-23T17:50:27.382000Z,2015-04-23T17:50:27.382000Z,1.58,0.82,45.97178,-129.99782,1.757,331.0604641614126,2.026613057090642,0.9821856647836683,8.234485458975781,1.4
81630,passing_waveforms_data_mldd/waveforms/event_2015-04-23T17:51:36.920000Z.mseed,AXEC1,2015-04-23T17:51:36.920000Z,2015-04-23T17:51:36.920000Z,0.98,0.51,45.93769,-129.97951,1.561,180.06532420926658,2.7404198599544554,0.9879191403034381,5.731601325494733,1.5
81635,passing_waveforms_data_mldd/waveforms/event_2015-04-23T17:52:19.879999Z.mseed,AXEC1,2015-04-23T17:52:19.879999Z,2015-04-23T17:52:19.879999Z,0.9,0.39,45.94813,-129.99354,0.336,262.1676121847678,2.1530181158812187,0.8982594845440494,5.454150174087587,0.6
81638,passing_waveforms_data_mldd/waveforms/event_2015-04-23T17:53:09.157000Z.mseed,AXEC1,2015-04-23T17:53:09.157000Z,2015-04-23T17:53:09.157000Z,1.41,0.71,45.96771,-129.9983,1.802,325.12641233597543,3.637338061459017,0.9554267992162534,2.5081148561706867,1.7
81641,passing_waveforms_data_mldd/waveforms/event_2015-04-23T17:53:53.746000Z.mseed,AXEC1,2015-04-23T17:53:53.746000Z,2015-04-23T17:53:53.746000Z,1.12,0.42,45.95056,-129.99826,0.094,275.0396512127778,3.19062430690248,0.9929975861976735,8.103923199389104,1.3
81645,passing_waveforms_data_mldd/waveforms/event_2015-04-23T17:54:32.546999Z.mseed,AXEC1,2015-04-23T17:54:32.546999Z,2015-04-23T17:54:32.546999Z,1.65,0.86,45.97302,-129.99935,2.293,330.3989201349752,3.5922367315133235,0.956319567065648,11.179197290144181,1.5
81650,passing_waveforms_data_mldd/waveforms/event_2015-04-23T17:55:53.295000Z.mseed,AXEC1,2015-04-23T17:55:53.295000Z,2015-04-23T17:55:53.295000Z,1.33,0.66,45.96646,-129.99795,1.615,323.69251877625004,5.706471537247133,0.9781787603301894,3.8246642249645917,1.3
81657,passing_waveforms_data_mldd/waveforms/event_2015-04-23T17:57:57.722000Z.mseed,AXEC1,2015-04-23T17:57:57.722000Z,2015-04-23T17:57:57.722000Z,1.32,0.62,45.9494,-129.99768,0.018,269.88839848246994,2.166450487805077,0.9659817882022124,5.314267438134582,1.4
81658,passing_waveforms_data_mldd/waveforms/event_2015-04-23T17:58:11.359999Z.mseed,AXEC1,2015-04-23T17:58:11.359999Z,2015-04-23T17:58:11.359999Z,0.95,0.46,45.93791,-129.97955,1.571,180.19029245129371,2.4937031934229688,0.8955134706427816,4.732131537993599,1.3
81688,passing_waveforms_data_mldd/waveforms/event_2015-04-23T18:05:55.204000Z.mseed,AXEC1,2015-04-23T18:05:55.204000Z,2015-04-23T18:05:55.204000Z,1.13,0.53,45.9617,-129.99692,1.492,315.9701920124244,4.279092021464266,0.9972284571260066,6.517117746849661,1.0
81691,passing_waveforms_data_mldd/waveforms/event_2015-04-23T18:07:11.140000Z.mseed,AXEC1,2015-04-23T18:07:11.140000Z,2015-04-23T18:07:11.140000Z,2.35,1.22,45.97955,-130.02203,1.018,316.15342078825745,2.1100034760835857,0.80682504960959,16.59314269245581,1.2
81729,passing_waveforms_data_mldd/waveforms/event_2015-04-23T18:22:09.720000Z.mseed,AXEC1,2015-04-23T18:22:09.720000Z,2015-04-23T18:22:09.720000Z,1.29,0.58,45.96636,-129.99398,1.719,330.01861211571895,2.4203836872481435,0.9519693521608943,8.591416897127417,0.8
81736,passing_waveforms_data_mldd/waveforms/event_2015-04-23T18:24:52.968000Z.mseed,AXEC1,2015-04-23T18:24:52.968000Z,2015-04-23T18:24:52.968000Z,1.19,0.57,45.96158,-129.99757,1.469,314.6241451227239,3.8097573914972265,0.9802621967734071,9.091050302385998,1.3
81764,passing_waveforms_data_mldd/waveforms/event_2015-04-23T18:43:40.813000Z.mseed,AXEC1,2015-04-23T18:43:40.813000Z,2015-04-23T18:43:40.813000Z,1.37,0.68,45.9667,-129.99774,1.689,324.39756262242514,3.4366763255112183,0.98219454857096,2.009928071757401,1.2
81766,passing_waveforms_data_mldd/waveforms/event_2015-04-23T18:45:15.968000Z.mseed,AXEC1,2015-04-23T18:45:15.968000Z,2015-04-23T18:45:15.968000Z,1.4,0.66,45.96641,-129.99905,0.961,321.9857704592846,2.5862308654442776,0.9879759485280014,2.447921252116019,0.8
81774,passing_waveforms_data_mldd/waveforms/event_2015-04-23T18:48:48.326999Z.mseed,AXEC1,2015-04-23T18:48:48.326999Z,2015-04-23T18:48:48.326999Z,1.44,0.68,45.96853,-129.99475,2.577,331.7275963605101,3.337792191091503,0.7712800858540065,4.639915534289408,1.4
81784,passing_waveforms_data_mldd/waveforms/event_2015-04-23T18:54:39.890000Z.mseed,AXEC1,2015-04-23T18:54:39.890000Z,2015-04-23T18:54:39.890000Z,2.04,1.1,45.98132,-130.0061,1.897,330.5987927051142,2.482889771250668,0.9180780960409536,13.381731364625796,2.0
81790,passing_waveforms_data_mldd/waveforms/event_2015-04-23T18:57:06.952000Z.mseed,AXEC1,2015-04-23T18:57:06.952000Z,2015-04-23T18:57:06.952000Z,1.24,0.59,45.96354,-129.99737,1.468,319.271684623752,3.1518230862990784,0.9839046812025395,6.179179714715184,1.0
81859,passing_waveforms_data_mldd/waveforms/event_2015-04-23T19:38:38.359999Z.mseed,AXEC1,2015-04-23T19:38:38.359999Z,2015-04-23T19:38:38.359999Z,1.16,0.56,45.96001,-129.99662,1.501,312.1800238038217,3.868030459834835,0.9680322763257412,2.5553525917958493,1.4
81903,passing_waveforms_data_mldd/waveforms/event_2015-04-23T20:01:01.800000Z.mseed,AXEC1,2015-04-23T20:01:01.800000Z,2015-04-23T20:01:01.800000Z,1.04,0.45,45.94986,-129.99718,0.22,272.0259371063746,2.1429912361294448,0.9967201047668418,6.3030561424690825,1.0
81909,passing_waveforms_data_mldd/waveforms/event_2015-04-23T20:05:30.239999Z.mseed,AXEC1,2015-04-23T20:05:30.239999Z,2015-04-23T20:05:30.239999Z,1.03,0.49,45.94972,-129.99645,0.32,271.39668587009515,4.601472877748624,0.9725771669919357,5.480371811216539,1.6
81910,passing_waveforms_data_mldd/waveforms/event_2015-04-23T20:05:51.200000Z.mseed,AXEC1,2015-04-23T20:05:51.200000Z,2015-04-23T20:05:51.200000Z,0.99,0.46,45.94992,-129.99641,0.367,272.3809775135868,3.11276354179104,0.9849781521329902,2.35083710586947,0.8
81944,passing_waveforms_data_mldd/waveforms/event_2015-04-23T20:16:27.359999Z.mseed,AXEC1,2015-04-23T20:16:27.359999Z,2015-04-23T20:16:27.359999Z,1.03,0.5,45.9501,-129.99651,0.377,273.24941414872535,2.8123113417701453,0.9579190607380996,4.851260577750608,1.1
81954,passing_waveforms_data_mldd/waveforms/event_2015-04-23T20:19:35.479999Z.mseed,AXEC1,2015-04-23T20:19:35.479999Z,2015-04-23T20:19:35.479999Z,1.01,0.5,45.95011,-129.99652,0.375,273.29664646622336,2.986794684207755,0.9747979013324379,5.429555090269139,0.9
81974,passing_waveforms_data_mldd/waveforms/event_2015-04-23T20:30:34.240000Z.mseed,AXEC1,2015-04-23T20:30:34.240000Z,2015-04-23T20:30:34.240000Z,1.03,0.5,45.95008,-129.99635,0.397,273.17524974074286,2.72838196324516,0.930093247102386,3.6696624607292314,1.3
81983,passing_waveforms_data_mldd/waveforms/event_2015-04-23T20:34:35.682000Z.mseed,AXEC1,2015-04-23T20:34:35.682000Z,2015-04-23T20:34:35.682000Z,1.03,0.47,45.95802,-129.9954,1.365,308.3320317909869,7.208049621790831,0.9972932538844995,3.838289054233612,1.2
81990,passing_waveforms_data_mldd/waveforms/event_2015-04-23T20:37:45.865999Z.mseed,AXEC1,2015-04-23T20:37:45.865999Z,2015-04-23T20:37:45.865999Z,1.29,0.64,45.96519,-129.99718,1.582,322.7203739753433,2.919265592090448,0.9708964205597094,4.101117351358791,1.0
82001,passing_waveforms_data_mldd/waveforms/event_2015-04-23T20:40:21.878000Z.mseed,AXEC1,2015-04-23T20:40:21.878000Z,2015-04-23T20:40:21.878000Z,1.25,0.59,45.9656,-129.99724,1.577,323.3441162765985,3.8499124979884964,0.9883329274250868,5.9303617499056385,0.8
82022,passing_waveforms_data_mldd/waveforms/event_2015-04-23T20:52:16.760000Z.mseed,AXEC1,2015-04-23T20:52:16.760000Z,2015-04-23T20:52:16.760000Z,0.95,0.41,45.95055,-129.99608,0.343,275.5625568370955,6.559724669279863,0.9923960274628884,3.612723909192651,1.3
82023,passing_waveforms_data_mldd/waveforms/event_2015-04-23T20:52:40.064000Z.mseed,AXEC1,2015-04-23T20:52:40.064000Z,2015-04-23T20:52:40.064000Z,0.95,0.41,45.95637,-129.99573,0.944,301.97913645853515,5.56577054831848,0.9588627506176821,5.097234855681959,1.2
82068,passing_waveforms_data_mldd/waveforms/event_2015-04-23T21:30:11.864000Z.mseed,AXEC1,2015-04-23T21:30:11.864000Z,2015-04-23T21:30:11.864000Z,0.97,0.47,45.95552,-129.99563,0.758,298.83811342422655,2.1989755337785364,0.9514006274281157,4.651496510470693,1.2
82158,passing_waveforms_data_mldd/waveforms/event_2015-04-25T00:06:47.939999Z.mseed,AXEC1,2015-04-25T00:06:47.939999Z,2015-04-25T00:06:47.939999Z,0.79,0.36,45.94709,-129.99381,0.527,256.5124943741167,6.088608609537973,0.988719383220627,8.049161125934223,1.1
82162,passing_waveforms_data_mldd/waveforms/event_2015-04-25T00:11:23.568000Z.mseed,AXEC1,2015-04-25T00:11:23.568000Z,2015-04-25T00:11:23.568000Z,0.9,0.45,45.94329,-129.99121,0.403,232.63391534019615,2.0839450513581044,0.9630900215564471,1.3322130283004057,0.9
82164,passing_waveforms_data_mldd/waveforms/event_2015-04-25T00:12:06.466000Z.mseed,AXEC1,2015-04-25T00:12:06.466000Z,2015-04-25T00:12:06.466000Z,0.84,0.41,45.94671,-129.99355,0.506,254.1646514573718,2.815770305273432,0.9860978884270648,7.403907927940107,0.9
82169,passing_waveforms_data_mldd/waveforms/event_2015-04-25T00:14:19.307999Z.mseed,AXEC1,2015-04-25T00:14:19.307999Z,2015-04-25T00:14:19.307999Z,0.91,0.48,45.94393,-129.99248,0.601,238.34437126125835,2.4299078067975124,0.9753814696952017,4.111598577499404,0.8
82171,passing_waveforms_data_mldd/waveforms/event_2015-04-25T00:15:41.240000Z.mseed,AXEC1,2015-04-25T00:15:41.240000Z,2015-04-25T00:15:41.240000Z,0.81,0.46,45.94554,-129.99316,0.732,247.42822740120283,3.121121842169645,0.959092871337849,6.620927572837977,0.7
82173,passing_waveforms_data_mldd/waveforms/event_2015-04-25T00:17:05.121000Z.mseed,AXEC1,2015-04-25T00:17:05.121000Z,2015-04-25T00:17:05.121000Z,0.89,0.45,45.94392,-129.99278,0.63,238.8972016697241,5.638212429668529,0.9775658507384155,5.215061087009471,1.1
82184,passing_waveforms_data_mldd/waveforms/event_2015-04-25T00:20:24.411000Z.mseed,AXEC1,2015-04-25T00:20:24.411000Z,2015-04-25T00:20:24.411000Z,1.05,0.51,45.95643,-129.99534,1.335,302.8351996482472,2.275297366429158,0.9019551020185993,15.407712787844554,0.9
82195,passing_waveforms_data_mldd/waveforms/event_2015-04-25T00:26:26.237999Z.mseed,AXEC1,2015-04-25T00:26:26.237999Z,2015-04-25T00:26:26.237999Z,1.05,0.54,45.93512,-129.97983,1.445,181.0634911561644,2.5673494349278863,0.9716981704627291,6.036672178893055,1.3
82199,passing_waveforms_data_mldd/waveforms/event_2015-04-25T00:27:53.884999Z.mseed,AXEC1,2015-04-25T00:27:53.884999Z,2015-04-25T00:27:53.884999Z,1.15,0.61,45.9347,-129.98057,1.485,183.04019905246565,2.005280322974074,0.9780757095580308,6.246757820486586,1.8
82200,passing_waveforms_data_mldd/waveforms/event_2015-04-25T00:28:58.590000Z.mseed,AXEC1,2015-04-25T00:28:58.590000Z,2015-04-25T00:28:58.590000Z,1.06,0.5,45.95816,-129.99728,1.267,305.6917078913734,4.412984553249262,0.9964472818451023,6.546032392879785,1.1
82201,passing_waveforms_data_mldd/waveforms/event_2015-04-25T00:29:06.700999Z.mseed,AXEC1,2015-04-25T00:29:06.700999Z,2015-04-25T00:29:06.700999Z,1.11,0.56,45.95951,-129.99692,1.522,310.29277222986764,2.2766942577108216,0.9785246234955975,4.648674250608225,1.0
82208,passing_waveforms_data_mldd/waveforms/event_2015-04-25T00:33:37.167999Z.mseed,AXEC1,2015-04-25T00:33:37.167999Z,2015-04-25T00:33:37.167999Z,1.01,0.46,45.95456,-129.99696,0.745,293.1826434803827,4.417957548257754,0.9832136889550768,5.066066271528165,0.8
82211,passing_waveforms_data_mldd/waveforms/event_2015-04-25T00:34:19.899999Z.mseed,AXEC1,2015-04-25T00:34:19.899999Z,2015-04-25T00:34:19.899999Z,0.99,0.44,45.95766,-129.99479,1.402,308.22201592665374,2.228403484983724,0.9981410869737782,7.440026482861986,0.8
82224,passing_waveforms_data_mldd/waveforms/event_2015-04-25T00:39:00.896000Z.mseed,AXEC1,2015-04-25T00:39:00.896000Z,2015-04-25T00:39:00.896000Z,0.91,0.47,45.94562,-129.99318,0.574,247.8718491583685,2.004583261190654,0.9855982933444609,5.675833203083783,0.9
82231,passing_waveforms_data_mldd/waveforms/event_2015-04-25T00:43:51.517000Z.mseed,AXEC1,2015-04-25T00:43:51.517000Z,2015-04-25T00:43:51.517000Z,0.89,0.46,45.94537,-129.99387,0.609,247.63967240358824,3.2081858094932865,0.9780748315211549,2.914634728904036,0.9
82237,passing_waveforms_data_mldd/waveforms/event_2015-04-25T00:45:51.828000Z.mseed,AXEC1,2015-04-25T00:45:51.828000Z,2015-04-25T00:45:51.828000Z,0.92,0.48,45.94956,-129.99481,0.946,270.6008825072669,2.6577406768577703,0.983724434081017,1.5108927003237376,1.4
82241,passing_waveforms_data_mldd/waveforms/event_2015-04-25T00:47:53.490999Z.mseed,AXEC1,2015-04-25T00:47:53.490999Z,2015-04-25T00:47:53.490999Z,1.15,0.59,45.95945,-129.9978,1.405,308.72919170492094,5.928343767284719,0.9861890179647814,1.8191286789297145,1.6
82257,passing_waveforms_data_mldd/waveforms/event_2015-04-25T01:01:18.498999Z.mseed,AXEC1,2015-04-25T01:01:18.498999Z,2015-04-25T01:01:18.498999Z,0.91,0.48,45.94495,-129.99328,0.615,244.6621162897924,4.012434468527502,0.9720261402505195,3.6672913436159806,1.2
82275,passing_waveforms_data_mldd/waveforms/event_2015-04-25T01:16:23.774999Z.mseed,AXEC1,2015-04-25T01:16:23.774999Z,2015-04-25T01:16:23.774999Z,1.04,0.47,45.95813,-129.99663,1.458,306.6164105621183,2.268880291096792,0.9873624028424424,7.247706001481534,0.8
82289,passing_waveforms_data_mldd/waveforms/event_2015-04-25T01:23:32.905999Z.mseed,AXEC1,2015-04-25T01:23:32.905999Z,2015-04-25T01:23:32.905999Z,1.0,0.45,45.95669,-129.9961,1.277,302.57303024804315,6.457389846944643,0.9859816316709817,5.34134473383181,1.0
82290,passing_waveforms_data_mldd/waveforms/event_2015-04-25T01:24:16.010000Z.mseed,AXEC1,2015-04-25T01:24:16.010000Z,2015-04-25T01:24:16.010000Z,0.84,0.36,45.94412,-129.99202,0.531,238.28063995166113,3.4862603630579128,0.988875938240015,6.024195848261711,0.8
82292,passing_waveforms_data_mldd/waveforms/event_2015-04-25T01:25:04.485000Z.mseed,AXEC1,2015-04-25T01:25:04.485000Z,2015-04-25T01:25:04.485000Z,1.61,0.86,45.9415,-130.02092,1.17,255.02406078438992,2.37044340298646,0.9371124048838887,8.473557704795569,1.8
82299,passing_waveforms_data_mldd/waveforms/event_2015-04-25T01:30:12.771000Z.mseed,AXEC1,2015-04-25T01:30:12.771000Z,2015-04-25T01:30:12.771000Z,0.84,0.42,45.9474,-129.99339,0.475,257.85002587329984,3.773559022461008,0.973818357159358,8.701870876432942,1.1
82303,passing_waveforms_data_mldd/waveforms/event_2015-04-25T01:31:51.137000Z.mseed,AXEC1,2015-04-25T01:31:51.137000Z,2015-04-25T01:31:51.137000Z,1.02,0.49,45.9565,-129.98882,1.767,318.1162461140573,3.119683960684299,0.9857660217098304,5.039934863499461,0.9
82304,passing_waveforms_data_mldd/waveforms/event_2015-04-25T01:32:19.355000Z.mseed,AXEC1,2015-04-25T01:32:19.355000Z,2015-04-25T01:32:19.355000Z,1.18,0.61,45.9583,-129.99798,1.359,305.0791864079697,2.547729751957624,0.971060545543267,4.713125041168815,1.1
82307,passing_waveforms_data_mldd/waveforms/event_2015-04-25T01:34:19.937000Z.mseed,AXEC1,2015-04-25T01:34:19.937000Z,2015-04-25T01:34:19.937000Z,0.95,0.47,45.95379,-129.986,1.873,314.4785047844922,2.1650984118567544,0.9765321401374831,4.008041460732092,0.7
82312,passing_waveforms_data_mldd/waveforms/event_2015-04-25T01:35:58.963999Z.mseed,AXEC1,2015-04-25T01:35:58.963999Z,2015-04-25T01:35:58.963999Z,1.17,0.59,45.93269,-129.97784,1.768,176.31001516786705,3.591187913823281,0.9384598687999987,2.6283274770401652,0.6
82313,passing_waveforms_data_mldd/waveforms/event_2015-04-25T01:36:24.132999Z.mseed,AXEC1,2015-04-25T01:36:24.132999Z,2015-04-25T01:36:24.132999Z,0.77,0.32,45.94659,-129.99157,0.425,250.85369088494272,4.583597101434884,0.9899225749416338,6.067206352242357,1.0
82317,passing_waveforms_data_mldd/waveforms/event_2015-04-25T01:37:22.295999Z.mseed,AXEC1,2015-04-25T01:37:22.295999Z,2015-04-25T01:37:22.295999Z,0.99,0.51,45.93953,-129.98641,1.586,205.68141218366753,2.3909490703103855,0.9785424653680674,7.793049001412067,1.1
82326,passing_waveforms_data_mldd/waveforms/event_2015-04-25T01:42:29.737999Z.mseed,AXEC1,2015-04-25T01:42:29.737999Z,2015-04-25T01:42:29.737999Z,1.67,0.83,45.94536,-130.01131,0.121,259.88135773284966,2.0689618758878034,0.9891534160806915,8.031840968876457,1.6
82333,passing_waveforms_data_mldd/waveforms/event_2015-04-25T01:45:50.787999Z.mseed,AXEC1,2015-04-25T01:45:50.787999Z,2015-04-25T01:45:50.787999Z,0.89,0.41,45.95414,-129.98669,1.707,313.79031877387933,3.2266462981525876,0.992003770585026,4.610492867425025,1.1
82339,passing_waveforms_data_mldd/waveforms/event_2015-04-25T01:49:51.719000Z.mseed,AXEC1,2015-04-25T01:49:51.719000Z,2015-04-25T01:49:51.719000Z,1.14,0.54,45.95938,-129.99765,1.502,308.76260729885826,3.999078297154293,0.9842158920192355,5.246531073878705,1.2
82340,passing_waveforms_data_mldd/waveforms/event_2015-04-25T01:49:56.887999Z.mseed,AXEC1,2015-04-25T01:49:56.887999Z,2015-04-25T01:49:56.887999Z,1.1,0.59,45.95809,-129.9965,0.997,306.6985583938876,3.3156023419278546,0.9437196716262607,3.4958218919805026,1.5
82341,passing_waveforms_data_mldd/waveforms/event_2015-04-25T01:50:18.231999Z.mseed,AXEC1,2015-04-25T01:50:18.231999Z,2015-04-25T01:50:18.231999Z,0.83,0.4,45.94515,-129.98432,1.555,216.7418245118431,3.4190855546117094,0.9846338750020085,3.9116240243940767,1.2
82344,passing_waveforms_data_mldd/waveforms/event_2015-04-25T01:52:08.852000Z.mseed,AXEC1,2015-04-25T01:52:08.852000Z,2015-04-25T01:52:08.852000Z,1.02,0.43,45.95781,-129.99248,1.705,313.423740495409,6.348708204138424,0.9976935128098379,6.426715708529424,1.0
82351,passing_waveforms_data_mldd/waveforms/event_2015-04-25T01:55:52.226999Z.mseed,AXEC1,2015-04-25T01:55:52.226999Z,2015-04-25T01:55:52.226999Z,0.88,0.44,45.9485,-129.99461,0.471,264.78120666076774,3.159673939610629,0.9282345557457933,2.536044861786208,0.7
82358,passing_waveforms_data_mldd/waveforms/event_2015-04-25T01:59:03.140000Z.mseed,AXEC1,2015-04-25T01:59:03.140000Z,2015-04-25T01:59:03.140000Z,0.83,0.4,45.9441,-129.98453,1.608,212.29105694915168,7.990779498295155,0.9846636637625837,3.9516628583288393,1.5
82360,passing_waveforms_data_mldd/waveforms/event_2015-04-25T02:00:14.239000Z.mseed,AXEC1,2015-04-25T02:00:14.239000Z,2015-04-25T02:00:14.239000Z,0.97,0.46,45.95557,-129.98821,1.899,315.9672628770537,6.024114581605349,0.9837200272466985,3.680507276276495,1.0
82366,passing_waveforms_data_mldd/waveforms/event_2015-04-25T02:02:29.875000Z.mseed,AXEC1,2015-04-25T02:02:29.875000Z,2015-04-25T02:02:29.875000Z,0.84,0.4,45.95203,-129.9841,1.78,309.304693427724,2.408928083449856,0.987645492463679,4.0400331335112405,0.7
82369,passing_waveforms_data_mldd/waveforms/event_2015-04-25T02:04:16.446000Z.mseed,AXEC1,2015-04-25T02:04:16.446000Z,2015-04-25T02:04:16.446000Z,1.55,0.85,45.92139,-129.97909,1.098,179.83878725529365,3.450728551960452,0.9561894599938421,11.334753236029114,1.2
82371,passing_waveforms_data_mldd/waveforms/event_2015-04-25T02:04:54.759000Z.mseed,AXEC1,2015-04-25T02:04:54.759000Z,2015-04-25T02:04:54.759000Z,1.26,0.61,45.96278,-129.99641,1.449,319.26777515862983,2.5475735618006787,0.978969532710848,3.564021343132918,1.5
82374,passing_waveforms_data_mldd/waveforms/event_2015-04-25T02:05:46.908999Z.mseed,AXEC1,2015-04-25T02:05:46.908999Z,2015-04-25T02:05:46.908999Z,1.64,0.75,45.94275,-130.00962,0.2,252.59524568492137,2.511201750060979,0.9986875940161686,9.943660608224764,1.8
82375,passing_waveforms_data_mldd/waveforms/event_2015-04-25T02:06:37.139000Z.mseed,AXEC1,2015-04-25T02:06:37.139000Z,2015-04-25T02:06:37.139000Z,0.78,0.37,45.94645,-129.99295,0.458,252.00081801618026,3.795497390195799,0.9841223735567789,8.788277130575375,1.0
82379,passing_waveforms_data_mldd/waveforms/event_2015-04-25T02:08:38.618999Z.mseed,AXEC1,2015-04-25T02:08:38.618999Z,2015-04-25T02:08:38.618999Z,0.89,0.46,45.94667,-129.99115,1.497,250.6899954976151,2.7446055208227067,0.9837335920150541,2.318367101696159,1.0
82380,passing_waveforms_data_mldd/waveforms/event_2015-04-25T02:09:20.975999Z.mseed,AXEC1,2015-04-25T02:09:20.975999Z,2015-04-25T02:09:20.975999Z,0.97,0.46,45.94832,-129.99034,1.843,261.0731070482623,6.278154183361368,0.9961472225546915,7.8527035638256235,1.5
82399,passing_waveforms_data_mldd/waveforms/event_2015-04-25T02:21:28.371999Z.mseed,AXEC1,2015-04-25T02:21:28.371999Z,2015-04-25T02:21:28.371999Z,0.92,0.43,45.95096,-129.98875,1.578,283.0384950816675,3.245866288681264,0.9718878840453009,5.642133737136867,1.4
82402,passing_waveforms_data_mldd/waveforms/event_2015-04-25T02:22:52.613999Z.mseed,AXEC1,2015-04-25T02:22:52.613999Z,2015-04-25T02:22:52.613999Z,0.84,0.43,45.94585,-129.99258,0.529,248.16328331422687,3.7373917785105935,0.9803246077210296,4.883638318819968,1.0
82405,passing_waveforms_data_mldd/waveforms/event_2015-04-25T02:25:00.077000Z.mseed,AXEC1,2015-04-25T02:25:00.077000Z,2015-04-25T02:25:00.077000Z,0.9,0.43,45.95031,-129.98849,1.614,277.4968797478922,3.744330594292852,0.9793319130495656,4.515234732084107,1.4
82415,passing_waveforms_data_mldd/waveforms/event_2015-04-25T02:30:40.460000Z.mseed,AXEC1,2015-04-25T02:30:40.460000Z,2015-04-25T02:30:40.460000Z,1.07,0.51,45.95852,-129.98978,1.802,322.52482473072513,4.02285395935725,0.9860735356407324,4.216434925890405,1.4
82427,passing_waveforms_data_mldd/waveforms/event_2015-04-25T02:37:50.615000Z.mseed,AXEC1,2015-04-25T02:37:50.615000Z,2015-04-25T02:37:50.615000Z,0.85,0.41,45.94655,-129.99242,0.5,251.85475761884686,3.0112487386710396,0.9838808471675627,4.759834513072135,0.8
82429,passing_waveforms_data_mldd/waveforms/event_2015-04-25T02:38:12.744999Z.mseed,AXEC1,2015-04-25T02:38:12.744999Z,2015-04-25T02:38:12.744999Z,1.04,0.55,45.95,-129.9967,0.455,272.7387318393013,2.7122069207555795,0.9219713796286101,4.297884536756471,1.1
82436,passing_waveforms_data_mldd/waveforms/event_2015-04-25T02:42:32.387999Z.mseed,AXEC1,2015-04-25T02:42:32.387999Z,2015-04-25T02:42:32.387999Z,0.97,0.55,45.94414,-129.99115,1.541,236.45059787464743,3.654402889271597,0.9905753079698232,7.3249827770214075,1.3
82437,passing_waveforms_data_mldd/waveforms/event_2015-04-25T02:43:20.809000Z.mseed,AXEC1,2015-04-25T02:43:20.809000Z,2015-04-25T02:43:20.809000Z,1.07,0.54,45.95629,-129.99576,1.276,301.63143410425454,3.093852532281278,0.9256716342848085,13.543270587916233,1.2
82440,passing_waveforms_data_mldd/waveforms/event_2015-04-25T02:44:43.770000Z.mseed,AXEC1,2015-04-25T02:44:43.770000Z,2015-04-25T02:44:43.770000Z,0.89,0.43,45.94698,-129.99457,0.5,256.63805295948475,2.7855583664082224,0.9870884773692208,7.953974538559435,0.9
82459,passing_waveforms_data_mldd/waveforms/event_2015-04-25T03:01:23.879999Z.mseed,AXEC1,2015-04-25T03:01:23.879999Z,2015-04-25T03:01:23.879999Z,1.0,0.5,45.95146,-129.99618,0.572,279.9981363994765,2.2929047574328916,0.9464496402956076,2.764033364942252,1.1
82478,passing_waveforms_data_mldd/waveforms/event_2015-04-25T03:14:40.996000Z.mseed,AXEC1,2015-04-25T03:14:40.996000Z,2015-04-25T03:14:40.996000Z,0.83,0.39,45.94825,-129.99312,0.514,262.62286407616114,3.925708926404513,0.9824381049463591,3.557541577269297,0.9
82479,passing_waveforms_data_mldd/waveforms/event_2015-04-25T03:15:07.092999Z.mseed,AXEC1,2015-04-25T03:15:07.092999Z,2015-04-25T03:15:07.092999Z,0.86,0.41,45.94588,-129.99329,0.506,249.38878881083986,4.548475139404379,0.993381225183402,11.186118805765034,1.3
82482,passing_waveforms_data_mldd/waveforms/event_2015-04-25T03:16:53.869999Z.mseed,AXEC1,2015-04-25T03:16:53.869999Z,2015-04-25T03:16:53.869999Z,0.95,0.49,45.94779,-129.99224,1.657,259.14389311807975,5.631853719801829,0.9894494367437517,6.463260704349107,1.8
82485,passing_waveforms_data_mldd/waveforms/event_2015-04-25T03:18:50.048000Z.mseed,AXEC1,2015-04-25T03:18:50.048000Z,2015-04-25T03:18:50.048000Z,0.9,0.43,45.94561,-129.99295,0.52,247.46459952955877,3.0114309036918936,0.9894088032320496,9.381588853452934,1.2
82496,passing_waveforms_data_mldd/waveforms/event_2015-04-25T03:28:15.551999Z.mseed,AXEC1,2015-04-25T03:28:15.551999Z,2015-04-25T03:28:15.551999Z,0.87,0.44,45.94802,-129.9844,1.731,245.25988612578504,2.212402567972084,0.9881640854896309,4.390485327496602,1.1
82498,passing_waveforms_data_mldd/waveforms/event_2015-04-25T03:28:55.420000Z.mseed,AXEC1,2015-04-25T03:28:55.420000Z,2015-04-25T03:28:55.420000Z,0.94,0.44,45.95267,-129.98837,1.772,297.7717364954849,3.959854206432188,0.981213433559083,5.914988284939898,1.2
82502,passing_waveforms_data_mldd/waveforms/event_2015-04-25T03:33:22.501000Z.mseed,AXEC1,2015-04-25T03:33:22.501000Z,2015-04-25T03:33:22.501000Z,0.89,0.44,45.94421,-129.99234,0.614,239.3667166412886,2.496324070407365,0.984520675207938,2.0690586845447103,0.9
82510,passing_waveforms_data_mldd/waveforms/event_2015-04-25T03:39:40.759999Z.mseed,AXEC1,2015-04-25T03:39:40.759999Z,2015-04-25T03:39:40.759999Z,0.92,0.45,45.94402,-129.99167,1.053,237.0505985281627,4.163699793996683,0.986805163692065,2.8488617361017803,1.0
82511,passing_waveforms_data_mldd/waveforms/event_2015-04-25T03:39:49.671999Z.mseed,AXEC1,2015-04-25T03:39:49.671999Z,2015-04-25T03:39:49.671999Z,1.64,0.81,45.94735,-130.01925,0.565,266.0972265621068,3.1031048689659926,0.9718205409942452,3.71733898654023,1.4
82514,passing_waveforms_data_mldd/waveforms/event_2015-04-25T03:41:51.182999Z.mseed,AXEC1,2015-04-25T03:41:51.182999Z,2015-04-25T03:41:51.182999Z,0.93,0.49,45.94419,-129.99287,0.71,240.30951278503508,3.004927193787613,0.9765731564361672,7.311814753568359,1.1
82543,passing_waveforms_data_mldd/waveforms/event_2015-04-25T04:02:04.607999Z.mseed,AXEC1,2015-04-25T04:02:04.607999Z,2015-04-25T04:02:04.607999Z,1.05,0.54,45.95601,-129.99484,1.445,302.0460156399006,2.707400389606348,0.9496548485993281,6.770740828716603,1.0
82544,passing_waveforms_data_mldd/waveforms/event_2015-04-25T04:02:12.384000Z.mseed,AXEC1,2015-04-25T04:02:12.384000Z,2015-04-25T04:02:12.384000Z,0.97,0.44,45.95574,-129.99596,1.144,299.2178383114616,4.316288511738299,0.9864285064637562,6.495945742800289,1.1
82545,passing_waveforms_data_mldd/waveforms/event_2015-04-25T04:02:43.396999Z.mseed,AXEC1,2015-04-25T04:02:43.396999Z,2015-04-25T04:02:43.396999Z,0.85,0.42,45.94518,-129.99193,0.486,243.4266419051482,3.9842955441118777,0.9938727294304553,7.685687120903723,1.1
82547,passing_waveforms_data_mldd/waveforms/event_2015-04-25T04:03:28.184000Z.mseed,AXEC1,2015-04-25T04:03:28.184000Z,2015-04-25T04:03:28.184000Z,0.82,0.39,45.9476,-129.99384,0.571,259.35868169023195,3.048347621918672,0.9282291763760439,7.665588692139896,0.9
82550,passing_waveforms_data_mldd/waveforms/event_2015-04-25T04:04:57.101999Z.mseed,AXEC1,2015-04-25T04:04:57.101999Z,2015-04-25T04:04:57.101999Z,0.9,0.45,45.94368,-129.99251,0.543,237.2744461164985,3.123421747625665,0.9636955290288766,5.330610458424532,0.9
82554,passing_waveforms_data_mldd/waveforms/event_2015-04-25T04:11:19.350000Z.mseed,AXEC1,2015-04-25T04:11:19.350000Z,2015-04-25T04:11:19.350000Z,0.8,0.36,45.94572,-129.99059,0.527,243.7721041998493,2.2380605389285404,0.9889068352920115,3.105202245243574,0.8
82563,passing_waveforms_data_mldd/waveforms/event_2015-04-25T04:17:03.883000Z.mseed,AXEC1,2015-04-25T04:17:03.883000Z,2015-04-25T04:17:03.883000Z,0.87,0.44,45.94942,-129.994,0.474,269.79036556852554,3.284654452925972,0.9803831052343404,2.6668171131715472,1.1
82591,passing_waveforms_data_mldd/waveforms/event_2015-04-25T04:33:55.216999Z.mseed,AXEC1,2015-04-25T04:33:55.216999Z,2015-04-25T04:33:55.216999Z,1.6,0.81,45.94166,-130.02658,1.32,257.10753604560205,4.490117505337855,0.9973287566699364,7.701182306012513,1.6
82592,passing_waveforms_data_mldd/waveforms/event_2015-04-25T04:34:10.069000Z.mseed,AXEC1,2015-04-25T04:34:10.069000Z,2015-04-25T04:34:10.069000Z,0.79,0.4,45.9462,-129.99147,0.508,248.33296313693785,4.9677123002042425,0.9811961380771256,3.4121397838984544,1.1
82593,passing_waveforms_data_mldd/waveforms/event_2015-04-25T04:36:29.343000Z.mseed,AXEC1,2015-04-25T04:36:29.343000Z,2015-04-25T04:36:29.343000Z,0.83,0.41,45.9471,-129.99258,0.524,255.278008255232,2.08064575623726,0.9512931783701993,9.143719344743104,0.8
82608,passing_waveforms_data_mldd/waveforms/event_2015-04-25T04:49:11.621000Z.mseed,AXEC1,2015-04-25T04:49:11.621000Z,2015-04-25T04:49:11.621000Z,0.81,0.4,45.94656,-129.98682,1.388,239.4052302378991,2.2273964414199283,0.9888513382920494,4.585832334489417,1.1
82621,passing_waveforms_data_mldd/waveforms/event_2015-04-25T05:04:08.266999Z.mseed,AXEC1,2015-04-25T05:04:08.266999Z,2015-04-25T05:04:08.266999Z,0.98,0.47,45.95571,-129.9941,1.472,302.10506779264665,2.0897813145055473,0.9860571459056788,4.3411358173099,0.7
82631,passing_waveforms_data_mldd/waveforms/event_2015-04-25T05:11:54.429999Z.mseed,AXEC1,2015-04-25T05:11:54.429999Z,2015-04-25T05:11:54.429999Z,1.02,0.48,45.95061,-129.99718,0.363,275.5389723439322,2.0227620652898577,0.9876607157622604,8.085066429901484,0.7
82634,passing_waveforms_data_mldd/waveforms/event_2015-04-25T05:14:36.127000Z.mseed,AXEC1,2015-04-25T05:14:36.127000Z,2015-04-25T05:14:36.127000Z,0.92,0.46,45.94508,-129.99375,0.599,246.04774782546215,2.4215194442647676,0.9750255225700656,6.189058204923216,0.8
82648,passing_waveforms_data_mldd/waveforms/event_2015-04-25T05:24:44.060000Z.mseed,AXEC1,2015-04-25T05:24:44.060000Z,2015-04-25T05:24:44.060000Z,0.77,0.36,45.94444,-129.98913,0.378,232.70484309580488,3.2969108621863303,0.9855020780465126,3.8431087987999737,0.8
82664,passing_waveforms_data_mldd/waveforms/event_2015-04-25T05:38:10.032000Z.mseed,AXEC1,2015-04-25T05:38:10.032000Z,2015-04-25T05:38:10.032000Z,1.1,0.56,45.95656,-129.99666,0.763,301.2524004203227,3.978901933687199,0.9329960702595879,8.980484570752507,1.3
82675,passing_waveforms_data_mldd/waveforms/event_2015-04-25T05:46:36.066000Z.mseed,AXEC1,2015-04-25T05:46:36.066000Z,2015-04-25T05:46:36.066000Z,0.92,0.47,45.9466,-129.99596,0.561,255.9895293891438,3.6691842740542526,0.9741334720026463,1.8103367206225325,0.8
82685,passing_waveforms_data_mldd/waveforms/event_2015-04-25T05:57:32.582999Z.mseed,AXEC1,2015-04-25T05:57:32.582999Z,2015-04-25T05:57:32.582999Z,0.96,0.45,45.95567,-129.99538,1.265,299.8198393027567,8.410316232086355,0.990679127926857,3.879007360382363,1.3
82687,passing_waveforms_data_mldd/waveforms/event_2015-04-25T06:03:55.808999Z.mseed,AXEC1,2015-04-25T06:03:55.808999Z,2015-04-25T06:03:55.808999Z,0.87,0.41,45.94781,-129.9947,0.462,261.10833318737923,2.4454644133016794,0.9604414589251276,4.767253675152256,0.9
82692,passing_waveforms_data_mldd/waveforms/event_2015-04-25T06:06:45.807000Z.mseed,AXEC1,2015-04-25T06:06:45.807000Z,2015-04-25T06:06:45.807000Z,0.94,0.47,45.94292,-129.9848,1.707,208.81696971596116,3.4492012442517033,0.9790859222304892,3.6909585291145626,2.0
82694,passing_waveforms_data_mldd/waveforms/event_2015-04-25T06:08:14.896000Z.mseed,AXEC1,2015-04-25T06:08:14.896000Z,2015-04-25T06:08:14.896000Z,1.0,0.51,45.95597,-129.99558,1.311,300.6903177621266,3.897577922140846,0.9582642346506235,7.224483311364009,1.0
82709,passing_waveforms_data_mldd/waveforms/event_2015-04-25T06:26:26.582000Z.mseed,AXEC1,2015-04-25T06:26:26.582000Z,2015-04-25T06:26:26.582000Z,0.84,0.42,45.94571,-129.99251,0.517,247.2923241779818,2.103657409033628,0.9909895005617374,6.410505292108082,0.7
82720,passing_waveforms_data_mldd/waveforms/event_2015-04-25T06:40:18.457999Z.mseed,AXEC1,2015-04-25T06:40:18.457999Z,2015-04-25T06:40:18.457999Z,0.79,0.34,45.95076,-129.98805,1.593,282.1598022025137,2.572517053274144,0.9956829826737341,7.1196742096589025,0.8
82723,passing_waveforms_data_mldd/waveforms/event_2015-04-25T06:45:21.496999Z.mseed,AXEC1,2015-04-25T06:45:21.496999Z,2015-04-25T06:45:21.496999Z,0.88,0.44,45.94327,-129.98286,1.575,199.96218051349618,2.2258670841762322,0.9867627367970687,3.733099454964593,1.3
82725,passing_waveforms_data_mldd/waveforms/event_2015-04-25T06:47:55.671999Z.mseed,AXEC1,2015-04-25T06:47:55.671999Z,2015-04-25T06:47:55.671999Z,0.82,0.41,45.94356,-129.9908,0.569,232.84497495002344,3.737626712366449,0.9648565135037336,7.346745916920797,0.8
82732,passing_waveforms_data_mldd/waveforms/event_2015-04-25T06:53:49.442999Z.mseed,AXEC1,2015-04-25T06:53:49.442999Z,2015-04-25T06:53:49.442999Z,0.92,0.44,45.94949,-129.9876,1.753,269.7713467726917,3.943468585429395,0.9867514643788676,3.4921649592814568,1.3
82739,passing_waveforms_data_mldd/waveforms/event_2015-04-25T06:59:41.490999Z.mseed,AXEC1,2015-04-25T06:59:41.490999Z,2015-04-25T06:59:41.490999Z,0.87,0.43,45.95245,-129.99356,1.03,287.2431807012073,2.446032587850806,0.9091774839095021,8.375956363199645,0.8
82755,passing_waveforms_data_mldd/waveforms/event_2015-04-25T07:13:58.509999Z.mseed,AXEC1,2015-04-25T07:13:58.509999Z,2015-04-25T07:13:58.509999Z,0.88,0.43,45.94798,-129.98816,1.564,255.53775302397818,3.0614582245138697,0.9730360479869653,1.43330757466281,1.8
82763,passing_waveforms_data_mldd/waveforms/event_2015-04-25T07:20:07.017000Z.mseed,AXEC1,2015-04-25T07:20:07.017000Z,2015-04-25T07:20:07.017000Z,0.85,0.41,45.94717,-129.9888,1.332,249.91801321969203,3.5143060017410233,0.9864145919176058,2.1560060308572995,0.9
82764,passing_waveforms_data_mldd/waveforms/event_2015-04-25T07:21:24.172999Z.mseed,AXEC1,2015-04-25T07:21:24.172999Z,2015-04-25T07:21:24.172999Z,1.68,0.87,45.93686,-130.02078,1.355,246.78525992017546,2.1602192218981564,0.9778177585669195,6.157395757983839,1.6
82793,passing_waveforms_data_mldd/waveforms/event_2015-04-25T07:57:42.837000Z.mseed,AXEC1,2015-04-25T07:57:42.837000Z,2015-04-25T07:57:42.837000Z,0.86,0.41,45.94671,-129.99403,0.517,254.69011754329844,3.365576257837299,0.9870994575706206,5.363153384867749,0.8
82806,passing_waveforms_data_mldd/waveforms/event_2015-04-25T08:10:41.058999Z.mseed,AXEC1,2015-04-25T08:10:41.058999Z,2015-04-25T08:10:41.058999Z,0.81,0.4,45.94599,-129.99126,0.5,246.71026678721657,4.71851068928046,0.9757066236897942,7.101291452606248,0.7
82822,passing_waveforms_data_mldd/waveforms/event_2015-04-25T08:32:10.864000Z.mseed,AXEC1,2015-04-25T08:32:10.864000Z,2015-04-25T08:32:10.864000Z,1.53,0.77,45.94211,-130.02059,1.1,256.0440042815404,3.9486725271286023,0.9838379528586034,8.66456165602301,1.5
82823,passing_waveforms_data_mldd/waveforms/event_2015-04-25T08:32:44.311999Z.mseed,AXEC1,2015-04-25T08:32:44.311999Z,2015-04-25T08:32:44.311999Z,0.85,0.39,45.95175,-129.9922,1.33,284.6841662023102,4.8157183117542415,0.9926631304437682,5.247829347680767,1.4
82839,passing_waveforms_data_mldd/waveforms/event_2015-04-25T08:50:49.841999Z.mseed,AXEC1,2015-04-25T08:50:49.841999Z,2015-04-25T08:50:49.841999Z,1.0,0.51,45.95434,-129.99359,1.378,296.8739414301025,2.62466311805443,0.9738026585635144,4.056345510193523,1.3
82851,passing_waveforms_data_mldd/waveforms/event_2015-04-25T09:00:08.567000Z.mseed,AXEC1,2015-04-25T09:00:08.567000Z,2015-04-25T09:00:08.567000Z,0.86,0.43,45.95024,-129.98798,1.563,277.2261333404284,3.2811836271539487,0.9747747360613344,4.735478472184727,1.4
82859,passing_waveforms_data_mldd/waveforms/event_2015-04-25T09:10:54.301999Z.mseed,AXEC1,2015-04-25T09:10:54.301999Z,2015-04-25T09:10:54.301999Z,0.88,0.4,45.94617,-129.99213,0.541,249.24040903187836,2.6671590824797153,0.9851948881591325,3.6747162430975204,1.0
82862,passing_waveforms_data_mldd/waveforms/event_2015-04-25T09:19:12.262000Z.mseed,AXEC1,2015-04-25T09:19:12.262000Z,2015-04-25T09:19:12.262000Z,0.97,0.56,45.94438,-129.99492,0.387,244.6155580691421,2.9062860037829306,0.9536274520195794,2.913390026956948,0.6
82866,passing_waveforms_data_mldd/waveforms/event_2015-04-25T09:21:55.607999Z.mseed,AXEC1,2015-04-25T09:21:55.607999Z,2015-04-25T09:21:55.607999Z,0.94,0.44,45.94783,-129.99407,0.459,260.8064189636674,3.120056062971551,0.9760059684367349,3.1724168819210656,0.8
82876,passing_waveforms_data_mldd/waveforms/event_2015-04-25T09:33:35.960000Z.mseed,AXEC1,2015-04-25T09:33:35.960000Z,2015-04-25T09:33:35.960000Z,0.93,0.48,45.94486,-129.99262,0.888,243.0677925618311,3.5933981242222526,0.983292498059782,7.971603846873072,1.6
82881,passing_waveforms_data_mldd/waveforms/event_2015-04-25T09:37:22.702999Z.mseed,AXEC1,2015-04-25T09:37:22.702999Z,2015-04-25T09:37:22.702999Z,0.8,0.38,45.94583,-129.9926,0.539,248.08617252183853,2.0258836460804397,0.9789627228942753,4.798651406247642,0.7
82908,passing_waveforms_data_mldd/waveforms/event_2015-04-25T09:59:42.610999Z.mseed,AXEC1,2015-04-25T09:59:42.610999Z,2015-04-25T09:59:42.610999Z,0.93,0.49,45.94421,-129.99219,0.759,239.06197119936488,2.384079583032209,0.9763721711747643,6.572000130824115,1.1
82919,passing_waveforms_data_mldd/waveforms/event_2015-04-25T10:11:57.375000Z.mseed,AXEC1,2015-04-25T10:11:57.375000Z,2015-04-25T10:11:57.375000Z,0.81,0.38,45.94704,-129.9851,1.589,236.7144660278714,2.2728435448508373,0.9790487162394085,3.1191178944589653,0.7
82946,passing_waveforms_data_mldd/waveforms/event_2015-04-25T10:44:57.020000Z.mseed,AXEC1,2015-04-25T10:44:57.020000Z,2015-04-25T10:44:57.020000Z,0.99,0.51,45.94085,-129.99105,1.44,222.91544580524996,2.261639393370372,0.9446439144152794,4.864317524186186,1.1
82951,passing_waveforms_data_mldd/waveforms/event_2015-04-25T10:50:05.179999Z.mseed,AXEC1,2015-04-25T10:50:05.179999Z,2015-04-25T10:50:05.179999Z,0.95,0.43,45.94746,-129.99399,0.434,258.7028161458137,3.354015729491862,0.9833982368590591,6.477272078133666,1.0
82954,passing_waveforms_data_mldd/waveforms/event_2015-04-25T10:55:17.730000Z.mseed,AXEC1,2015-04-25T10:55:17.730000Z,2015-04-25T10:55:17.730000Z,0.88,0.45,45.9444,-129.99272,0.576,241.01182031898313,3.5467107652688137,0.9674790190668692,4.371062916084136,0.8
82961,passing_waveforms_data_mldd/waveforms/event_2015-04-25T11:00:52.118999Z.mseed,AXEC1,2015-04-25T11:00:52.118999Z,2015-04-25T11:00:52.118999Z,0.82,0.39,45.94708,-129.98485,1.581,235.87215237165816,3.931628564735562,0.9810881421519191,3.681710803423731,1.2
82966,passing_waveforms_data_mldd/waveforms/event_2015-04-25T11:05:29.571999Z.mseed,AXEC1,2015-04-25T11:05:29.571999Z,2015-04-25T11:05:29.571999Z,0.8,0.38,45.94637,-129.99091,0.483,248.39029749635037,2.6155345285991047,0.9878500245517251,4.296685417469082,0.9
82967,passing_waveforms_data_mldd/waveforms/event_2015-04-25T11:06:17.567000Z.mseed,AXEC1,2015-04-25T11:06:17.567000Z,2015-04-25T11:06:17.567000Z,1.07,0.68,45.95523,-129.99769,0.414,294.9506483291143,3.2080656036258732,0.9469588433730861,2.9682222693876996,1.0
82971,passing_waveforms_data_mldd/waveforms/event_2015-04-25T11:11:10.266999Z.mseed,AXEC1,2015-04-25T11:11:10.266999Z,2015-04-25T11:11:10.266999Z,0.98,0.45,45.95654,-129.99634,1.305,301.65956269863466,12.765003181090488,0.9947754301056284,7.503086355090042,1.3
82989,passing_waveforms_data_mldd/waveforms/event_2015-04-25T11:34:30.114999Z.mseed,AXEC1,2015-04-25T11:34:30.114999Z,2015-04-25T11:34:30.114999Z,0.91,0.47,45.94401,-129.99274,0.544,239.22898205271403,2.571508885828322,0.9664001384534756,9.841970334304051,0.9
83011,passing_waveforms_data_mldd/waveforms/event_2015-04-25T12:01:25.246999Z.mseed,AXEC1,2015-04-25T12:01:25.246999Z,2015-04-25T12:01:25.246999Z,0.91,0.44,45.94605,-129.99537,0.567,252.81280132268668,8.577991403715215,0.981973375982239,6.526991937322653,1.4
83031,passing_waveforms_data_mldd/waveforms/event_2015-04-25T12:27:36.295999Z.mseed,AXEC1,2015-04-25T12:27:36.295999Z,2015-04-25T12:27:36.295999Z,0.84,0.44,45.94761,-129.99321,0.542,258.9020760301001,2.022593575224366,0.9865457842866283,3.9320006732832185,0.7
83049,passing_waveforms_data_mldd/waveforms/event_2015-04-25T12:55:39.021999Z.mseed,AXEC1,2015-04-25T12:55:39.021999Z,2015-04-25T12:55:39.021999Z,1.05,0.51,45.95829,-129.99688,1.393,306.72225382424904,10.273093656522303,0.9713941905380836,6.346052592033549,1.4
83055,passing_waveforms_data_mldd/waveforms/event_2015-04-25T13:03:02.141000Z.mseed,AXEC1,2015-04-25T13:03:02.141000Z,2015-04-25T13:03:02.141000Z,1.02,0.53,45.95081,-129.99584,0.427,276.9448971890601,2.5206121777863912,0.9808455357333838,7.000700050314793,1.2
83066,passing_waveforms_data_mldd/waveforms/event_2015-04-25T13:14:38.420000Z.mseed,AXEC1,2015-04-25T13:14:38.420000Z,2015-04-25T13:14:38.420000Z,1.37,0.69,45.96589,-129.9973,1.501,323.74487331577916,2.5032081375069746,0.9270595644440416,7.493947601519272,1.2
83076,passing_waveforms_data_mldd/waveforms/event_2015-04-25T13:38:35.789999Z.mseed,AXEC1,2015-04-25T13:38:35.789999Z,2015-04-25T13:38:35.789999Z,1.08,0.54,45.95043,-129.99728,0.377,274.67558122375976,4.193205616546088,0.9537551593936362,7.1576873724962295,1.2
83092,passing_waveforms_data_mldd/waveforms/event_2015-04-25T13:59:53.789999Z.mseed,AXEC1,2015-04-25T13:59:53.789999Z,2015-04-25T13:59:53.789999Z,1.03,0.5,45.95518,-129.99714,1.208,295.42925910861163,3.01739282789269,0.9732001994460748,4.151660699256002,0.9
83108,passing_waveforms_data_mldd/waveforms/event_2015-04-25T14:21:21.800999Z.mseed,AXEC1,2015-04-25T14:21:21.800999Z,2015-04-25T14:21:21.800999Z,0.86,0.43,45.94265,-129.98682,1.38,216.3368591462756,3.3720359853388633,0.9666435753202962,1.1520178630258688,0.9
83121,passing_waveforms_data_mldd/waveforms/event_2015-04-25T14:41:01.122000Z.mseed,AXEC1,2015-04-25T14:41:01.122000Z,2015-04-25T14:41:01.122000Z,0.96,0.51,45.94497,-129.99555,0.534,248.07660586821808,5.641997902819237,0.9757850108001928,5.523875740905743,1.8
83152,passing_waveforms_data_mldd/waveforms/event_2015-04-25T15:58:10.637000Z.mseed,AXEC1,2015-04-25T15:58:10.637000Z,2015-04-25T15:58:10.637000Z,1.03,0.48,45.94985,-129.99717,0.354,271.97969337091814,5.858915070075807,0.9910511952541833,5.986677862910705,1.1
83180,passing_waveforms_data_mldd/waveforms/event_2015-04-25T16:47:15.957000Z.mseed,AXEC1,2015-04-25T16:47:15.957000Z,2015-04-25T16:47:15.957000Z,1.02,0.48,45.95708,-129.99653,1.306,303.28444498635724,6.4124853936692885,0.9576595280228332,6.971318588349859,1.1
83182,passing_waveforms_data_mldd/waveforms/event_2015-04-25T16:49:22.533999Z.mseed,AXEC1,2015-04-25T16:49:22.533999Z,2015-04-25T16:49:22.533999Z,0.92,0.49,45.94474,-129.99331,0.911,243.69713561566974,2.7196611237972697,0.9815443020495934,9.925098420088384,2.2
83187,passing_waveforms_data_mldd/waveforms/event_2015-04-25T16:52:47.625999Z.mseed,AXEC1,2015-04-25T16:52:47.625999Z,2015-04-25T16:52:47.625999Z,1.03,0.48,45.95756,-129.99632,1.281,305.25267777296085,10.512448051232504,0.9809419364669962,9.38131768361982,1.4
83229,passing_waveforms_data_mldd/waveforms/event_2015-04-25T18:06:45.740000Z.mseed,AXEC1,2015-04-25T18:06:45.740000Z,2015-04-25T18:06:45.740000Z,0.93,0.43,45.95287,-129.9882,1.765,299.73290960807515,2.427283772356476,0.9816673083967505,6.634237501945262,1.0
83235,passing_waveforms_data_mldd/waveforms/event_2015-04-25T18:17:34.322000Z.mseed,AXEC1,2015-04-25T18:17:34.322000Z,2015-04-25T18:17:34.322000Z,0.92,0.47,45.94474,-129.9932,0.615,243.5085101491925,2.3592158071165756,0.9491932210474122,2.378248836935912,1.0
83243,passing_waveforms_data_mldd/waveforms/event_2015-04-25T18:36:24.839999Z.mseed,AXEC1,2015-04-25T18:36:24.839999Z,2015-04-25T18:36:24.839999Z,0.83,0.39,45.94354,-129.98447,1.482,209.55687826609,3.019728863551026,0.9876673382284571,2.4113649382187687,0.9
83247,passing_waveforms_data_mldd/waveforms/event_2015-04-25T18:45:08.481999Z.mseed,AXEC1,2015-04-25T18:45:08.481999Z,2015-04-25T18:45:08.481999Z,1.66,0.81,45.94629,-130.01377,0.269,262.8350086823383,2.024922539489427,0.9902399567588749,6.728824775165929,2.1
83255,passing_waveforms_data_mldd/waveforms/event_2015-04-25T18:59:38.363999Z.mseed,AXEC1,2015-04-25T18:59:38.363999Z,2015-04-25T18:59:38.363999Z,1.01,0.49,45.95238,-129.99678,0.57,283.93587732357935,2.402397621968445,0.9081250370936269,5.950034476574466,0.8
83256,passing_waveforms_data_mldd/waveforms/event_2015-04-25T19:01:11.544000Z.mseed,AXEC1,2015-04-25T19:01:11.544000Z,2015-04-25T19:01:11.544000Z,0.94,0.49,45.94474,-129.99202,1.204,241.32184940010185,2.7383144265055943,0.9831672511686615,4.4092977977450225,1.3
83276,passing_waveforms_data_mldd/waveforms/event_2015-04-25T19:50:12.881999Z.mseed,AXEC1,2015-04-25T19:50:12.881999Z,2015-04-25T19:50:12.881999Z,0.8,0.42,45.94596,-129.99128,0.485,246.56961230714285,2.714120781394048,0.9834720859520727,6.795319369431175,0.8
83289,passing_waveforms_data_mldd/waveforms/event_2015-04-25T20:15:51.850000Z.mseed,AXEC1,2015-04-25T20:15:51.850000Z,2015-04-25T20:15:51.850000Z,1.08,0.55,45.95667,-129.99725,1.226,300.7893251836737,2.8778145986573427,0.9454776515765261,5.439503161907567,0.9
83302,passing_waveforms_data_mldd/waveforms/event_2015-04-25T20:43:42.798000Z.mseed,AXEC1,2015-04-25T20:43:42.798000Z,2015-04-25T20:43:42.798000Z,0.9,0.46,45.94257,-129.98402,1.682,203.96880370349956,2.5553284693754286,0.9843591764452087,4.172190700244076,0.8
83312,passing_waveforms_data_mldd/waveforms/event_2015-04-25T20:58:41.341999Z.mseed,AXEC1,2015-04-25T20:58:41.341999Z,2015-04-25T20:58:41.341999Z,1.47,0.88,45.93918,-130.01281,1.059,246.47634853412583,2.1885659833099864,0.9533346513328091,6.57749633129434,1.4
83329,passing_waveforms_data_mldd/waveforms/event_2015-04-25T21:26:16.358000Z.mseed,AXEC1,2015-04-25T21:26:16.358000Z,2015-04-25T21:26:16.358000Z,0.84,0.4,45.94338,-129.99083,0.491,232.09962352367276,4.148216898586582,0.9791399492781244,4.129666437873733,0.9
83337,passing_waveforms_data_mldd/waveforms/event_2015-04-25T21:44:17.922000Z.mseed,AXEC1,2015-04-25T21:44:17.922000Z,2015-04-25T21:44:17.922000Z,0.9,0.46,45.9457,-129.99092,1.228,244.3392375259817,2.2143396658014325,0.985004398924895,0.11867391299000969,1.1
83350,passing_waveforms_data_mldd/waveforms/event_2015-04-25T22:09:57.031999Z.mseed,AXEC1,2015-04-25T22:09:57.031999Z,2015-04-25T22:09:57.031999Z,1.31,0.65,45.96329,-129.9975,1.671,318.5485397915415,3.388562325670907,0.9744516536769061,3.1283301978956195,1.9
83351,passing_waveforms_data_mldd/waveforms/event_2015-04-25T22:10:34.618000Z.mseed,AXEC1,2015-04-25T22:10:34.618000Z,2015-04-25T22:10:34.618000Z,0.95,0.4,45.95449,-129.9864,1.952,317.1207492439637,4.659241947289575,0.9953800089508887,5.839065863787833,1.0
83365,passing_waveforms_data_mldd/waveforms/event_2015-04-25T22:39:37.136000Z.mseed,AXEC1,2015-04-25T22:39:37.136000Z,2015-04-25T22:39:37.136000Z,0.84,0.36,45.94696,-129.99216,0.42,253.9339928581725,2.297406186282899,0.9851306318834652,3.461965479302011,0.8
83366,passing_waveforms_data_mldd/waveforms/event_2015-04-25T22:41:06.687999Z.mseed,AXEC1,2015-04-25T22:41:06.687999Z,2015-04-25T22:41:06.687999Z,0.8,0.39,45.94664,-129.9916,0.537,251.20590990614926,2.2968032604858655,0.9812672406067607,6.248067747158292,0.8
83369,passing_waveforms_data_mldd/waveforms/event_2015-04-25T22:43:19.367999Z.mseed,AXEC1,2015-04-25T22:43:19.367999Z,2015-04-25T22:43:19.367999Z,1.06,0.52,45.95681,-129.99627,0.83,302.738382488658,2.038041132399213,0.9622661402899393,4.667900384237799,1.0
83392,passing_waveforms_data_mldd/waveforms/event_2015-04-25T23:11:06.086000Z.mseed,AXEC1,2015-04-25T23:11:06.086000Z,2015-04-25T23:11:06.086000Z,0.9,0.44,45.94417,-129.99173,0.514,237.9001918718819,2.5494257186898404,0.9842401535088018,7.189130906835888,1.2
83405,passing_waveforms_data_mldd/waveforms/event_2015-04-25T23:32:44.688000Z.mseed,AXEC1,2015-04-25T23:32:44.688000Z,2015-04-25T23:32:44.688000Z,0.86,0.41,45.94469,-129.98562,1.591,220.88813069510581,2.8347585228173773,0.9784807217905337,2.041660181168354,0.9
83412,passing_waveforms_data_mldd/waveforms/event_2015-04-25T23:50:40.277999Z.mseed,AXEC1,2015-04-25T23:50:40.277999Z,2015-04-25T23:50:40.277999Z,0.92,0.44,45.95357,-129.98616,1.88,312.23063444263516,3.730530983057572,0.9872024270393349,4.65480773422668,0.9
83431,passing_waveforms_data_mldd/waveforms/event_2015-04-26T00:33:07.234000Z.mseed,AXEC1,2015-04-26T00:33:07.234000Z,2015-04-26T00:33:07.234000Z,0.98,0.47,45.95027,-129.99622,0.456,274.13674026879426,6.532519703346935,0.9786465754283439,3.9393642335152714,1.2
83435,passing_waveforms_data_mldd/waveforms/event_2015-04-26T00:44:43.060999Z.mseed,AXEC1,2015-04-26T00:44:43.060999Z,2015-04-26T00:44:43.060999Z,1.0,0.49,45.95498,-129.99524,1.37,297.19127316741253,4.0310224594875,0.982158185316064,6.2432910576494365,0.8
83441,passing_waveforms_data_mldd/waveforms/event_2015-04-26T00:50:10.487000Z.mseed,AXEC1,2015-04-26T00:50:10.487000Z,2015-04-26T00:50:10.487000Z,0.84,0.39,45.94664,-129.99184,0.483,251.56323324792535,2.430825697699779,0.9865730308724833,5.056957940458844,0.8
83447,passing_waveforms_data_mldd/waveforms/event_2015-04-26T00:59:22.625000Z.mseed,AXEC1,2015-04-26T00:59:22.625000Z,2015-04-26T00:59:22.625000Z,1.16,0.56,45.96095,-129.99527,1.567,317.02452535948555,3.8513458020989906,0.9639904975481033,4.7741764074274435,1.0
83455,passing_waveforms_data_mldd/waveforms/event_2015-04-26T01:23:40.164999Z.mseed,AXEC1,2015-04-26T01:23:40.164999Z,2015-04-26T01:23:40.164999Z,0.93,0.48,45.94716,-129.99173,1.314,254.62212802520474,2.217658558968023,0.9835421305008217,6.9855007759880205,1.5
83461,passing_waveforms_data_mldd/waveforms/event_2015-04-26T01:55:30.801999Z.mseed,AXEC1,2015-04-26T01:55:30.801999Z,2015-04-26T01:55:30.801999Z,0.78,0.37,45.94627,-129.99119,0.529,248.26926114920286,5.800034751164675,0.9821697980456957,6.943334540582331,1.1
83483,passing_waveforms_data_mldd/waveforms/event_2015-04-26T02:38:26.541000Z.mseed,AXEC1,2015-04-26T02:38:26.541000Z,2015-04-26T02:38:26.541000Z,0.86,0.47,45.94714,-129.98918,1.662,250.45495341794725,4.473207831998215,0.9923585464089257,1.014667979893016,1.2
83493,passing_waveforms_data_mldd/waveforms/event_2015-04-26T02:58:38.859999Z.mseed,AXEC1,2015-04-26T02:58:38.859999Z,2015-04-26T02:58:38.859999Z,0.83,0.41,45.94508,-129.98518,1.524,221.05412903380778,2.6913120005883235,0.991179916374372,3.571952529587844,0.9
83499,passing_waveforms_data_mldd/waveforms/event_2015-04-26T03:10:46.356000Z.mseed,AXEC1,2015-04-26T03:10:46.356000Z,2015-04-26T03:10:46.356000Z,0.88,0.45,45.94352,-129.99117,0.459,233.5691973159425,3.458042436560379,0.9824705772241079,6.324006757177244,0.8
83501,passing_waveforms_data_mldd/waveforms/event_2015-04-26T03:18:07.647000Z.mseed,AXEC1,2015-04-26T03:18:07.647000Z,2015-04-26T03:18:07.647000Z,1.04,0.51,45.9565,-129.98812,1.843,320.3857218282246,3.5031768470939637,0.9823809918271744,4.8042137597387375,1.0
83506,passing_waveforms_data_mldd/waveforms/event_2015-04-26T03:30:25.117000Z.mseed,AXEC1,2015-04-26T03:30:25.117000Z,2015-04-26T03:30:25.117000Z,0.81,0.38,45.94308,-129.98951,0.47,227.1820080153228,3.4849813463279222,0.9840758690859358,2.4450205080703697,0.6
83509,passing_waveforms_data_mldd/waveforms/event_2015-04-26T03:40:47.573999Z.mseed,AXEC1,2015-04-26T03:40:47.573999Z,2015-04-26T03:40:47.573999Z,0.97,0.43,45.95581,-129.99556,1.34,300.096284129958,11.212541422419225,0.9915866337042614,4.569692259897896,1.4
83516,passing_waveforms_data_mldd/waveforms/event_2015-04-26T04:03:30.359999Z.mseed,AXEC1,2015-04-26T04:03:30.359999Z,2015-04-26T04:03:30.359999Z,0.86,0.43,45.94909,-129.98826,1.457,266.01596215400195,3.413618189960133,0.9742089541122182,4.479417762934416,1.2
83529,passing_waveforms_data_mldd/waveforms/event_2015-04-26T04:39:13.718999Z.mseed,AXEC1,2015-04-26T04:39:13.718999Z,2015-04-26T04:39:13.718999Z,0.98,0.5,45.94915,-129.99536,0.456,268.45558868917124,3.0623264273316533,0.9714087156277982,7.916559201301063,0.8
83530,passing_waveforms_data_mldd/waveforms/event_2015-04-26T04:43:09.000000Z.mseed,AXEC1,2015-04-26T04:43:09.000000Z,2015-04-26T04:43:09.000000Z,0.88,0.45,45.94398,-129.99205,0.584,237.6843301636588,2.1947776700702866,0.9769167199884518,1.118184910869047,0.7
83536,passing_waveforms_data_mldd/waveforms/event_2015-04-26T04:59:16.429999Z.mseed,AXEC1,2015-04-26T04:59:16.429999Z,2015-04-26T04:59:16.429999Z,1.06,0.51,45.9555,-129.99684,0.923,297.0536299243081,3.7069312402743737,0.9524583665760371,8.452254465076967,1.0
83577,passing_waveforms_data_mldd/waveforms/event_2015-04-26T06:43:02.472999Z.mseed,AXEC1,2015-04-26T06:43:02.472999Z,2015-04-26T06:43:02.472999Z,1.04,0.5,45.95056,-129.99723,0.4,275.2925727513266,2.3120802142715537,0.9808016795630768,4.5021468535893385,0.9
83599,passing_waveforms_data_mldd/waveforms/event_2015-04-26T07:40:57.229999Z.mseed,AXEC1,2015-04-26T07:40:57.229999Z,2015-04-26T07:40:57.229999Z,1.04,0.49,45.95698,-129.99635,1.267,303.2149823362064,7.022801789042816,0.9821234437507157,11.60333144224046,1.4
83605,passing_waveforms_data_mldd/waveforms/event_2015-04-26T07:57:40.054999Z.mseed,AXEC1,2015-04-26T07:57:40.054999Z,2015-04-26T07:57:40.054999Z,1.13,0.53,45.95179,-129.99739,0.413,280.86452024964717,2.7951871403389776,0.9284192602660718,7.902163364255734,0.9
83611,passing_waveforms_data_mldd/waveforms/event_2015-04-26T08:05:51.305999Z.mseed,AXEC1,2015-04-26T08:05:51.305999Z,2015-04-26T08:05:51.305999Z,1.04,0.54,45.95465,-129.99688,0.971,293.642766486151,2.6071524998436577,0.9380460926396478,1.071931394257047,1.0
83626,passing_waveforms_data_mldd/waveforms/event_2015-04-26T08:35:47.037999Z.mseed,AXEC1,2015-04-26T08:35:47.037999Z,2015-04-26T08:35:47.037999Z,0.82,0.36,45.95235,-129.98589,1.767,303.3880259514542,2.6986980066847046,0.9471980370989267,5.547174014551699,0.3
83637,passing_waveforms_data_mldd/waveforms/event_2015-04-26T08:56:28.507999Z.mseed,AXEC1,2015-04-26T08:56:28.507999Z,2015-04-26T08:56:28.507999Z,0.79,0.39,45.94577,-129.99146,0.512,245.79665380635706,4.349627453019936,0.9807718320833675,5.413217117500399,1.0
83642,passing_waveforms_data_mldd/waveforms/event_2015-04-26T09:10:49.540999Z.mseed,AXEC1,2015-04-26T09:10:49.540999Z,2015-04-26T09:10:49.540999Z,0.88,0.37,45.94854,-129.99518,0.459,265.20844453869336,6.116845432217218,0.9969015032689106,6.59525287248992,1.1
83670,passing_waveforms_data_mldd/waveforms/event_2015-04-26T10:40:22.353000Z.mseed,AXEC1,2015-04-26T10:40:22.353000Z,2015-04-26T10:40:22.353000Z,1.13,0.54,45.96009,-129.99842,1.498,309.542649623623,14.822019392281158,0.993094508516383,7.131342555317676,1.6
83673,passing_waveforms_data_mldd/waveforms/event_2015-04-26T10:43:10.442000Z.mseed,AXEC1,2015-04-26T10:43:10.442000Z,2015-04-26T10:43:10.442000Z,1.11,0.5,45.95049,-129.99758,0.346,274.8836368792437,2.4146259489370516,0.8798579467248309,8.606376291394449,0.4
83675,passing_waveforms_data_mldd/waveforms/event_2015-04-26T10:47:54.795999Z.mseed,AXEC1,2015-04-26T10:47:54.795999Z,2015-04-26T10:47:54.795999Z,1.02,0.46,45.95515,-129.99799,0.785,294.2968786560671,4.107706248368814,0.9701795373401466,6.14132563617547,0.8
83676,passing_waveforms_data_mldd/waveforms/event_2015-04-26T10:51:31.181999Z.mseed,AXEC1,2015-04-26T10:51:31.181999Z,2015-04-26T10:51:31.181999Z,0.87,0.45,45.95193,-129.99498,0.992,283.14347079955945,3.076414250321971,0.9207953270286166,2.5369780278480936,0.5
83688,passing_waveforms_data_mldd/waveforms/event_2015-04-26T11:27:22.233000Z.mseed,AXEC1,2015-04-26T11:27:22.233000Z,2015-04-26T11:27:22.233000Z,0.93,0.42,45.95565,-129.9941,1.429,301.85501488196724,2.8583038745711,0.9408887534403488,3.8171971356226546,0.8
83691,passing_waveforms_data_mldd/waveforms/event_2015-04-26T11:39:06.304999Z.mseed,AXEC1,2015-04-26T11:39:06.304999Z,2015-04-26T11:39:06.304999Z,0.83,0.41,45.94817,-129.98965,1.046,259.22451899532973,2.2607077454263984,0.9677699037072317,14.394999573701499,1.1
83696,passing_waveforms_data_mldd/waveforms/event_2015-04-26T12:03:35.883000Z.mseed,AXEC1,2015-04-26T12:03:35.883000Z,2015-04-26T12:03:35.883000Z,0.91,0.45,45.95223,-129.98518,1.731,305.4381959555934,2.5640549140367237,0.9774900848823878,3.3614684769167527,0.8
83735,passing_waveforms_data_mldd/waveforms/event_2015-04-26T14:42:48.017000Z.mseed,AXEC1,2015-04-26T14:42:48.017000Z,2015-04-26T14:42:48.017000Z,1.26,0.65,45.96122,-129.99744,1.393,313.9614062255424,2.1194995104759844,0.9513609525266813,4.397748718244122,1.4
83762,passing_waveforms_data_mldd/waveforms/event_2015-04-26T16:55:08.683999Z.mseed,AXEC1,2015-04-26T16:55:08.683999Z,2015-04-26T16:55:08.683999Z,0.9,0.49,45.94569,-129.99162,1.561,245.6373054369091,2.1745922228907,0.9405801384563858,6.029634026546483,0.6
83764,passing_waveforms_data_mldd/waveforms/event_2015-04-26T17:00:41.426000Z.mseed,AXEC1,2015-04-26T17:00:41.426000Z,2015-04-26T17:00:41.426000Z,1.28,0.62,45.96098,-129.99719,1.344,313.7713849786179,2.9306026042370634,0.956238736642533,4.625514683673658,1.2
83799,passing_waveforms_data_mldd/waveforms/event_2015-04-26T19:10:24.006000Z.mseed,AXEC1,2015-04-26T19:10:24.006000Z,2015-04-26T19:10:24.006000Z,0.79,0.36,45.94684,-129.99242,0.48,253.54818720719445,4.669778628084612,0.9289143250586878,1.6707116311121215,0.9
83806,passing_waveforms_data_mldd/waveforms/event_2015-04-26T19:36:07.932999Z.mseed,AXEC1,2015-04-26T19:36:07.932999Z,2015-04-26T19:36:07.932999Z,1.28,0.64,45.96401,-129.99739,1.585,320.17901234933225,2.0180794871183854,0.9576553493295995,6.074035606522878,0.8
83808,passing_waveforms_data_mldd/waveforms/event_2015-04-26T19:51:09.438000Z.mseed,AXEC1,2015-04-26T19:51:09.438000Z,2015-04-26T19:51:09.438000Z,1.27,0.62,45.96293,-129.99688,1.471,318.80021181005156,2.778717843292993,0.9601194403892508,4.940981721183521,1.3
83847,passing_waveforms_data_mldd/waveforms/event_2015-04-26T22:23:08.736000Z.mseed,AXEC1,2015-04-26T22:23:08.736000Z,2015-04-26T22:23:08.736000Z,0.8,0.41,45.94583,-129.99104,0.516,245.34493740357837,2.2332341309906982,0.979690407458683,8.467706050354625,0.6
83889,passing_waveforms_data_mldd/waveforms/event_2015-04-27T01:47:32.067999Z.mseed,AXEC1,2015-04-27T01:47:32.067999Z,2015-04-27T01:47:32.067999Z,0.9,0.46,45.94407,-129.9926,0.592,239.2298415136297,2.756137405193873,0.9694385122927368,6.008709751242341,0.7
83937,passing_waveforms_data_mldd/waveforms/event_2015-04-27T05:48:38.335999Z.mseed,AXEC1,2015-04-27T05:48:38.335999Z,2015-04-27T05:48:38.335999Z,0.91,0.42,45.94721,-129.99421,0.446,257.5310388030215,3.7793722904940106,0.9870690386816344,4.226031399658433,0.8
84023,passing_waveforms_data_mldd/waveforms/event_2015-04-27T11:34:16.890999Z.mseed,AXEC1,2015-04-27T11:34:16.890999Z,2015-04-27T11:34:16.890999Z,0.79,0.39,45.94634,-129.99162,0.498,249.41997365851307,2.6686281542696637,0.9850095607308175,2.294038182087435,0.7
84030,passing_waveforms_data_mldd/waveforms/event_2015-04-27T11:57:39.930999Z.mseed,AXEC1,2015-04-27T11:57:39.930999Z,2015-04-27T11:57:39.930999Z,1.06,0.55,45.95553,-129.99733,0.972,296.5304602223662,3.2242259445146555,0.9081213213577913,3.7779986825158667,1.2
84044,passing_waveforms_data_mldd/waveforms/event_2015-04-27T13:18:57.557999Z.mseed,AXEC1,2015-04-27T13:18:57.557999Z,2015-04-27T13:18:57.557999Z,0.83,0.4,45.94701,-129.99149,0.557,253.35512702896472,3.4505692821619998,0.9806019009548834,4.440505289625175,1.1
84150,passing_waveforms_data_mldd/waveforms/event_2015-04-27T22:12:02.748000Z.mseed,AXEC1,2015-04-27T22:12:02.748000Z,2015-04-27T22:12:02.748000Z,1.5,0.76,45.92584,-130.0012,0.841,212.99949480404632,2.0736406500248954,0.9760033115137172,4.550550139166138,1.2
84153,passing_waveforms_data_mldd/waveforms/event_2015-04-27T22:18:44.798000Z.mseed,AXEC1,2015-04-27T22:18:44.798000Z,2015-04-27T22:18:44.798000Z,0.8,0.38,45.94578,-129.98623,1.355,230.8712488228894,3.005095641499166,0.9914088889837136,4.510249684873652,1.3
84178,passing_waveforms_data_mldd/waveforms/event_2015-04-27T23:54:16.085999Z.mseed,AXEC1,2015-04-27T23:54:16.085999Z,2015-04-27T23:54:16.085999Z,0.94,0.45,45.95065,-129.9884,1.658,280.7066422346096,2.0533156753430086,0.969039017188065,4.507981053820501,1.6
84179,passing_waveforms_data_mldd/waveforms/event_2015-04-27T23:55:47.845999Z.mseed,AXEC1,2015-04-27T23:55:47.845999Z,2015-04-27T23:55:47.845999Z,0.87,0.39,45.94672,-129.99251,0.522,252.96116460367236,2.052746460311111,0.9748843468305104,5.385289385565072,0.8
119588,passing_waveforms_data_mldd/waveforms/event_2015-04-24T00:00:24.015999Z.mseed,AXEC1,2015-04-24T00:00:24.015999Z,2015-04-24T00:00:24.015999Z,1.18,0.58,45.96281,-129.997,1.476,318.34443238360876,3.642049642101706,0.9911184005392579,5.298024246948749,1.0
119591,passing_waveforms_data_mldd/waveforms/event_2015-04-24T00:10:35.680999Z.mseed,AXEC1,2015-04-24T00:10:35.680999Z,2015-04-24T00:10:35.680999Z,1.2,0.59,45.96186,-129.99715,1.554,315.96592837807896,4.796311794319259,0.9770300929092937,5.141596766112729,1.8
119627,passing_waveforms_data_mldd/waveforms/event_2015-04-24T01:45:41.654000Z.mseed,AXEC1,2015-04-24T01:45:41.654000Z,2015-04-24T01:45:41.654000Z,1.1,0.5,45.96184,-129.99721,1.436,315.820918080786,3.856592826855233,0.9937676432566337,8.62241569871764,1.0
119645,passing_waveforms_data_mldd/waveforms/event_2015-04-24T03:21:12.433999Z.mseed,AXEC1,2015-04-24T03:21:12.433999Z,2015-04-24T03:21:12.433999Z,1.72,0.88,45.97463,-129.99803,2.255,333.6751709229317,2.1694179482943627,0.9765716524868707,7.791175474486606,1.2
119712,passing_waveforms_data_mldd/waveforms/event_2015-04-24T04:54:17.472999Z.mseed,AXEC1,2015-04-24T04:54:17.472999Z,2015-04-24T04:54:17.472999Z,1.75,0.9,45.97373,-129.99952,2.567,330.9262690222474,2.5180529523433335,0.9265070957466058,9.4163193629674,1.5
119736,passing_waveforms_data_mldd/waveforms/event_2015-04-24T05:04:05.910000Z.mseed,AXEC1,2015-04-24T05:04:05.910000Z,2015-04-24T05:04:05.910000Z,1.61,0.82,45.97159,-129.99636,2.417,332.8809455469567,2.245376416370757,0.954777424548643,5.659986376952227,1.6
119754,passing_waveforms_data_mldd/waveforms/event_2015-04-24T05:09:51.301000Z.mseed,AXEC1,2015-04-24T05:09:51.301000Z,2015-04-24T05:09:51.301000Z,1.5,0.73,45.97019,-129.99902,1.205,327.53565143217844,2.272836370423943,0.9018192977315375,3.6102057870185447,1.2
119759,passing_waveforms_data_mldd/waveforms/event_2015-04-24T05:12:04.360999Z.mseed,AXEC1,2015-04-24T05:12:04.360999Z,2015-04-24T05:12:04.360999Z,1.56,0.77,45.96869,-129.99552,2.746,330.70937835546914,3.945277371172044,0.9748356374192361,2.9047650317925013,1.5
119760,passing_waveforms_data_mldd/waveforms/event_2015-04-24T05:12:08.968000Z.mseed,AXEC1,2015-04-24T05:12:08.968000Z,2015-04-24T05:12:08.968000Z,1.87,0.93,45.97687,-130.00153,3.162,331.55696817598255,2.267145467637768,0.9866388569349874,10.412936960995221,1.9
119766,passing_waveforms_data_mldd/waveforms/event_2015-04-24T05:14:10.752000Z.mseed,AXEC1,2015-04-24T05:14:10.752000Z,2015-04-24T05:14:10.752000Z,1.72,0.83,45.97642,-130.00142,2.266,331.2738020638239,2.2258523996401887,0.9858884031684769,10.9012113731624,1.3
119769,passing_waveforms_data_mldd/waveforms/event_2015-04-24T05:15:28.263999Z.mseed,AXEC1,2015-04-24T05:15:28.263999Z,2015-04-24T05:15:28.263999Z,1.86,0.94,45.97551,-130.01024,0.819,321.3163408764854,2.71898895091149,0.9137456426472826,27.7166958589371,1.4
119771,passing_waveforms_data_mldd/waveforms/event_2015-04-24T05:17:26.789999Z.mseed,AXEC1,2015-04-24T05:17:26.789999Z,2015-04-24T05:17:26.789999Z,1.83,0.94,45.97632,-130.00846,1.267,323.84223359942837,9.025470175959837,0.9282066722831287,3.3733259423069177,1.7
119773,passing_waveforms_data_mldd/waveforms/event_2015-04-24T05:18:14.086999Z.mseed,AXEC1,2015-04-24T05:18:14.086999Z,2015-04-24T05:18:14.086999Z,1.64,0.86,45.97037,-129.99746,1.894,329.92504540737036,2.274530499868428,0.9078859221474845,4.043205614697391,1.3
119774,passing_waveforms_data_mldd/waveforms/event_2015-04-24T05:19:01.219999Z.mseed,AXEC1,2015-04-24T05:19:01.219999Z,2015-04-24T05:19:01.219999Z,1.65,0.86,45.97158,-129.99892,2.249,329.35772340983544,2.521502852786115,0.934867590441389,4.464070606490109,2.3
119775,passing_waveforms_data_mldd/waveforms/event_2015-04-24T05:19:21.457999Z.mseed,AXEC1,2015-04-24T05:19:21.457999Z,2015-04-24T05:19:21.457999Z,1.34,0.58,45.94952,-129.99827,0.017,270.44545875846177,2.2763065068531794,0.9663354085743591,10.27683228388384,1.4
119779,passing_waveforms_data_mldd/waveforms/event_2015-04-24T05:20:12.247999Z.mseed,AXEC1,2015-04-24T05:20:12.247999Z,2015-04-24T05:20:12.247999Z,1.61,0.86,45.97074,-129.9982,1.612,329.3381889776314,3.5410136108055674,0.9447457558178932,10.180159927696854,2.2
119780,passing_waveforms_data_mldd/waveforms/event_2015-04-24T05:20:31.783999Z.mseed,AXEC1,2015-04-24T05:20:31.783999Z,2015-04-24T05:20:31.783999Z,1.53,0.73,45.97028,-129.99592,1.411,332.0541849954395,2.731632839729902,0.7649514157653059,4.095170435921114,1.6
119782,passing_waveforms_data_mldd/waveforms/event_2015-04-24T05:21:57.481999Z.mseed,AXEC1,2015-04-24T05:21:57.481999Z,2015-04-24T05:21:57.481999Z,1.91,0.95,45.97952,-129.99256,2.761,344.0340714205343,2.0372924911988415,0.9794388527470773,3.213539663151493,2.7
119783,passing_waveforms_data_mldd/waveforms/event_2015-04-24T05:22:30.682999Z.mseed,AXEC1,2015-04-24T05:22:30.682999Z,2015-04-24T05:22:30.682999Z,1.69,0.76,45.97572,-130.00255,1.037,329.34535869959234,2.577527458468579,0.8702878741385498,11.40779606186926,1.7
119784,passing_waveforms_data_mldd/waveforms/event_2015-04-24T05:22:39.799999Z.mseed,AXEC1,2015-04-24T05:22:39.799999Z,2015-04-24T05:22:39.799999Z,2.31,1.18,45.98642,-130.01472,1.741,327.177645790122,2.2051589444101936,0.9928226047579494,15.189090373756168,2.0
119794,passing_waveforms_data_mldd/waveforms/event_2015-04-24T05:26:52.499000Z.mseed,AXEC1,2015-04-24T05:26:52.499000Z,2015-04-24T05:26:52.499000Z,1.17,0.58,45.96061,-129.99641,1.399,314.13207153208157,5.2262560444604835,0.9565710534767874,4.626088900746289,2.0
119795,passing_waveforms_data_mldd/waveforms/event_2015-04-24T05:27:09.574999Z.mseed,AXEC1,2015-04-24T05:27:09.574999Z,2015-04-24T05:27:09.574999Z,1.44,0.73,45.97163,-129.99798,1.748,330.67540856974676,2.204785128295086,0.8999148403283205,10.584590413518843,1.4
119797,passing_waveforms_data_mldd/waveforms/event_2015-04-24T05:27:58.180999Z.mseed,AXEC1,2015-04-24T05:27:58.180999Z,2015-04-24T05:27:58.180999Z,1.01,0.5,45.95828,-129.99515,1.434,309.624409567257,6.673637214224218,0.8522867127462735,5.095337884787361,1.7
119808,passing_waveforms_data_mldd/waveforms/event_2015-04-24T05:30:35.746999Z.mseed,AXEC1,2015-04-24T05:30:35.746999Z,2015-04-24T05:30:35.746999Z,1.36,0.56,45.95938,-129.99785,0.355,308.4549537394114,2.872992922347779,0.9790215613162362,7.703713491243249,1.3
119810,passing_waveforms_data_mldd/waveforms/event_2015-04-24T05:31:14.820000Z.mseed,AXEC1,2015-04-24T05:31:14.820000Z,2015-04-24T05:31:14.820000Z,1.37,0.65,45.96162,-129.96555,0.396,40.04107505726233,2.0485742934234477,0.7042699034025925,26.12839373202273,1.4
119812,passing_waveforms_data_mldd/waveforms/event_2015-04-24T05:31:33.545999Z.mseed,AXEC1,2015-04-24T05:31:33.545999Z,2015-04-24T05:31:33.545999Z,1.34,0.69,45.96621,-129.99891,1.61,321.8543612931739,3.7677379394139408,0.9383673366182053,4.601390565375521,1.7
119813,passing_waveforms_data_mldd/waveforms/event_2015-04-24T05:31:45.365000Z.mseed,AXEC1,2015-04-24T05:31:45.365000Z,2015-04-24T05:31:45.365000Z,1.52,0.8,45.95433,-130.01677,0.518,281.1267350866788,5.986298576564114,0.9308591400442139,4.87475761188894,1.4
119814,passing_waveforms_data_mldd/waveforms/event_2015-04-24T05:31:55.750000Z.mseed,AXEC1,2015-04-24T05:31:55.750000Z,2015-04-24T05:31:55.750000Z,1.01,0.5,45.95,-129.9964,0.391,272.7750319294189,3.428351162465802,0.8557049096189207,1.4173776458468528,1.3
119815,passing_waveforms_data_mldd/waveforms/event_2015-04-24T05:32:22.602000Z.mseed,AXEC1,2015-04-24T05:32:22.602000Z,2015-04-24T05:32:22.602000Z,1.22,0.59,45.96339,-129.99735,1.471,318.99657170428986,4.763348125114613,0.9699463942267377,6.470556019958987,1.2
119816,passing_waveforms_data_mldd/waveforms/event_2015-04-24T05:32:44.609999Z.mseed,AXEC1,2015-04-24T05:32:44.609999Z,2015-04-24T05:32:44.609999Z,0.95,0.42,45.95013,-129.99633,0.414,273.42465783107394,10.404474734446069,0.9713711920950493,6.901029402258696,1.5
119824,passing_waveforms_data_mldd/waveforms/event_2015-04-24T05:34:54.536000Z.mseed,AXEC1,2015-04-24T05:34:54.536000Z,2015-04-24T05:34:54.536000Z,1.75,0.88,45.97517,-129.99906,1.732,332.89468144699117,2.6944718191542187,0.9562070479865834,6.919149356917185,1.6
119825,passing_waveforms_data_mldd/waveforms/event_2015-04-24T05:35:08.798000Z.mseed,AXEC1,2015-04-24T05:35:08.798000Z,2015-04-24T05:35:08.798000Z,0.97,0.44,45.9498,-129.99639,0.369,271.7927485632471,7.426222310467289,0.9753023771955752,4.754827067197051,1.3
119831,passing_waveforms_data_mldd/waveforms/event_2015-04-24T05:36:38.985999Z.mseed,AXEC1,2015-04-24T05:36:38.985999Z,2015-04-24T05:36:38.985999Z,1.35,0.66,45.96576,-129.99896,2.07,321.0110483740873,6.556881823661376,0.9911755020340788,7.521233820478683,1.4
119840,passing_waveforms_data_mldd/waveforms/event_2015-04-24T05:39:31.057999Z.mseed,AXEC1,2015-04-24T05:39:31.057999Z,2015-04-24T05:39:31.057999Z,2.03,1.01,45.98497,-130.0005,1.398,338.425701426247,2.3180341004674125,0.996306252254622,11.016161106236684,2.1
119841,passing_waveforms_data_mldd/waveforms/event_2015-04-24T05:39:42.426000Z.mseed,AXEC1,2015-04-24T05:39:42.426000Z,2015-04-24T05:39:42.426000Z,0.99,0.46,45.94983,-129.99635,0.397,271.9432706266226,3.0270412959470114,0.7400330432304567,6.456383813617982,1.4
119842,passing_waveforms_data_mldd/waveforms/event_2015-04-24T05:39:51.768999Z.mseed,AXEC1,2015-04-24T05:39:51.768999Z,2015-04-24T05:39:51.768999Z,1.17,0.59,45.96139,-129.998,1.325,313.48782011995667,3.8594430189637903,0.9504143719402003,5.435874055854934,1.5
119845,passing_waveforms_data_mldd/waveforms/event_2015-04-24T05:41:38.377000Z.mseed,AXEC1,2015-04-24T05:41:38.377000Z,2015-04-24T05:41:38.377000Z,1.57,0.73,45.97334,-130.00056,1.035,329.23330851857213,3.1093179928395984,0.8416393950691111,20.586801936354025,1.5
119846,passing_waveforms_data_mldd/waveforms/event_2015-04-24T05:41:51.512999Z.mseed,AXEC1,2015-04-24T05:41:51.512999Z,2015-04-24T05:41:51.512999Z,1.29,0.63,45.96741,-129.97256,1.956,16.306245095602137,3.3755233779389133,0.9652743742871253,4.904865953294868,1.6
119850,passing_waveforms_data_mldd/waveforms/event_2015-04-24T05:42:59.527999Z.mseed,AXEC1,2015-04-24T05:42:59.527999Z,2015-04-24T05:42:59.527999Z,1.04,0.52,45.95021,-129.99649,0.386,273.78926367060086,2.1914171042157324,0.9082302177147814,11.093622709400805,1.5
119853,passing_waveforms_data_mldd/waveforms/event_2015-04-24T05:44:10.278999Z.mseed,AXEC1,2015-04-24T05:44:10.278999Z,2015-04-24T05:44:10.278999Z,1.03,0.5,45.95101,-129.99675,0.338,277.56646467692946,4.357270775552939,0.9893067537018003,5.528737457617478,1.8
119854,passing_waveforms_data_mldd/waveforms/event_2015-04-24T05:45:05.570000Z.mseed,AXEC1,2015-04-24T05:45:05.570000Z,2015-04-24T05:45:05.570000Z,1.53,0.77,45.96889,-130.00315,2.122,320.4493954972452,2.0553814922490723,0.9304306755266697,5.830939038301004,1.1
119856,passing_waveforms_data_mldd/waveforms/event_2015-04-24T05:45:37.734999Z.mseed,AXEC1,2015-04-24T05:45:37.734999Z,2015-04-24T05:45:37.734999Z,1.31,0.63,45.96664,-129.99807,1.774,323.8041843616596,8.01597385702649,0.974921180793713,4.261311312411828,1.3
119857,passing_waveforms_data_mldd/waveforms/event_2015-04-24T05:46:00.533000Z.mseed,AXEC1,2015-04-24T05:46:00.533000Z,2015-04-24T05:46:00.533000Z,1.28,0.65,45.96626,-129.99574,1.808,326.8606716774601,5.25772043732266,0.8415422003859614,21.08078045171733,1.4
119858,passing_waveforms_data_mldd/waveforms/event_2015-04-24T05:46:07.995000Z.mseed,AXEC1,2015-04-24T05:46:07.995000Z,2015-04-24T05:46:07.995000Z,1.74,0.95,45.97355,-129.99777,1.374,332.9778978603126,3.298906820970898,0.9570762449770076,11.835345940516127,2.2
119868,passing_waveforms_data_mldd/waveforms/event_2015-04-24T05:48:29.169000Z.mseed,AXEC1,2015-04-24T05:48:29.169000Z,2015-04-24T05:48:29.169000Z,1.11,0.5,45.94939,-129.99721,0.156,269.81926421238836,2.6493894139584313,0.9763723935669995,4.858939313935458,1.0
119870,passing_waveforms_data_mldd/waveforms/event_2015-04-24T05:49:10.609999Z.mseed,AXEC1,2015-04-24T05:49:10.609999Z,2015-04-24T05:49:10.609999Z,1.43,0.7,45.96712,-129.9954,2.226,328.73416304460136,3.351253820143045,0.9389911392675327,5.043483083565147,1.7
119872,passing_waveforms_data_mldd/waveforms/event_2015-04-24T05:50:29.092999Z.mseed,AXEC1,2015-04-24T05:50:29.092999Z,2015-04-24T05:50:29.092999Z,1.16,0.58,45.94961,-129.99698,0.225,270.85298259951924,2.0614049337096993,0.9208377640137675,11.683097259524398,1.7
119873,passing_waveforms_data_mldd/waveforms/event_2015-04-24T05:50:41.619999Z.mseed,AXEC1,2015-04-24T05:50:41.619999Z,2015-04-24T05:50:41.619999Z,1.04,0.5,45.95018,-129.99654,0.34,273.6342290048998,3.7025213304576337,0.9397288214104838,3.4857937086935507,1.4
119878,passing_waveforms_data_mldd/waveforms/event_2015-04-24T05:52:10.294999Z.mseed,AXEC1,2015-04-24T05:52:10.294999Z,2015-04-24T05:52:10.294999Z,0.99,0.53,45.95121,-129.99651,0.547,278.6242102738187,2.139221967284879,0.8923894056957524,11.989375260375757,1.6
119879,passing_waveforms_data_mldd/waveforms/event_2015-04-24T05:52:28.852000Z.mseed,AXEC1,2015-04-24T05:52:28.852000Z,2015-04-24T05:52:28.852000Z,1.22,0.59,45.96319,-129.99743,1.462,318.4521073610373,3.513151593437932,0.9594435192496665,17.11581476955519,1.2
119880,passing_waveforms_data_mldd/waveforms/event_2015-04-24T05:52:48.478000Z.mseed,AXEC1,2015-04-24T05:52:48.478000Z,2015-04-24T05:52:48.478000Z,1.52,0.78,45.96736,-130.00127,2.12,320.4770859973821,2.7360783950226804,0.9277894689069578,9.98483228754407,2.2
119885,passing_waveforms_data_mldd/waveforms/event_2015-04-24T05:55:12.218999Z.mseed,AXEC1,2015-04-24T05:55:12.218999Z,2015-04-24T05:55:12.218999Z,1.07,0.62,45.95001,-129.99743,0.079,272.7018149626474,2.3065439424847396,0.809502312343465,3.365649310866089,1.4
119886,passing_waveforms_data_mldd/waveforms/event_2015-04-24T05:55:21.324999Z.mseed,AXEC1,2015-04-24T05:55:21.324999Z,2015-04-24T05:55:21.324999Z,1.25,0.7,45.96091,-130.00023,1.642,309.0639486493654,3.718523144816608,0.9311349664980894,4.752186653675242,1.4
119888,passing_waveforms_data_mldd/waveforms/event_2015-04-24T05:55:55.491999Z.mseed,AXEC1,2015-04-24T05:55:55.491999Z,2015-04-24T05:55:55.491999Z,1.13,0.57,45.95019,-129.99683,0.276,273.6327431723769,2.4946347766466,0.8368219827446939,24.140350317273086,2.0
119890,passing_waveforms_data_mldd/waveforms/event_2015-04-24T05:56:21.724000Z.mseed,AXEC1,2015-04-24T05:56:21.724000Z,2015-04-24T05:56:21.724000Z,1.34,0.69,45.96519,-129.99779,1.542,321.7633921709934,3.965635441654583,0.9517468069032368,8.38588237479207,1.7
119891,passing_waveforms_data_mldd/waveforms/event_2015-04-24T05:56:48.064999Z.mseed,AXEC1,2015-04-24T05:56:48.064999Z,2015-04-24T05:56:48.064999Z,0.91,0.42,45.95003,-129.9956,0.452,273.03328001687987,4.358636250604976,0.7934332357310921,14.444942235700283,1.4
119892,passing_waveforms_data_mldd/waveforms/event_2015-04-24T05:57:06.714000Z.mseed,AXEC1,2015-04-24T05:57:06.714000Z,2015-04-24T05:57:06.714000Z,1.51,0.78,45.96917,-129.99998,1.782,324.8823942593096,2.7370406468457644,0.7599767819094483,7.207955685339282,1.9
119898,passing_waveforms_data_mldd/waveforms/event_2015-04-24T05:58:40.743999Z.mseed,AXEC1,2015-04-24T05:58:40.743999Z,2015-04-24T05:58:40.743999Z,1.36,0.66,45.96501,-130.00075,1.104,317.13576244732985,2.945653230627102,0.977514087055219,5.112728389506747,1.6
119899,passing_waveforms_data_mldd/waveforms/event_2015-04-24T05:58:48.652999Z.mseed,AXEC1,2015-04-24T05:58:48.652999Z,2015-04-24T05:58:48.652999Z,1.01,0.48,45.94991,-129.99628,0.405,272.34452448018055,2.607192833461738,0.8761540434017518,6.77054840271369,1.7
119900,passing_waveforms_data_mldd/waveforms/event_2015-04-24T05:58:56.734999Z.mseed,AXEC1,2015-04-24T05:58:56.734999Z,2015-04-24T05:58:56.734999Z,1.51,0.55,45.96773,-129.98572,0.158,347.68145083997507,4.598853271631196,0.9825406982812344,8.918093329070814,3.0
119901,passing_waveforms_data_mldd/waveforms/event_2015-04-24T05:59:01.566000Z.mseed,AXEC1,2015-04-24T05:59:01.566000Z,2015-04-24T05:59:01.566000Z,0.89,0.41,45.94891,-129.99473,0.391,267.0530633281592,3.240745426458588,0.9486084210960563,9.454863156710463,2.7
119902,passing_waveforms_data_mldd/waveforms/event_2015-04-24T05:59:37.947000Z.mseed,AXEC1,2015-04-24T05:59:37.947000Z,2015-04-24T05:59:37.947000Z,0.96,0.44,45.95,-129.9962,0.429,272.7999665383387,5.945245321852468,0.911131663490294,8.341593894530863,1.4
119903,passing_waveforms_data_mldd/waveforms/event_2015-04-24T06:00:04.474000Z.mseed,AXEC1,2015-04-24T06:00:04.474000Z,2015-04-24T06:00:04.474000Z,1.41,0.71,45.96776,-129.99878,1.871,324.508202045747,4.682895652995802,0.9825718220762368,0.8576163567325178,1.8
119904,passing_waveforms_data_mldd/waveforms/event_2015-04-24T06:00:51.762999Z.mseed,AXEC1,2015-04-24T06:00:51.762999Z,2015-04-24T06:00:51.762999Z,1.36,0.65,45.96814,-129.99693,1.751,327.7890031028102,5.762980534971291,0.9830642029842482,6.582404899220541,1.6
119905,passing_waveforms_data_mldd/waveforms/event_2015-04-24T06:01:21.471000Z.mseed,AXEC1,2015-04-24T06:01:21.471000Z,2015-04-24T06:01:21.471000Z,1.38,0.66,45.96766,-129.99812,1.822,325.31491684967114,4.086303303444128,0.9907325829676674,8.838565418291743,2.4
119909,passing_waveforms_data_mldd/waveforms/event_2015-04-24T06:02:23.832999Z.mseed,AXEC1,2015-04-24T06:02:23.832999Z,2015-04-24T06:02:23.832999Z,1.37,0.69,45.96719,-129.99594,1.21,327.96155882377553,2.6687998069112835,0.8060456103635126,20.796004121835708,1.8
119910,passing_waveforms_data_mldd/waveforms/event_2015-04-24T06:02:54.796999Z.mseed,AXEC1,2015-04-24T06:02:54.796999Z,2015-04-24T06:02:54.796999Z,1.39,0.68,45.96863,-129.99778,1.903,327.20928133821906,6.960784628652701,0.9812601088016063,8.531883127134108,1.9
119911,passing_waveforms_data_mldd/waveforms/event_2015-04-24T06:03:16.297999Z.mseed,AXEC1,2015-04-24T06:03:16.297999Z,2015-04-24T06:03:16.297999Z,1.36,0.66,45.96737,-129.99844,1.889,324.4067434055007,6.841825558845725,0.9895507210642058,3.9959828093448597,1.7
119912,passing_waveforms_data_mldd/waveforms/event_2015-04-24T06:03:30.129000Z.mseed,AXEC1,2015-04-24T06:03:30.129000Z,2015-04-24T06:03:30.129000Z,1.32,0.61,45.96548,-129.99381,0.847,328.95443561487735,6.500779682959538,0.9867019286466548,9.145192179825132,1.5
119913,passing_waveforms_data_mldd/waveforms/event_2015-04-24T06:03:35.514000Z.mseed,AXEC1,2015-04-24T06:03:35.514000Z,2015-04-24T06:03:35.514000Z,1.44,0.74,45.96793,-129.99579,1.689,329.2624886083803,2.47128667939268,0.9531523230968495,8.926812937038395,1.4
119914,passing_waveforms_data_mldd/waveforms/event_2015-04-24T06:03:49.151000Z.mseed,AXEC1,2015-04-24T06:03:49.151000Z,2015-04-24T06:03:49.151000Z,1.49,0.76,45.96811,-129.99978,1.99,323.6302947106612,3.665916182779087,0.9714763152934262,8.347574544662795,2.0
119916,passing_waveforms_data_mldd/waveforms/event_2015-04-24T06:04:45.840000Z.mseed,AXEC1,2015-04-24T06:04:45.840000Z,2015-04-24T06:04:45.840000Z,1.4,0.65,45.96993,-129.9975,1.848,329.32604355933324,10.064929110902654,0.9805558542312887,9.602734138412321,1.7
119918,passing_waveforms_data_mldd/waveforms/event_2015-04-24T06:04:58.354999Z.mseed,AXEC1,2015-04-24T06:04:58.354999Z,2015-04-24T06:04:58.354999Z,1.39,0.66,45.95038,-129.99811,0.059,274.27548331402323,3.3378902238705352,0.9427537566769698,11.331768317884805,1.9
119920,passing_waveforms_data_mldd/waveforms/event_2015-04-24T06:05:40.027000Z.mseed,AXEC1,2015-04-24T06:05:40.027000Z,2015-04-24T06:05:40.027000Z,1.24,0.56,45.94916,-129.99733,0.042,268.7545010393669,3.3070884633357345,0.8502722744920026,5.636920675703141,1.5
119921,passing_waveforms_data_mldd/waveforms/event_2015-04-24T06:05:49.310999Z.mseed,AXEC1,2015-04-24T06:05:49.310999Z,2015-04-24T06:05:49.310999Z,0.98,0.48,45.94878,-129.99738,0.419,266.9991035368546,6.40101622400142,0.9693213933051003,1.7990709145184662,1.9
119923,passing_waveforms_data_mldd/waveforms/event_2015-04-24T06:06:06.060999Z.mseed,AXEC1,2015-04-24T06:06:06.060999Z,2015-04-24T06:06:06.060999Z,1.22,0.49,45.95571,-129.99696,0.258,297.6943322293574,5.887822528094729,0.790973920755133,25.583760907984377,1.5
119925,passing_waveforms_data_mldd/waveforms/event_2015-04-24T06:06:21.144999Z.mseed,AXEC1,2015-04-24T06:06:21.144999Z,2015-04-24T06:06:21.144999Z,1.34,0.66,45.96735,-129.99717,1.726,326.2733190840536,4.9670713881245465,0.9688258244856922,7.422903664544241,1.8
119927,passing_waveforms_data_mldd/waveforms/event_2015-04-24T06:06:54.857999Z.mseed,AXEC1,2015-04-24T06:06:54.857999Z,2015-04-24T06:06:54.857999Z,1.5,0.8,45.9679,-129.9977,2.003,326.2895468184919,2.7139930742551397,0.7108316284448821,19.232981054167855,1.7
119930,passing_waveforms_data_mldd/waveforms/event_2015-04-24T06:07:34.115000Z.mseed,AXEC1,2015-04-24T06:07:34.115000Z,2015-04-24T06:07:34.115000Z,1.11,0.46,45.94954,-129.99794,0.154,270.5306008678872,4.962061538095799,0.9521744436332794,8.574628179822064,1.3
119932,passing_waveforms_data_mldd/waveforms/event_2015-04-24T06:07:49.151000Z.mseed,AXEC1,2015-04-24T06:07:49.151000Z,2015-04-24T06:07:49.151000Z,1.26,0.64,45.96319,-129.99676,1.6,319.54809221277145,2.2511755007277565,0.9727098169426307,5.9957739427690395,1.9
119934,passing_waveforms_data_mldd/waveforms/event_2015-04-24T06:08:26.332000Z.mseed,AXEC1,2015-04-24T06:08:26.332000Z,2015-04-24T06:08:26.332000Z,1.49,0.76,45.96923,-129.99826,1.9,327.3362702438777,3.260875622415365,0.9459693604065975,3.938475161887476,2.1
119937,passing_waveforms_data_mldd/waveforms/event_2015-04-24T06:09:27.175999Z.mseed,AXEC1,2015-04-24T06:09:27.175999Z,2015-04-24T06:09:27.175999Z,1.05,0.49,45.94982,-129.99675,0.26,271.86633914547133,5.149477260102379,0.9347212821433489,8.595586879044854,1.8
119940,passing_waveforms_data_mldd/waveforms/event_2015-04-24T06:09:58.883000Z.mseed,AXEC1,2015-04-24T06:09:58.883000Z,2015-04-24T06:09:58.883000Z,1.28,0.61,45.96733,-129.99814,1.62,324.78547579077065,10.589321833319119,0.9967167847953394,7.602040688982906,2.0
119941,passing_waveforms_data_mldd/waveforms/event_2015-04-24T06:10:13.073000Z.mseed,AXEC1,2015-04-24T06:10:13.073000Z,2015-04-24T06:10:13.073000Z,1.15,0.57,45.95014,-129.99734,0.229,273.31628076199354,3.6779280357029553,0.9419423929642367,13.785360864910565,2.2
119942,passing_waveforms_data_mldd/waveforms/event_2015-04-24T06:10:30.422000Z.mseed,AXEC1,2015-04-24T06:10:30.422000Z,2015-04-24T06:10:30.422000Z,1.07,0.55,45.94972,-129.99639,0.343,271.3991319882831,2.315180631780419,0.9067230719384419,8.529076595549881,1.7
119943,passing_waveforms_data_mldd/waveforms/event_2015-04-24T06:10:43.969999Z.mseed,AXEC1,2015-04-24T06:10:43.969999Z,2015-04-24T06:10:43.969999Z,2.45,1.34,45.979,-130.02321,1.303,314.8355682886709,2.604628915994898,0.9565955064795739,7.742908820901087,2.3
119944,passing_waveforms_data_mldd/waveforms/event_2015-04-24T06:11:33.229999Z.mseed,AXEC1,2015-04-24T06:11:33.229999Z,2015-04-24T06:11:33.229999Z,1.24,0.63,45.96254,-129.99715,1.552,317.50893041377407,3.1179723882787904,0.9808163182489557,4.599595298738955,1.7
119945,passing_waveforms_data_mldd/waveforms/event_2015-04-24T06:11:56.170999Z.mseed,AXEC1,2015-04-24T06:11:56.170999Z,2015-04-24T06:11:56.170999Z,1.35,0.66,45.9674,-129.99881,1.702,323.9171608827294,5.60283101630862,0.9927018271517821,6.930037749913975,2.5
119947,passing_waveforms_data_mldd/waveforms/event_2015-04-24T06:12:33.140000Z.mseed,AXEC1,2015-04-24T06:12:33.140000Z,2015-04-24T06:12:33.140000Z,0.99,0.47,45.9583,-129.99519,1.454,309.616323955739,11.820570933025028,0.9542765752766929,7.94048361848633,1.8
119948,passing_waveforms_data_mldd/waveforms/event_2015-04-24T06:12:50.182000Z.mseed,AXEC1,2015-04-24T06:12:50.182000Z,2015-04-24T06:12:50.182000Z,0.98,0.56,45.95046,-130.00066,0.515,274.15611777166407,4.184162361045562,0.988587305133464,6.040462070602843,1.4
119950,passing_waveforms_data_mldd/waveforms/event_2015-04-24T06:13:07.583999Z.mseed,AXEC1,2015-04-24T06:13:07.583999Z,2015-04-24T06:13:07.583999Z,1.4,0.74,45.96715,-129.99744,1.557,325.557702175535,6.7546001635091715,0.9623619547296122,4.461152679937869,1.5
119951,passing_waveforms_data_mldd/waveforms/event_2015-04-24T06:13:23.108000Z.mseed,AXEC1,2015-04-24T06:13:23.108000Z,2015-04-24T06:13:23.108000Z,1.12,0.6,45.94985,-129.99688,0.258,272.00100686263727,2.80787373213138,0.8880631042414167,11.349055913280264,1.6
119955,passing_waveforms_data_mldd/waveforms/event_2015-04-24T06:14:29.509000Z.mseed,AXEC1,2015-04-24T06:14:29.509000Z,2015-04-24T06:14:29.509000Z,1.45,0.74,45.96803,-129.99901,1.862,324.58368718640327,3.5204118587782895,0.9824365117706325,3.6396667952824795,1.7
119956,passing_waveforms_data_mldd/waveforms/event_2015-04-24T06:14:45.715000Z.mseed,AXEC1,2015-04-24T06:14:45.715000Z,2015-04-24T06:14:45.715000Z,1.36,0.68,45.94954,-129.99765,0.038,270.5275865399387,2.9635935938128073,0.9683051202988671,4.8665355152575,2.1
119957,passing_waveforms_data_mldd/waveforms/event_2015-04-24T06:14:57.463000Z.mseed,AXEC1,2015-04-24T06:14:57.463000Z,2015-04-24T06:14:57.463000Z,1.38,0.69,45.96543,-129.99256,2.399,331.2039980363155,3.627751104665792,0.9639659445603499,10.60245876798334,1.9
119958,passing_waveforms_data_mldd/waveforms/event_2015-04-24T06:15:11.058999Z.mseed,AXEC1,2015-04-24T06:15:11.058999Z,2015-04-24T06:15:11.058999Z,1.28,0.64,45.96461,-129.99587,1.704,323.82688637157753,2.524638514780519,0.9676794581799344,4.375314121145837,1.4
119959,passing_waveforms_data_mldd/waveforms/event_2015-04-24T06:15:33.899999Z.mseed,AXEC1,2015-04-24T06:15:33.899999Z,2015-04-24T06:15:33.899999Z,1.19,0.55,45.95983,-129.9982,0.791,309.17283932808937,3.769230180325062,0.9638790180456638,8.631990340619371,1.3
119966,passing_waveforms_data_mldd/waveforms/event_2015-04-24T06:17:33.536999Z.mseed,AXEC1,2015-04-24T06:17:33.536999Z,2015-04-24T06:17:33.536999Z,1.46,0.76,45.96805,-129.99954,1.544,323.87190681449323,2.34959538083414,0.964929594922519,5.314164179911376,2.1
119971,passing_waveforms_data_mldd/waveforms/event_2015-04-24T06:18:55.264000Z.mseed,AXEC1,2015-04-24T06:18:55.264000Z,2015-04-24T06:18:55.264000Z,1.36,0.69,45.95471,-130.01006,2.354,284.3324592317831,3.6017765162887443,0.9702754422580582,5.494093197334347,1.9
119972,passing_waveforms_data_mldd/waveforms/event_2015-04-24T06:19:16.222999Z.mseed,AXEC1,2015-04-24T06:19:16.222999Z,2015-04-24T06:19:16.222999Z,1.31,0.6,45.96625,-129.99922,1.6,321.47308123004274,12.144791423740333,0.983858882243816,5.087186439011206,1.8
119973,passing_waveforms_data_mldd/waveforms/event_2015-04-24T06:19:31.146999Z.mseed,AXEC1,2015-04-24T06:19:31.146999Z,2015-04-24T06:19:31.146999Z,0.94,0.4,45.94953,-129.99652,0.299,270.4660510247139,11.755228200165973,0.9933883746822088,5.680554006685112,1.7
119976,passing_waveforms_data_mldd/waveforms/event_2015-04-24T06:20:17.309000Z.mseed,AXEC1,2015-04-24T06:20:17.309000Z,2015-04-24T06:20:17.309000Z,1.42,0.67,45.96911,-129.99658,1.56,329.6288253786628,4.8884476277382465,0.9677296250780231,10.684709141934011,1.9
119977,passing_waveforms_data_mldd/waveforms/event_2015-04-24T06:20:27.588999Z.mseed,AXEC1,2015-04-24T06:20:27.588999Z,2015-04-24T06:20:27.588999Z,1.35,0.67,45.9674,-129.99083,1.92,337.16991897032295,3.46252786871801,0.9555876640409092,5.373018519023706,1.9
119978,passing_waveforms_data_mldd/waveforms/event_2015-04-24T06:20:42.432000Z.mseed,AXEC1,2015-04-24T06:20:42.432000Z,2015-04-24T06:20:42.432000Z,1.39,0.7,45.96734,-129.99753,1.947,325.7112506574528,6.853671898954547,0.9798326283839913,2.9082487566979194,2.2
119981,passing_waveforms_data_mldd/waveforms/event_2015-04-24T06:21:22.469999Z.mseed,AXEC1,2015-04-24T06:21:22.469999Z,2015-04-24T06:21:22.469999Z,1.0,0.53,45.95922,-129.96917,1.482,38.003881914480964,3.4322934525691604,0.8591827694439534,1.1106475772319444,1.3
119983,passing_waveforms_data_mldd/waveforms/event_2015-04-24T06:21:37.084000Z.mseed,AXEC1,2015-04-24T06:21:37.084000Z,2015-04-24T06:21:37.084000Z,1.36,0.65,45.96761,-129.99825,1.749,325.0493504789423,7.358548581912892,0.9760500120277005,3.119966599326453,2.0
119984,passing_waveforms_data_mldd/waveforms/event_2015-04-24T06:21:48.581000Z.mseed,AXEC1,2015-04-24T06:21:48.581000Z,2015-04-24T06:21:48.581000Z,1.27,0.62,45.95763,-129.99443,0.388,308.7886318166916,2.9963012828277744,0.9286385465231126,6.060676395931695,1.7
119988,passing_waveforms_data_mldd/waveforms/event_2015-04-24T06:22:22.571000Z.mseed,AXEC1,2015-04-24T06:22:22.571000Z,2015-04-24T06:22:22.571000Z,1.36,0.68,45.96672,-129.99722,1.688,325.22510078448585,4.9243579988749335,0.97479637723169,5.484701007714286,1.6
119992,passing_waveforms_data_mldd/waveforms/event_2015-04-24T06:23:31.065000Z.mseed,AXEC1,2015-04-24T06:23:31.065000Z,2015-04-24T06:23:31.065000Z,1.31,0.66,45.96577,-129.98994,1.985,336.9041362841038,5.528729095306945,0.9684360295578585,4.50342356677606,1.6
119993,passing_waveforms_data_mldd/waveforms/event_2015-04-24T06:23:46.389000Z.mseed,AXEC1,2015-04-24T06:23:46.389000Z,2015-04-24T06:23:46.389000Z,1.31,0.6,45.96593,-129.99516,1.809,327.30547243490685,14.369219917839072,0.9915011627881979,9.024814953766098,1.9
119997,passing_waveforms_data_mldd/waveforms/event_2015-04-24T06:25:25.862999Z.mseed,AXEC1,2015-04-24T06:25:25.862999Z,2015-04-24T06:25:25.862999Z,1.26,0.58,45.94924,-129.99753,0.027,269.14468744997566,3.7734192399139,0.9043488657938628,5.229885197491993,1.5
119998,passing_waveforms_data_mldd/waveforms/event_2015-04-24T06:25:39.552999Z.mseed,AXEC1,2015-04-24T06:25:39.552999Z,2015-04-24T06:25:39.552999Z,1.43,0.72,45.95473,-130.00644,0.323,286.1493322087548,2.0689253459879664,0.9263267613283774,13.650431650671356,1.2
120001,passing_waveforms_data_mldd/waveforms/event_2015-04-24T06:27:37.070000Z.mseed,AXEC1,2015-04-24T06:27:37.070000Z,2015-04-24T06:27:37.070000Z,0.46,0.21,45.94669,-129.98287,0.595,218.12705847980325,3.65744713908553,0.9562872734719217,7.857788676335599,1.5
120002,passing_waveforms_data_mldd/waveforms/event_2015-04-24T06:28:14.907000Z.mseed,AXEC1,2015-04-24T06:28:14.907000Z,2015-04-24T06:28:14.907000Z,0.85,0.41,45.94683,-129.99272,0.466,253.86341325018955,2.9613807981209024,0.8352957866300564,15.890023293569621,2.2
120003,passing_waveforms_data_mldd/waveforms/event_2015-04-24T06:28:52.659999Z.mseed,AXEC1,2015-04-24T06:28:52.659999Z,2015-04-24T06:28:52.659999Z,1.35,0.67,45.96688,-129.99887,1.865,323.01303870537356,8.234824725508478,0.9866410478251323,4.338366277573204,2.3
120004,passing_waveforms_data_mldd/waveforms/event_2015-04-24T06:29:14.500000Z.mseed,AXEC1,2015-04-24T06:29:14.500000Z,2015-04-24T06:29:14.500000Z,1.21,0.62,45.9614,-129.99758,1.495,314.17557476411025,3.1431263342122158,0.9216717272223552,9.64821660459356,1.5
120009,passing_waveforms_data_mldd/waveforms/event_2015-04-24T06:30:37.136000Z.mseed,AXEC1,2015-04-24T06:30:37.136000Z,2015-04-24T06:30:37.136000Z,1.29,0.62,45.96525,-129.99776,1.776,321.9172573961381,5.901726673838945,0.9534184858202313,10.416261553778956,1.9
120010,passing_waveforms_data_mldd/waveforms/event_2015-04-24T06:30:56.164000Z.mseed,AXEC1,2015-04-24T06:30:56.164000Z,2015-04-24T06:30:56.164000Z,1.15,0.59,45.94899,-129.99667,0.275,267.8569379666774,3.2908619593597965,0.9867439304139048,3.211735743236159,1.4
120012,passing_waveforms_data_mldd/waveforms/event_2015-04-24T06:31:18.990999Z.mseed,AXEC1,2015-04-24T06:31:18.990999Z,2015-04-24T06:31:18.990999Z,1.16,0.48,45.94954,-129.99783,0.024,270.5294684611244,10.254731945584808,0.9891529453035071,5.619936527701631,1.6
120013,passing_waveforms_data_mldd/waveforms/event_2015-04-24T06:31:49.024000Z.mseed,AXEC1,2015-04-24T06:31:49.024000Z,2015-04-24T06:31:49.024000Z,0.95,0.48,45.95219,-129.999,1.025,281.68303437389557,6.539356484372784,0.8527954691858557,9.412646491702585,1.8
120017,passing_waveforms_data_mldd/waveforms/event_2015-04-24T06:34:39.701999Z.mseed,AXEC1,2015-04-24T06:34:39.701999Z,2015-04-24T06:34:39.701999Z,0.87,0.41,45.94677,-129.99234,0.348,253.03212277727422,2.1099432873629356,0.9561474745836401,14.56636747590717,1.7
120020,passing_waveforms_data_mldd/waveforms/event_2015-04-24T06:35:08.948999Z.mseed,AXEC1,2015-04-24T06:35:08.948999Z,2015-04-24T06:35:08.948999Z,1.31,0.62,45.96685,-129.99836,1.661,323.70995943022615,10.802928132830907,0.9698342818398132,8.008208447668672,1.6
120022,passing_waveforms_data_mldd/waveforms/event_2015-04-24T06:35:32.563000Z.mseed,AXEC1,2015-04-24T06:35:32.563000Z,2015-04-24T06:35:32.563000Z,1.06,0.53,45.95852,-129.99502,1.489,310.62667499513225,4.051092521416587,0.9432221601549569,7.890931041974798,1.5
120026,passing_waveforms_data_mldd/waveforms/event_2015-04-24T06:36:16.684999Z.mseed,AXEC1,2015-04-24T06:36:16.684999Z,2015-04-24T06:36:16.684999Z,1.32,0.65,45.96499,-129.99812,1.721,320.89319266868984,2.808637341356924,0.9863326642306822,5.706935447217064,1.6
120033,passing_waveforms_data_mldd/waveforms/event_2015-04-24T06:38:04.187999Z.mseed,AXEC1,2015-04-24T06:38:04.187999Z,2015-04-24T06:38:04.187999Z,1.37,0.69,45.96552,-129.99972,1.717,319.4938793105033,4.145222640892855,0.956811286737854,4.781696663707328,2.2
120041,passing_waveforms_data_mldd/waveforms/event_2015-04-24T06:39:55.279000Z.mseed,AXEC1,2015-04-24T06:39:55.279000Z,2015-04-24T06:39:55.279000Z,1.25,0.59,45.96502,-129.99838,1.543,320.5527520348385,9.902031810067898,0.9680437213704715,4.987821250062374,1.8
120044,passing_waveforms_data_mldd/waveforms/event_2015-04-24T06:40:35.356000Z.mseed,AXEC1,2015-04-24T06:40:35.356000Z,2015-04-24T06:40:35.356000Z,1.03,0.48,45.94946,-129.99722,0.224,270.1478985288848,5.548143785288315,0.935838646704408,5.419009127426798,1.4
120046,passing_waveforms_data_mldd/waveforms/event_2015-04-24T06:41:10.867000Z.mseed,AXEC1,2015-04-24T06:41:10.867000Z,2015-04-24T06:41:10.867000Z,1.05,0.67,45.9496,-129.99768,0.146,270.80199969251464,2.90541404451728,0.9403978126468958,7.929101826115266,1.9
120048,passing_waveforms_data_mldd/waveforms/event_2015-04-24T06:42:02.177999Z.mseed,AXEC1,2015-04-24T06:42:02.177999Z,2015-04-24T06:42:02.177999Z,1.0,0.59,45.94797,-130.0023,1.551,264.8811733557575,2.5113683820243367,0.934326081565697,3.1374455264708287,1.6
120049,passing_waveforms_data_mldd/waveforms/event_2015-04-24T06:42:09.521000Z.mseed,AXEC1,2015-04-24T06:42:09.521000Z,2015-04-24T06:42:09.521000Z,0.98,0.44,45.94914,-129.9964,0.31,268.5470972362591,7.132860502884618,0.9811664964038066,4.8403730036322665,1.6
120050,passing_waveforms_data_mldd/waveforms/event_2015-04-24T06:42:15.082000Z.mseed,AXEC1,2015-04-24T06:42:15.082000Z,2015-04-24T06:42:15.082000Z,1.09,0.57,45.96179,-129.99578,1.474,318.1410765940433,4.582285202102191,0.735044271134194,24.52303372603663,1.7
120052,passing_waveforms_data_mldd/waveforms/event_2015-04-24T06:42:42.859999Z.mseed,AXEC1,2015-04-24T06:42:42.859999Z,2015-04-24T06:42:42.859999Z,0.98,0.45,45.94951,-129.99625,0.399,270.36271312747726,2.6314826406097183,0.8786990771402795,10.83775340788365,1.5
120055,passing_waveforms_data_mldd/waveforms/event_2015-04-24T06:43:26.817000Z.mseed,AXEC1,2015-04-24T06:43:26.817000Z,2015-04-24T06:43:26.817000Z,0.89,0.43,45.95029,-129.99634,0.463,274.2104973587757,7.416441589997746,0.9026805815514947,9.425569846291133,1.6
120061,passing_waveforms_data_mldd/waveforms/event_2015-04-24T06:44:29.018000Z.mseed,AXEC1,2015-04-24T06:44:29.018000Z,2015-04-24T06:44:29.018000Z,1.0,0.48,45.94916,-129.99621,0.356,268.6215214852021,2.7526551741763874,0.9637776999662651,2.913286081362521,1.8
120062,passing_waveforms_data_mldd/waveforms/event_2015-04-24T06:44:33.671999Z.mseed,AXEC1,2015-04-24T06:44:33.671999Z,2015-04-24T06:44:33.671999Z,3.81,0.39,45.94825,-129.99695,0.284,264.40309495582164,2.365215920776193,0.8632598307817496,9.986480976244632,2.1
120067,passing_waveforms_data_mldd/waveforms/event_2015-04-24T06:45:37.651000Z.mseed,AXEC1,2015-04-24T06:45:37.651000Z,2015-04-24T06:45:37.651000Z,1.0,0.43,45.94906,-129.99651,0.257,268.1710364546898,3.833106230955912,0.9556113824515146,17.74843138904167,1.8
120072,passing_waveforms_data_mldd/waveforms/event_2015-04-24T06:46:52.798000Z.mseed,AXEC1,2015-04-24T06:46:52.798000Z,2015-04-24T06:46:52.798000Z,1.13,0.54,45.94934,-129.99719,0.179,269.58349820910576,3.104919759620582,0.9403889973250914,22.217798063494726,2.1
120073,passing_waveforms_data_mldd/waveforms/event_2015-04-24T06:47:00.500000Z.mseed,AXEC1,2015-04-24T06:47:00.500000Z,2015-04-24T06:47:00.500000Z,1.16,0.55,45.94942,-129.99761,0.121,269.9768658415352,3.8180226299740903,0.9601646803756282,4.4158736026945515,1.8
120074,passing_waveforms_data_mldd/waveforms/event_2015-04-24T06:47:07.820000Z.mseed,AXEC1,2015-04-24T06:47:07.820000Z,2015-04-24T06:47:07.820000Z,0.97,0.44,45.94974,-129.99646,0.358,271.49428064942333,4.608765589397994,0.9595542495169319,10.813812323146854,1.6
120077,passing_waveforms_data_mldd/waveforms/event_2015-04-24T06:47:37.076999Z.mseed,AXEC1,2015-04-24T06:47:37.076999Z,2015-04-24T06:47:37.076999Z,0.96,0.41,45.94916,-129.99677,0.243,268.69018322492605,6.071341197728331,0.821058608289466,21.645660577046208,2.0
120079,passing_waveforms_data_mldd/waveforms/event_2015-04-24T06:48:08.060999Z.mseed,AXEC1,2015-04-24T06:48:08.060999Z,2015-04-24T06:48:08.060999Z,1.19,0.57,45.9498,-129.99767,0.172,271.7161132792851,2.4781026681753064,0.9005710706994565,20.76184008222092,2.3
120080,passing_waveforms_data_mldd/waveforms/event_2015-04-24T06:48:31.411000Z.mseed,AXEC1,2015-04-24T06:48:31.411000Z,2015-04-24T06:48:31.411000Z,1.25,0.67,45.9594,-129.99955,1.73,306.05822255127555,3.0621481424070778,0.825454554528299,9.412398662093452,2.0
120083,passing_waveforms_data_mldd/waveforms/event_2015-04-24T06:49:26.452000Z.mseed,AXEC1,2015-04-24T06:49:26.452000Z,2015-04-24T06:49:26.452000Z,1.34,0.58,45.95162,-129.99825,0.054,279.6702215021258,2.14418807183113,0.8877239885218029,21.720353390012647,1.6
120084,passing_waveforms_data_mldd/waveforms/event_2015-04-24T06:49:37.630000Z.mseed,AXEC1,2015-04-24T06:49:37.630000Z,2015-04-24T06:49:37.630000Z,1.18,0.57,45.94922,-129.99728,0.149,269.0289727604402,2.8787333984135293,0.9538943632063372,13.480492319883657,2.2
120085,passing_waveforms_data_mldd/waveforms/event_2015-04-24T06:49:44.476999Z.mseed,AXEC1,2015-04-24T06:49:44.476999Z,2015-04-24T06:49:44.476999Z,1.02,0.46,45.94907,-129.99669,0.309,268.24622099635803,5.535412106860338,0.9884015269674573,7.424203036850867,1.8
120089,passing_waveforms_data_mldd/waveforms/event_2015-04-24T06:50:20.420000Z.mseed,AXEC1,2015-04-24T06:50:20.420000Z,2015-04-24T06:50:20.420000Z,1.1,0.52,45.94912,-129.99709,0.148,268.53875977192763,8.025297476407028,0.9937789059186664,11.325596500329043,2.0
120090,passing_waveforms_data_mldd/waveforms/event_2015-04-24T06:50:35.652000Z.mseed,AXEC1,2015-04-24T06:50:35.652000Z,2015-04-24T06:50:35.652000Z,1.0,0.46,45.94858,-129.99616,0.252,265.7325385459635,5.2797094866297565,0.9549488767990638,5.095722730154528,1.7
120091,passing_waveforms_data_mldd/waveforms/event_2015-04-24T06:50:41.491999Z.mseed,AXEC1,2015-04-24T06:50:41.491999Z,2015-04-24T06:50:41.491999Z,1.27,0.62,45.96375,-129.99983,1.913,315.9755172963805,3.919904092585803,0.983552222619684,9.588980135378435,2.4
120092,passing_waveforms_data_mldd/waveforms/event_2015-04-24T06:50:57.851999Z.mseed,AXEC1,2015-04-24T06:50:57.851999Z,2015-04-24T06:50:57.851999Z,0.92,0.39,45.94856,-129.99595,0.209,265.56817258786083,5.14059273202156,0.8609008386128973,25.04531565669032,2.1
120094,passing_waveforms_data_mldd/waveforms/event_2015-04-24T06:51:18.777999Z.mseed,AXEC1,2015-04-24T06:51:18.777999Z,2015-04-24T06:51:18.777999Z,0.96,0.42,45.95554,-129.99692,0.635,297.10103068665313,5.363568445026658,0.9332192252235374,21.163742654103913,1.9
120096,passing_waveforms_data_mldd/waveforms/event_2015-04-24T06:51:52.734999Z.mseed,AXEC1,2015-04-24T06:51:52.734999Z,2015-04-24T06:51:52.734999Z,1.04,0.53,45.95168,-129.99659,0.32,280.81682822737923,3.438460733048601,0.9569134735817945,19.77663631307472,2.2
120098,passing_waveforms_data_mldd/waveforms/event_2015-04-24T06:52:13.660000Z.mseed,AXEC1,2015-04-24T06:52:13.660000Z,2015-04-24T06:52:13.660000Z,1.06,0.56,45.9496,-129.99766,0.355,270.80209424759374,2.785454030903776,0.9664413660396782,11.428669885804705,2.3
120100,passing_waveforms_data_mldd/waveforms/event_2015-04-24T06:52:47.103000Z.mseed,AXEC1,2015-04-24T06:52:47.103000Z,2015-04-24T06:52:47.103000Z,0.96,0.41,45.95323,-129.99851,0.484,286.25690781040646,9.688904814652478,0.9194695107919563,17.507869809777834,2.2
120101,passing_waveforms_data_mldd/waveforms/event_2015-04-24T06:53:14.368000Z.mseed,AXEC1,2015-04-24T06:53:14.368000Z,2015-04-24T06:53:14.368000Z,1.03,0.52,45.95721,-129.99684,1.304,303.2568552670816,3.352668115843282,0.7543120296570851,8.320405908844949,1.7
120102,passing_waveforms_data_mldd/waveforms/event_2015-04-24T06:53:20.536000Z.mseed,AXEC1,2015-04-24T06:53:20.536000Z,2015-04-24T06:53:20.536000Z,1.17,0.63,45.94726,-129.99919,0.295,261.0273327698038,2.6400141977420946,0.9404114181810848,10.591288562254794,2.3
120105,passing_waveforms_data_mldd/waveforms/event_2015-04-24T06:53:52.487000Z.mseed,AXEC1,2015-04-24T06:53:52.487000Z,2015-04-24T06:53:52.487000Z,0.94,0.41,45.94955,-129.99667,0.321,270.5650656287919,8.849954685932058,0.7651187850287259,27.981586334467135,1.8
120106,passing_waveforms_data_mldd/waveforms/event_2015-04-24T06:54:16.150999Z.mseed,AXEC1,2015-04-24T06:54:16.150999Z,2015-04-24T06:54:16.150999Z,0.95,0.41,45.95561,-129.99593,0.542,298.75210847763424,9.110009174884246,0.9602814579471372,6.171918104487991,1.9
120107,passing_waveforms_data_mldd/waveforms/event_2015-04-24T06:54:34.262000Z.mseed,AXEC1,2015-04-24T06:54:34.262000Z,2015-04-24T06:54:34.262000Z,0.9,0.37,45.94868,-129.9958,0.312,266.128225033106,7.847431684087909,0.982580169340001,6.050682950529049,1.8
120111,passing_waveforms_data_mldd/waveforms/event_2015-04-24T06:55:48.384999Z.mseed,AXEC1,2015-04-24T06:55:48.384999Z,2015-04-24T06:55:48.384999Z,1.0,0.47,45.9437,-129.99205,0.079,236.39472015257493,6.5358744903511825,0.9730446052981827,10.507400118949883,2.0
120113,passing_waveforms_data_mldd/waveforms/event_2015-04-24T06:56:10.814999Z.mseed,AXEC1,2015-04-24T06:56:10.814999Z,2015-04-24T06:56:10.814999Z,0.96,0.4,45.95924,-129.9945,1.635,313.80946994303207,2.7458109705456932,0.7444895044406112,7.167096488818784,1.9
120115,passing_waveforms_data_mldd/waveforms/event_2015-04-24T06:56:30.239999Z.mseed,AXEC1,2015-04-24T06:56:30.239999Z,2015-04-24T06:56:30.239999Z,1.02,0.67,45.95631,-129.9959,1.578,301.48763061695774,7.148926063522256,0.7478043203007101,15.380531960895333,1.8
120117,passing_waveforms_data_mldd/waveforms/event_2015-04-24T06:56:47.587000Z.mseed,AXEC1,2015-04-24T06:56:47.587000Z,2015-04-24T06:56:47.587000Z,1.0,0.45,45.95391,-129.99688,0.409,290.5766150181706,6.592332375854004,0.929570704114302,11.405816803828374,1.9
120118,passing_waveforms_data_mldd/waveforms/event_2015-04-24T06:56:56.183999Z.mseed,AXEC1,2015-04-24T06:56:56.183999Z,2015-04-24T06:56:56.183999Z,0.92,0.38,45.94795,-129.99568,0.257,262.3907232278649,7.705857596705996,0.98171280157837,8.401971592339471,2.5
120125,passing_waveforms_data_mldd/waveforms/event_2015-04-24T06:58:36.871999Z.mseed,AXEC1,2015-04-24T06:58:36.871999Z,2015-04-24T06:58:36.871999Z,0.86,0.35,45.94894,-129.9955,0.516,267.3864954025627,4.926021683456565,0.9455789596228599,15.827487275215836,1.8
120127,passing_waveforms_data_mldd/waveforms/event_2015-04-24T06:59:07.187999Z.mseed,AXEC1,2015-04-24T06:59:07.187999Z,2015-04-24T06:59:07.187999Z,1.18,0.63,45.95437,-130.0011,0.773,288.50300388169484,2.0145196010097877,0.9519180752781059,3.7883362670096123,1.9
120129,passing_waveforms_data_mldd/waveforms/event_2015-04-24T06:59:24.260000Z.mseed,AXEC1,2015-04-24T06:59:24.260000Z,2015-04-24T06:59:24.260000Z,0.94,0.37,45.94933,-129.99648,0.248,269.4866437010254,7.336413387914844,0.9697309681463783,15.93611500200299,1.9
120133,passing_waveforms_data_mldd/waveforms/event_2015-04-24T07:00:20.196999Z.mseed,AXEC1,2015-04-24T07:00:20.196999Z,2015-04-24T07:00:20.196999Z,1.13,0.55,45.94925,-129.9968,0.257,269.1256082981582,3.101350077547864,0.8709413577469132,7.888074036637396,1.9
120136,passing_waveforms_data_mldd/waveforms/event_2015-04-24T07:00:41.195000Z.mseed,AXEC1,2015-04-24T07:00:41.195000Z,2015-04-24T07:00:41.195000Z,1.14,0.58,45.95046,-129.99721,0.295,274.8313838257639,3.4037340564834917,0.8763185140464919,15.547893998327226,1.9
120138,passing_waveforms_data_mldd/waveforms/event_2015-04-24T07:00:57.095999Z.mseed,AXEC1,2015-04-24T07:00:57.095999Z,2015-04-24T07:00:57.095999Z,1.09,0.53,45.94907,-129.9969,0.275,268.27634444842505,3.0330279580440074,0.9401412307696385,7.381739850060988,2.1
120140,passing_waveforms_data_mldd/waveforms/event_2015-04-24T07:01:26.861000Z.mseed,AXEC1,2015-04-24T07:01:26.861000Z,2015-04-24T07:01:26.861000Z,0.95,0.4,45.94918,-129.99685,0.269,268.79530210973013,5.2391498299044255,0.844274248290795,3.045671266990078,1.7
120145,passing_waveforms_data_mldd/waveforms/event_2015-04-24T07:02:08.977000Z.mseed,AXEC1,2015-04-24T07:02:08.977000Z,2015-04-24T07:02:08.977000Z,0.86,0.42,45.95124,-129.99313,0.552,280.7574125587812,5.60719177959494,0.7120795907370603,28.38557950820242,1.8
120147,passing_waveforms_data_mldd/waveforms/event_2015-04-24T07:02:20.266999Z.mseed,AXEC1,2015-04-24T07:02:20.266999Z,2015-04-24T07:02:20.266999Z,1.0,0.43,45.95019,-129.99637,0.388,273.713074640468,2.2557772395666653,0.9811036753114933,3.4906810063943774,1.5
120148,passing_waveforms_data_mldd/waveforms/event_2015-04-24T07:02:31.861999Z.mseed,AXEC1,2015-04-24T07:02:31.861999Z,2015-04-24T07:02:31.861999Z,1.04,0.54,45.95719,-129.99642,1.478,303.8357937529705,8.024534274751254,0.8763351657696419,13.634376050316508,1.8
120151,passing_waveforms_data_mldd/waveforms/event_2015-04-24T07:03:15.227000Z.mseed,AXEC1,2015-04-24T07:03:15.227000Z,2015-04-24T07:03:15.227000Z,1.17,0.6,45.95808,-129.98826,2.19,325.6220914493058,2.3443448435667493,0.9826017669299124,2.889050012359998,2.1
120153,passing_waveforms_data_mldd/waveforms/event_2015-04-24T07:03:32.796999Z.mseed,AXEC1,2015-04-24T07:03:32.796999Z,2015-04-24T07:03:32.796999Z,0.84,0.37,45.9494,-129.99444,0.396,269.70653221373266,11.28763816240716,0.9827034949611171,15.103154643135476,2.3
120155,passing_waveforms_data_mldd/waveforms/event_2015-04-24T07:04:08.308999Z.mseed,AXEC1,2015-04-24T07:04:08.308999Z,2015-04-24T07:04:08.308999Z,0.86,0.39,45.9496,-129.99607,0.357,270.8104068913665,3.2541768635070873,0.959612009738438,8.074894426500386,1.7
120156,passing_waveforms_data_mldd/waveforms/event_2015-04-24T07:04:19.082000Z.mseed,AXEC1,2015-04-24T07:04:19.082000Z,2015-04-24T07:04:19.082000Z,0.9,0.39,45.94484,-129.99165,0.398,241.08556352293687,2.3440398386303785,0.9817871819774974,3.1431271670190184,1.8
120159,passing_waveforms_data_mldd/waveforms/event_2015-04-24T07:04:40.450000Z.mseed,AXEC1,2015-04-24T07:04:40.450000Z,2015-04-24T07:04:40.450000Z,0.98,0.45,45.95699,-129.99069,1.931,314.7367252374095,4.743411071234821,0.9695872021979001,5.539742952369612,1.5
120161,passing_waveforms_data_mldd/waveforms/event_2015-04-24T07:04:55.619999Z.mseed,AXEC1,2015-04-24T07:04:55.619999Z,2015-04-24T07:04:55.619999Z,0.87,0.57,45.94979,-129.99638,0.439,271.7441670901926,5.961811221654035,0.9453889940053855,19.593801621772467,1.8
120162,passing_waveforms_data_mldd/waveforms/event_2015-04-24T07:05:05.652999Z.mseed,AXEC1,2015-04-24T07:05:05.652999Z,2015-04-24T07:05:05.652999Z,1.11,0.58,45.94832,-129.99736,0.526,264.87054229335473,2.1253194867950778,0.9671098364860679,4.680236840099596,2.3
120164,passing_waveforms_data_mldd/waveforms/event_2015-04-24T07:05:43.844000Z.mseed,AXEC1,2015-04-24T07:05:43.844000Z,2015-04-24T07:05:43.844000Z,0.79,0.35,45.94828,-129.99418,0.238,263.3755181049811,6.58940471102951,0.969541595145935,8.721408350835842,2.0
120165,passing_waveforms_data_mldd/waveforms/event_2015-04-24T07:06:01.677000Z.mseed,AXEC1,2015-04-24T07:06:01.677000Z,2015-04-24T07:06:01.677000Z,1.09,0.36,45.94977,-129.99481,0.095,271.74233190325185,6.941035668499465,0.9842035167289117,8.934024183202983,2.6
120167,passing_waveforms_data_mldd/waveforms/event_2015-04-24T07:06:38.006000Z.mseed,AXEC1,2015-04-24T07:06:38.006000Z,2015-04-24T07:06:38.006000Z,0.84,0.36,45.94839,-129.9948,0.33,264.26387754442385,2.6030886180891457,0.9992953728362003,11.64973916059316,2.8
120168,passing_waveforms_data_mldd/waveforms/event_2015-04-24T07:06:50.430999Z.mseed,AXEC1,2015-04-24T07:06:50.430999Z,2015-04-24T07:06:50.430999Z,0.8,0.37,45.94551,-129.99251,0.479,246.22140205312758,3.1506656487020805,0.9550551740077704,3.38850465685257,1.9
120169,passing_waveforms_data_mldd/waveforms/event_2015-04-24T07:07:06.793999Z.mseed,AXEC1,2015-04-24T07:07:06.793999Z,2015-04-24T07:07:06.793999Z,1.09,0.57,45.95563,-129.99322,1.93,303.39082993675777,2.9662040221712576,0.9682833620793748,6.7302531106672525,2.3
120170,passing_waveforms_data_mldd/waveforms/event_2015-04-24T07:07:16.021000Z.mseed,AXEC1,2015-04-24T07:07:16.021000Z,2015-04-24T07:07:16.021000Z,0.85,0.36,45.95409,-129.9933,1.585,296.13636548304333,8.988299922332557,0.8492347181600399,6.501947330820744,1.8
120172,passing_waveforms_data_mldd/waveforms/event_2015-04-24T07:07:34.115000Z.mseed,AXEC1,2015-04-24T07:07:34.115000Z,2015-04-24T07:07:34.115000Z,0.98,0.46,45.94876,-129.99604,0.318,266.59518682640135,7.732744303466494,0.9638168350435429,4.823333107281908,1.7
120173,passing_waveforms_data_mldd/waveforms/event_2015-04-24T07:07:42.604999Z.mseed,AXEC1,2015-04-24T07:07:42.604999Z,2015-04-24T07:07:42.604999Z,0.87,0.4,45.94924,-129.99548,0.106,268.94064567246414,7.784289627936026,0.97029372937201,17.94420593522692,2.4
120176,passing_waveforms_data_mldd/waveforms/event_2015-04-24T07:08:41.189999Z.mseed,AXEC1,2015-04-24T07:08:41.189999Z,2015-04-24T07:08:41.189999Z,0.92,0.32,45.94767,-129.99441,0.302,260.16522599139734,4.3694911743301645,0.8641019114838228,29.87427435308019,2.8
120178,passing_waveforms_data_mldd/waveforms/event_2015-04-24T07:09:06.669999Z.mseed,AXEC1,2015-04-24T07:09:06.669999Z,2015-04-24T07:09:06.669999Z,1.04,0.55,45.95377,-129.99308,1.99,294.88655934243627,2.865287616933186,0.9642454773283966,5.428095376041656,1.7
120180,passing_waveforms_data_mldd/waveforms/event_2015-04-24T07:09:33.372999Z.mseed,AXEC1,2015-04-24T07:09:33.372999Z,2015-04-24T07:09:33.372999Z,1.01,0.46,45.95568,-129.99454,1.56,301.2206293429426,7.3618505235127945,0.9809989557030214,4.004076915578061,1.9
120184,passing_waveforms_data_mldd/waveforms/event_2015-04-24T07:10:20.233000Z.mseed,AXEC1,2015-04-24T07:10:20.233000Z,2015-04-24T07:10:20.233000Z,1.03,0.51,45.94725,-129.99372,0.131,257.3087101701326,2.485400388282623,0.9920705750702692,3.7610331592163813,2.5
120185,passing_waveforms_data_mldd/waveforms/event_2015-04-24T07:10:33.988999Z.mseed,AXEC1,2015-04-24T07:10:33.988999Z,2015-04-24T07:10:33.988999Z,0.96,0.5,45.94858,-129.99577,0.313,265.61222827004883,4.154203580021436,0.9296682558295706,9.880570997187748,1.8
120186,passing_waveforms_data_mldd/waveforms/event_2015-04-24T07:10:57.618000Z.mseed,AXEC1,2015-04-24T07:10:57.618000Z,2015-04-24T07:10:57.618000Z,0.96,0.44,45.94793,-129.9958,0.402,262.35201301088193,8.096979753545515,0.990976015207626,3.90137796389493,2.1
120187,passing_waveforms_data_mldd/waveforms/event_2015-04-24T07:11:20.330999Z.mseed,AXEC1,2015-04-24T07:11:20.330999Z,2015-04-24T07:11:20.330999Z,0.88,0.41,45.94496,-129.99245,0.317,243.2596195080734,10.13793271852646,0.9936483448080571,2.191031485443954,2.1
120189,passing_waveforms_data_mldd/waveforms/event_2015-04-24T07:11:31.594000Z.mseed,AXEC1,2015-04-24T07:11:31.594000Z,2015-04-24T07:11:31.594000Z,0.93,0.6,45.94823,-130.001,1.455,265.5202182081394,7.8785722343733475,0.9771061471027023,2.8717578472773515,1.9
120190,passing_waveforms_data_mldd/waveforms/event_2015-04-24T07:11:38.514000Z.mseed,AXEC1,2015-04-24T07:11:38.514000Z,2015-04-24T07:11:38.514000Z,0.98,0.45,45.949,-129.99708,0.339,267.971438733951,16.102059281340996,0.982351819716794,17.588028028028926,2.3
120191,passing_waveforms_data_mldd/waveforms/event_2015-04-24T07:11:45.817999Z.mseed,AXEC1,2015-04-24T07:11:45.817999Z,2015-04-24T07:11:45.817999Z,0.89,0.38,45.94721,-129.99521,0.314,258.35411495442264,8.402373797364561,0.9636003606182993,10.203195621102067,2.5
120192,passing_waveforms_data_mldd/waveforms/event_2015-04-24T07:12:02.664000Z.mseed,AXEC1,2015-04-24T07:12:02.664000Z,2015-04-24T07:12:02.664000Z,0.92,0.45,45.94787,-129.99566,0.304,261.9777920256146,6.056260018391596,0.9045200659416444,20.40452130988705,1.7
120194,passing_waveforms_data_mldd/waveforms/event_2015-04-24T07:12:20.722999Z.mseed,AXEC1,2015-04-24T07:12:20.722999Z,2015-04-24T07:12:20.722999Z,0.84,0.34,45.94744,-129.99452,0.227,259.0142374787565,13.801580589331891,0.9196810926467036,3.5371830213401476,2.2
120196,passing_waveforms_data_mldd/waveforms/event_2015-04-24T07:12:36.926000Z.mseed,AXEC1,2015-04-24T07:12:36.926000Z,2015-04-24T07:12:36.926000Z,0.91,0.41,45.94724,-129.99431,0.358,257.7782635794971,7.398863893621674,0.9629027545828518,3.447395947869428,1.8
120198,passing_waveforms_data_mldd/waveforms/event_2015-04-24T07:12:58.743000Z.mseed,AXEC1,2015-04-24T07:12:58.743000Z,2015-04-24T07:12:58.743000Z,0.86,0.37,45.94862,-129.99511,0.302,265.6063296276165,15.527511835176206,0.9459215889461545,13.658762279846805,2.1
120199,passing_waveforms_data_mldd/waveforms/event_2015-04-24T07:13:04.160999Z.mseed,AXEC1,2015-04-24T07:13:04.160999Z,2015-04-24T07:13:04.160999Z,0.92,0.45,45.95626,-129.99364,1.709,305.1985302464218,10.620234931731101,0.8764358459395992,17.02167219670094,1.8
120200,passing_waveforms_data_mldd/waveforms/event_2015-04-24T07:13:25.966000Z.mseed,AXEC1,2015-04-24T07:13:25.966000Z,2015-04-24T07:13:25.966000Z,0.91,0.39,45.94862,-129.99575,0.302,265.80904714267524,15.67042624275479,0.9911087759677951,1.885684534867684,1.9
120202,passing_waveforms_data_mldd/waveforms/event_2015-04-24T07:14:13.250999Z.mseed,AXEC1,2015-04-24T07:14:13.250999Z,2015-04-24T07:14:13.250999Z,0.85,0.36,45.9494,-129.99466,0.394,269.72135739822704,10.069832121167373,0.9730991660859863,14.966895316083427,2.3
120205,passing_waveforms_data_mldd/waveforms/event_2015-04-24T07:14:59.880000Z.mseed,AXEC1,2015-04-24T07:14:59.880000Z,2015-04-24T07:14:59.880000Z,1.06,0.64,45.94964,-129.99691,0.261,270.9967160942328,4.674096948497642,0.9827997629347606,9.8104662903562,2.5
120208,passing_waveforms_data_mldd/waveforms/event_2015-04-24T07:15:42.152999Z.mseed,AXEC1,2015-04-24T07:15:42.152999Z,2015-04-24T07:15:42.152999Z,0.83,0.4,45.94524,-129.99252,0.395,244.82171557592608,11.781892855109598,0.9720947803364255,7.358912536638655,1.9
120209,passing_waveforms_data_mldd/waveforms/event_2015-04-24T07:15:47.476999Z.mseed,AXEC1,2015-04-24T07:15:47.476999Z,2015-04-24T07:15:47.476999Z,0.9,0.43,45.94836,-129.99512,0.34,264.2388472020765,11.876524465853064,0.9612071586596406,9.241990334289273,1.9
120214,passing_waveforms_data_mldd/waveforms/event_2015-04-24T07:16:53.165999Z.mseed,AXEC1,2015-04-24T07:16:53.165999Z,2015-04-24T07:16:53.165999Z,0.86,0.42,45.95587,-129.98818,1.425,317.467409434205,7.721600211144933,0.9620205260728267,6.306542396598491,1.7
120218,passing_waveforms_data_mldd/waveforms/event_2015-04-24T07:17:40.125000Z.mseed,AXEC1,2015-04-24T07:17:40.125000Z,2015-04-24T07:17:40.125000Z,0.81,0.36,45.9481,-129.99411,0.426,262.3335470964139,14.423161642287312,0.9934510934600375,8.438698031312065,2.3
120220,passing_waveforms_data_mldd/waveforms/event_2015-04-24T07:18:05.645999Z.mseed,AXEC1,2015-04-24T07:18:05.645999Z,2015-04-24T07:18:05.645999Z,0.83,0.38,45.94834,-129.9941,0.607,263.67204098029606,10.133329425681177,0.9947123204715372,5.47911474739707,2.1
120222,passing_waveforms_data_mldd/waveforms/event_2015-04-24T07:18:24.525999Z.mseed,AXEC1,2015-04-24T07:18:24.525999Z,2015-04-24T07:18:24.525999Z,0.82,0.49,45.94332,-129.99194,0.097,234.4617754549655,3.054076258490621,0.895905155645008,7.391959013367386,1.5
120224,passing_waveforms_data_mldd/waveforms/event_2015-04-24T07:18:46.649999Z.mseed,AXEC1,2015-04-24T07:18:46.649999Z,2015-04-24T07:18:46.649999Z,0.88,0.43,45.95428,-129.98879,1.654,307.2556919276765,10.694611403853877,0.9812335209502615,2.633209030624785,1.6
120226,passing_waveforms_data_mldd/waveforms/event_2015-04-24T07:19:24.594000Z.mseed,AXEC1,2015-04-24T07:19:24.594000Z,2015-04-24T07:19:24.594000Z,0.83,0.35,45.94788,-129.9934,0.457,260.6224645567098,8.765784239725486,0.9875324721386248,12.347145435581561,2.1
120227,passing_waveforms_data_mldd/waveforms/event_2015-04-24T07:19:29.940999Z.mseed,AXEC1,2015-04-24T07:19:29.940999Z,2015-04-24T07:19:29.940999Z,0.84,0.38,45.94646,-129.9926,0.411,251.5865660864496,8.115412169187321,0.993153679845435,0.6547560454642575,2.1
120228,passing_waveforms_data_mldd/waveforms/event_2015-04-24T07:19:40.142000Z.mseed,AXEC1,2015-04-24T07:19:40.142000Z,2015-04-24T07:19:40.142000Z,0.99,0.57,45.94403,-130.00327,0.85,252.0607364586923,2.674052807878569,0.9385010508182117,3.6745743170471865,1.5
120233,passing_waveforms_data_mldd/waveforms/event_2015-04-24T07:20:18.518999Z.mseed,AXEC1,2015-04-24T07:20:18.518999Z,2015-04-24T07:20:18.518999Z,0.86,0.36,45.94756,-129.99367,0.436,258.9984759296496,8.188715399646398,0.8898507213931282,19.153230339174723,2.5
120236,passing_waveforms_data_mldd/waveforms/event_2015-04-24T07:20:42.570999Z.mseed,AXEC1,2015-04-24T07:20:42.570999Z,2015-04-24T07:20:42.570999Z,0.88,0.43,45.9455,-129.99294,0.437,246.8754519512347,5.106521533551609,0.9631539413093775,16.57809480181417,1.6
120238,passing_waveforms_data_mldd/waveforms/event_2015-04-24T07:20:55.594999Z.mseed,AXEC1,2015-04-24T07:20:55.594999Z,2015-04-24T07:20:55.594999Z,0.81,0.43,45.94597,-129.99273,0.519,249.04766901629074,4.382138542042195,0.7831814485055628,17.944470507294195,1.5
120239,passing_waveforms_data_mldd/waveforms/event_2015-04-24T07:21:01.671999Z.mseed,AXEC1,2015-04-24T07:21:01.671999Z,2015-04-24T07:21:01.671999Z,0.93,0.44,45.94499,-129.99227,0.249,243.07859498994225,3.4012342237669335,0.9844421185831004,8.713968213073015,2.1
120240,passing_waveforms_data_mldd/waveforms/event_2015-04-24T07:21:10.611000Z.mseed,AXEC1,2015-04-24T07:21:10.611000Z,2015-04-24T07:21:10.611000Z,0.83,0.33,45.94761,-129.99425,0.4,259.72509818119795,9.641557972114953,0.8724293941895883,28.726120805676185,1.6
120241,passing_waveforms_data_mldd/waveforms/event_2015-04-24T07:21:20.811000Z.mseed,AXEC1,2015-04-24T07:21:20.811000Z,2015-04-24T07:21:20.811000Z,0.84,0.41,45.94722,-129.9927,0.546,256.1215427518622,5.174491550813312,0.9717190702929688,4.399329008246489,1.9
120242,passing_waveforms_data_mldd/waveforms/event_2015-04-24T07:21:25.867999Z.mseed,AXEC1,2015-04-24T07:21:25.867999Z,2015-04-24T07:21:25.867999Z,0.85,0.37,45.94669,-129.99384,0.341,254.37900524338673,11.562617372526503,0.9022367380375707,18.017485180865545,1.7
120244,passing_waveforms_data_mldd/waveforms/event_2015-04-24T07:21:47.256999Z.mseed,AXEC1,2015-04-24T07:21:47.256999Z,2015-04-24T07:21:47.256999Z,0.84,0.37,45.94717,-129.99423,0.436,257.33435401269253,12.1773984108831,0.9871852574127938,8.373895935959506,1.9
120245,passing_waveforms_data_mldd/waveforms/event_2015-04-24T07:22:01.663999Z.mseed,AXEC1,2015-04-24T07:22:01.663999Z,2015-04-24T07:22:01.663999Z,0.81,0.35,45.94756,-129.99294,0.388,258.37181330145194,8.940894570535056,0.897756057621128,5.29945710084252,1.6
120246,passing_waveforms_data_mldd/waveforms/event_2015-04-24T07:22:10.814999Z.mseed,AXEC1,2015-04-24T07:22:10.814999Z,2015-04-24T07:22:10.814999Z,0.9,0.43,45.94765,-129.99419,0.422,259.8993055422284,4.615361388627334,0.9624303836011385,9.719035241403994,1.7
120247,passing_waveforms_data_mldd/waveforms/event_2015-04-24T07:22:18.593000Z.mseed,AXEC1,2015-04-24T07:22:18.593000Z,2015-04-24T07:22:18.593000Z,0.89,0.42,45.94692,-129.99327,0.424,255.01347621715192,2.9351443745159895,0.9883769343704495,5.27452618197058,1.8
120249,passing_waveforms_data_mldd/waveforms/event_2015-04-24T07:22:29.673999Z.mseed,AXEC1,2015-04-24T07:22:29.673999Z,2015-04-24T07:22:29.673999Z,0.87,0.41,45.94746,-129.9942,0.41,258.8718379533842,8.935217956226854,0.9473580462413059,1.6533155103499444,1.6
120250,passing_waveforms_data_mldd/waveforms/event_2015-04-24T07:22:36.201999Z.mseed,AXEC1,2015-04-24T07:22:36.201999Z,2015-04-24T07:22:36.201999Z,0.93,0.31,45.94712,-129.99286,0.406,255.7076425546446,2.16061177461839,0.937956841196091,17.353084444056964,1.8
120252,passing_waveforms_data_mldd/waveforms/event_2015-04-24T07:22:48.790999Z.mseed,AXEC1,2015-04-24T07:22:48.790999Z,2015-04-24T07:22:48.790999Z,0.9,0.37,45.94651,-129.99359,0.202,253.12868334654453,7.319651710304076,0.9353827984310762,16.645027315820876,1.8
120253,passing_waveforms_data_mldd/waveforms/event_2015-04-24T07:22:58.521999Z.mseed,AXEC1,2015-04-24T07:22:58.521999Z,2015-04-24T07:22:58.521999Z,1.02,0.56,45.94865,-130.00503,0.937,267.7003554054652,6.448015369848765,0.9703015993169645,20.18509708374012,1.8
120254,passing_waveforms_data_mldd/waveforms/event_2015-04-24T07:23:08.682999Z.mseed,AXEC1,2015-04-24T07:23:08.682999Z,2015-04-24T07:23:08.682999Z,0.87,0.41,45.94585,-129.99197,0.327,247.16180882986208,4.654609104160851,0.8801753505129598,10.78346246656717,2.2
120255,passing_waveforms_data_mldd/waveforms/event_2015-04-24T07:23:20.657000Z.mseed,AXEC1,2015-04-24T07:23:20.657000Z,2015-04-24T07:23:20.657000Z,0.89,0.45,45.9483,-129.98783,1.943,257.98843530082416,9.032587841821215,0.9671629126415516,7.558589239990458,1.7
120256,passing_waveforms_data_mldd/waveforms/event_2015-04-24T07:23:35.119999Z.mseed,AXEC1,2015-04-24T07:23:35.119999Z,2015-04-24T07:23:35.119999Z,0.8,0.38,45.95026,-129.98749,1.66,277.8398675882029,11.651442123051497,0.931543260081167,23.07475764973859,1.7
120260,passing_waveforms_data_mldd/waveforms/event_2015-04-24T07:24:14.692999Z.mseed,AXEC1,2015-04-24T07:24:14.692999Z,2015-04-24T07:24:14.692999Z,0.84,0.35,45.9471,-129.99373,0.401,256.48981066438796,4.923563386902621,0.9995418913831515,11.802961265643269,2.7
120262,passing_waveforms_data_mldd/waveforms/event_2015-04-24T07:24:51.136000Z.mseed,AXEC1,2015-04-24T07:24:51.136000Z,2015-04-24T07:24:51.136000Z,0.78,0.34,45.94621,-129.99199,0.444,249.24957216877138,7.039021997279869,0.9370617645870561,6.379463444929752,1.6
120263,passing_waveforms_data_mldd/waveforms/event_2015-04-24T07:24:58.362000Z.mseed,AXEC1,2015-04-24T07:24:58.362000Z,2015-04-24T07:24:58.362000Z,0.92,0.44,45.94744,-129.99393,0.442,258.54329045661444,4.8063696672318,0.9880736678061683,4.271214830866369,2.3
120265,passing_waveforms_data_mldd/waveforms/event_2015-04-24T07:25:21.571000Z.mseed,AXEC1,2015-04-24T07:25:21.571000Z,2015-04-24T07:25:21.571000Z,0.87,0.5,45.94623,-129.99612,0.719,254.40751753400747,3.8540515779189404,0.9680328979407845,3.8757319240523995,1.8
120266,passing_waveforms_data_mldd/waveforms/event_2015-04-24T07:25:26.864000Z.mseed,AXEC1,2015-04-24T07:25:26.864000Z,2015-04-24T07:25:26.864000Z,0.85,0.39,45.94786,-129.99324,0.529,260.38823293919256,6.264120519903988,0.9577012793106705,20.13906683933073,1.7
120267,passing_waveforms_data_mldd/waveforms/event_2015-04-24T07:25:32.241999Z.mseed,AXEC1,2015-04-24T07:25:32.241999Z,2015-04-24T07:25:32.241999Z,0.8,0.35,45.94463,-129.99195,0.373,240.62673631797898,12.226102973691455,0.985799685720573,12.394737528682146,1.8
120268,passing_waveforms_data_mldd/waveforms/event_2015-04-24T07:25:40.127000Z.mseed,AXEC1,2015-04-24T07:25:40.127000Z,2015-04-24T07:25:40.127000Z,0.82,0.46,45.94418,-129.9921,0.348,238.7333605114339,3.368388953622273,0.9413414098166654,6.1407556890655535,1.7
120271,passing_waveforms_data_mldd/waveforms/event_2015-04-24T07:26:24.553000Z.mseed,AXEC1,2015-04-24T07:26:24.553000Z,2015-04-24T07:26:24.553000Z,0.95,0.43,45.94658,-129.99461,0.543,254.61994249013196,2.349431105869174,0.9750950242659098,13.500153288196902,1.7
120272,passing_waveforms_data_mldd/waveforms/event_2015-04-24T07:26:30.143000Z.mseed,AXEC1,2015-04-24T07:26:30.143000Z,2015-04-24T07:26:30.143000Z,0.88,0.43,45.94696,-129.99341,0.427,255.3886819564255,5.144861690816695,0.9134423515486767,15.803019410810586,1.9
120274,passing_waveforms_data_mldd/waveforms/event_2015-04-24T07:26:44.692000Z.mseed,AXEC1,2015-04-24T07:26:44.692000Z,2015-04-24T07:26:44.692000Z,0.86,0.5,45.94519,-129.99644,0.438,250.1071793466388,6.267174823519277,0.9431510557749238,1.6433943751412032,1.6
120281,passing_waveforms_data_mldd/waveforms/event_2015-04-24T07:27:58.225000Z.mseed,AXEC1,2015-04-24T07:27:58.225000Z,2015-04-24T07:27:58.225000Z,0.84,0.44,45.94351,-129.99538,0.324,241.68249797568535,6.824467898323176,0.7721838863822257,19.353799728193692,1.5
120282,passing_waveforms_data_mldd/waveforms/event_2015-04-24T07:28:12.396000Z.mseed,AXEC1,2015-04-24T07:28:12.396000Z,2015-04-24T07:28:12.396000Z,0.88,0.42,45.94541,-129.99225,0.434,245.239379572195,4.940007606282666,0.992056046491074,8.247216359017646,1.7
120284,passing_waveforms_data_mldd/waveforms/event_2015-04-24T07:28:20.475999Z.mseed,AXEC1,2015-04-24T07:28:20.475999Z,2015-04-24T07:28:20.475999Z,0.81,0.37,45.94603,-129.99231,0.455,248.73110963077238,5.564627125568585,0.9921689755340344,8.558793169656958,1.8
120286,passing_waveforms_data_mldd/waveforms/event_2015-04-24T07:28:32.280000Z.mseed,AXEC1,2015-04-24T07:28:32.280000Z,2015-04-24T07:28:32.280000Z,0.79,0.35,45.94648,-129.9781,1.856,160.90271057048227,5.25332247886692,0.8043186425071538,17.11465727785253,1.5
120289,passing_waveforms_data_mldd/waveforms/event_2015-04-24T07:29:20.085999Z.mseed,AXEC1,2015-04-24T07:29:20.085999Z,2015-04-24T07:29:20.085999Z,0.83,0.4,45.94761,-129.99255,0.52,258.31372038012955,4.774384777003573,0.9813669036667212,7.866454612622045,1.8
120291,passing_waveforms_data_mldd/waveforms/event_2015-04-24T07:29:44.841000Z.mseed,AXEC1,2015-04-24T07:29:44.841000Z,2015-04-24T07:29:44.841000Z,0.85,0.42,45.94622,-129.9927,0.527,250.37850611025425,4.46510102647735,0.9896387233358889,8.979484109220662,1.7
120293,passing_waveforms_data_mldd/waveforms/event_2015-04-24T07:29:59.560000Z.mseed,AXEC1,2015-04-24T07:29:59.560000Z,2015-04-24T07:29:59.560000Z,0.81,0.42,45.9481,-129.99291,1.112,261.58453540605,3.9766040649671033,0.986223802089769,0.8204286075405393,1.7
120294,passing_waveforms_data_mldd/waveforms/event_2015-04-24T07:30:21.746999Z.mseed,AXEC1,2015-04-24T07:30:21.746999Z,2015-04-24T07:30:21.746999Z,0.96,0.64,45.94577,-129.9925,0.379,247.60090211822416,2.593675965752928,0.9858444659638753,9.666776339944933,1.9
120295,passing_waveforms_data_mldd/waveforms/event_2015-04-24T07:30:31.775999Z.mseed,AXEC1,2015-04-24T07:30:31.775999Z,2015-04-24T07:30:31.775999Z,0.92,0.4,45.94605,-129.99464,0.277,251.99765232024313,6.080931543638771,0.934789979256801,13.448338610039357,1.7
120298,passing_waveforms_data_mldd/waveforms/event_2015-04-24T07:30:47.731000Z.mseed,AXEC1,2015-04-24T07:30:47.731000Z,2015-04-24T07:30:47.731000Z,0.85,0.4,45.94667,-129.99217,0.488,252.2119761685884,4.717185632228152,0.9084173907829781,5.356166588430389,1.7
120301,passing_waveforms_data_mldd/waveforms/event_2015-04-24T07:31:20.092999Z.mseed,AXEC1,2015-04-24T07:31:20.092999Z,2015-04-24T07:31:20.092999Z,0.79,0.35,45.94604,-129.9922,0.462,248.61269013540254,5.812730937670409,0.9793793981022452,10.392957092441717,1.8
120302,passing_waveforms_data_mldd/waveforms/event_2015-04-24T07:31:42.384000Z.mseed,AXEC1,2015-04-24T07:31:42.384000Z,2015-04-24T07:31:42.384000Z,0.85,0.36,45.94365,-129.99054,0.333,232.60475578343886,12.633761962269698,0.9805353802936431,5.518797155210133,1.7
120304,passing_waveforms_data_mldd/waveforms/event_2015-04-24T07:32:48.686999Z.mseed,AXEC1,2015-04-24T07:32:48.686999Z,2015-04-24T07:32:48.686999Z,0.83,0.4,45.94493,-129.99263,0.44,243.436176843962,5.693754582175885,0.9595097088691081,2.459055776694051,1.9
120311,passing_waveforms_data_mldd/waveforms/event_2015-04-24T07:33:59.747999Z.mseed,AXEC1,2015-04-24T07:33:59.747999Z,2015-04-24T07:33:59.747999Z,0.83,0.49,45.9448,-129.99214,1.896,241.8617827280239,3.7899000035782926,0.7851524799129358,26.426702626467183,1.5
120312,passing_waveforms_data_mldd/waveforms/event_2015-04-24T07:34:09.494999Z.mseed,AXEC1,2015-04-24T07:34:09.494999Z,2015-04-24T07:34:09.494999Z,0.92,0.45,45.94522,-129.99258,0.409,244.8233515360717,2.911974303998748,0.9833379094274401,5.403567223904717,2.0
120318,passing_waveforms_data_mldd/waveforms/event_2015-04-24T07:35:06.137999Z.mseed,AXEC1,2015-04-24T07:35:06.137999Z,2015-04-24T07:35:06.137999Z,0.96,0.57,45.94545,-129.99202,2.195,245.0416983582933,3.246157291653923,0.9929541578796875,7.959613887809307,1.6
120319,passing_waveforms_data_mldd/waveforms/event_2015-04-24T07:35:14.320000Z.mseed,AXEC1,2015-04-24T07:35:14.320000Z,2015-04-24T07:35:14.320000Z,0.91,0.45,45.94536,-129.99273,0.459,245.80472928859325,2.156941333284635,0.9708269755451623,4.7366222649442475,1.8
120320,passing_waveforms_data_mldd/waveforms/event_2015-04-24T07:35:28.623000Z.mseed,AXEC1,2015-04-24T07:35:28.623000Z,2015-04-24T07:35:28.623000Z,0.9,0.49,45.94658,-129.99128,1.648,250.3341963951893,3.571549443642504,0.9631915259861578,10.690429477589594,1.7
120321,passing_waveforms_data_mldd/waveforms/event_2015-04-24T07:35:34.362999Z.mseed,AXEC1,2015-04-24T07:35:34.362999Z,2015-04-24T07:35:34.362999Z,0.86,0.43,45.94739,-129.99147,1.709,255.7733273232497,6.1122534106393935,0.9862922453252236,8.225556333836296,1.8
120322,passing_waveforms_data_mldd/waveforms/event_2015-04-24T07:36:13.625000Z.mseed,AXEC1,2015-04-24T07:36:13.625000Z,2015-04-24T07:36:13.625000Z,0.86,0.44,45.94568,-129.99413,0.539,249.53101413194284,9.864671125487018,0.9814746463705627,7.423533906880383,1.6
120324,passing_waveforms_data_mldd/waveforms/event_2015-04-24T07:36:28.664000Z.mseed,AXEC1,2015-04-24T07:36:28.664000Z,2015-04-24T07:36:28.664000Z,0.86,0.3,45.9457,-129.99139,0.263,245.26334033412715,6.689125624889247,0.8172083709003054,6.9149193455940905,1.8
120326,passing_waveforms_data_mldd/waveforms/event_2015-04-24T07:36:49.389000Z.mseed,AXEC1,2015-04-24T07:36:49.389000Z,2015-04-24T07:36:49.389000Z,0.84,0.42,45.94621,-129.99095,0.844,247.4684232094953,3.1102923980963832,0.907806988034568,22.94120786814436,1.6
120327,passing_waveforms_data_mldd/waveforms/event_2015-04-24T07:37:07.434000Z.mseed,AXEC1,2015-04-24T07:37:07.434000Z,2015-04-24T07:37:07.434000Z,0.85,0.41,45.94577,-129.99235,0.547,247.35605168357736,8.223730933534245,0.9797759588323585,7.245774050337241,1.7
120328,passing_waveforms_data_mldd/waveforms/event_2015-04-24T07:37:25.800999Z.mseed,AXEC1,2015-04-24T07:37:25.800999Z,2015-04-24T07:37:25.800999Z,0.9,0.52,45.94322,-129.99527,0.396,240.35861750765253,2.4302815320440914,0.9715087542124384,6.113963667894957,1.6
120331,passing_waveforms_data_mldd/waveforms/event_2015-04-24T07:37:49.399000Z.mseed,AXEC1,2015-04-24T07:37:49.399000Z,2015-04-24T07:37:49.399000Z,1.02,0.53,45.94012,-129.97943,2.027,179.5633627180447,3.529878705580211,0.9684350206264478,2.866811981958898,1.6
120335,passing_waveforms_data_mldd/waveforms/event_2015-04-24T07:38:37.158999Z.mseed,AXEC1,2015-04-24T07:38:37.158999Z,2015-04-24T07:38:37.158999Z,0.92,0.46,45.94378,-129.99193,0.491,236.49955280897413,3.075125005729878,0.7026631388464648,19.463893512902544,1.5
120336,passing_waveforms_data_mldd/waveforms/event_2015-04-24T07:38:43.845999Z.mseed,AXEC1,2015-04-24T07:38:43.845999Z,2015-04-24T07:38:43.845999Z,0.85,0.45,45.94377,-129.99311,1.647,238.86551204798945,7.776900493201964,0.9079849691113339,29.85245114632912,1.6
120338,passing_waveforms_data_mldd/waveforms/event_2015-04-24T07:39:11.189999Z.mseed,AXEC1,2015-04-24T07:39:11.189999Z,2015-04-24T07:39:11.189999Z,0.88,0.44,45.94477,-129.99301,0.801,243.32267112101252,7.3663219181728525,0.9772667658869145,11.295510571413201,1.9
120339,passing_waveforms_data_mldd/waveforms/event_2015-04-24T07:39:24.996999Z.mseed,AXEC1,2015-04-24T07:39:24.996999Z,2015-04-24T07:39:24.996999Z,1.07,0.53,45.95264,-129.99701,0.454,284.9314397020075,3.2070393212802197,0.8966838667188736,7.046288260268875,2.0
120341,passing_waveforms_data_mldd/waveforms/event_2015-04-24T07:39:44.463999Z.mseed,AXEC1,2015-04-24T07:39:44.463999Z,2015-04-24T07:39:44.463999Z,0.79,0.41,45.94458,-129.99129,0.471,238.9745966540515,6.071879159572113,0.868815532952548,22.825063201331517,1.7
120344,passing_waveforms_data_mldd/waveforms/event_2015-04-24T07:40:04.993000Z.mseed,AXEC1,2015-04-24T07:40:04.993000Z,2015-04-24T07:40:04.993000Z,0.96,0.44,45.94449,-129.99045,0.076,236.5413014630526,5.062123051727823,0.7602698936302829,5.7655109343706545,1.5
120345,passing_waveforms_data_mldd/waveforms/event_2015-04-24T07:40:11.949999Z.mseed,AXEC1,2015-04-24T07:40:11.949999Z,2015-04-24T07:40:11.949999Z,0.84,0.54,45.93672,-129.98431,1.898,194.74665206041774,6.812109080332686,0.9883375386754786,10.283808594631902,1.6
120346,passing_waveforms_data_mldd/waveforms/event_2015-04-24T07:40:42.960000Z.mseed,AXEC1,2015-04-24T07:40:42.960000Z,2015-04-24T07:40:42.960000Z,0.86,0.44,45.94464,-129.99285,0.577,242.40548630981183,8.367755496126126,0.9621490070228,20.042219757466423,1.9
120348,passing_waveforms_data_mldd/waveforms/event_2015-04-24T07:40:56.115999Z.mseed,AXEC1,2015-04-24T07:40:56.115999Z,2015-04-24T07:40:56.115999Z,1.75,1.28,45.94737,-130.01981,0.3,266.20237136174205,4.1118236918715825,0.7571430426910752,25.374861652207283,1.7
120350,passing_waveforms_data_mldd/waveforms/event_2015-04-24T07:41:14.571999Z.mseed,AXEC1,2015-04-24T07:41:14.571999Z,2015-04-24T07:41:14.571999Z,0.93,0.5,45.94564,-129.9912,1.739,244.55087423685958,5.352373697658399,0.9556169286891727,3.9809681534505783,1.7
120351,passing_waveforms_data_mldd/waveforms/event_2015-04-24T07:41:25.358000Z.mseed,AXEC1,2015-04-24T07:41:25.358000Z,2015-04-24T07:41:25.358000Z,0.85,0.43,45.94552,-129.99284,0.651,246.8188694665111,2.2507903034231265,0.9230805319658439,1.8350088865937586,1.6
120352,passing_waveforms_data_mldd/waveforms/event_2015-04-24T07:41:39.970999Z.mseed,AXEC1,2015-04-24T07:41:39.970999Z,2015-04-24T07:41:39.970999Z,0.94,0.55,45.94475,-129.99138,1.709,240.04901125654243,2.991415261209337,0.9904301225521093,7.8350512427801435,1.9
120353,passing_waveforms_data_mldd/waveforms/event_2015-04-24T07:41:47.371999Z.mseed,AXEC1,2015-04-24T07:41:47.371999Z,2015-04-24T07:41:47.371999Z,0.86,0.43,45.94672,-129.99067,1.242,250.21540490493007,6.5451807056787406,0.8999998668101608,5.12710278529375,1.5
120358,passing_waveforms_data_mldd/waveforms/event_2015-04-24T07:42:18.489000Z.mseed,AXEC1,2015-04-24T07:42:18.489000Z,2015-04-24T07:42:18.489000Z,0.98,0.47,45.94348,-129.99696,0.753,243.84247659747788,3.3087569090759397,0.9614595971645973,5.977467428103566,1.4
120361,passing_waveforms_data_mldd/waveforms/event_2015-04-24T07:43:01.122000Z.mseed,AXEC1,2015-04-24T07:43:01.122000Z,2015-04-24T07:43:01.122000Z,0.79,0.38,45.94301,-129.99177,0.332,232.74411445648767,7.036696041330114,0.8560597573776493,18.85013121352701,1.7
120362,passing_waveforms_data_mldd/waveforms/event_2015-04-24T07:43:12.983000Z.mseed,AXEC1,2015-04-24T07:43:12.983000Z,2015-04-24T07:43:12.983000Z,0.87,0.43,45.94607,-129.98974,1.173,244.08936029031773,6.86121219167215,0.7506339174579291,16.33976299237463,1.6
120364,passing_waveforms_data_mldd/waveforms/event_2015-04-24T07:43:51.243000Z.mseed,AXEC1,2015-04-24T07:43:51.243000Z,2015-04-24T07:43:51.243000Z,1.68,0.85,45.94588,-130.01199,0.09,261.3874824428026,5.076685886377839,0.9175902180722796,25.237006253441,1.9
120365,passing_waveforms_data_mldd/waveforms/event_2015-04-24T07:44:02.329000Z.mseed,AXEC1,2015-04-24T07:44:02.329000Z,2015-04-24T07:44:02.329000Z,0.85,0.43,45.94502,-129.99022,1.429,238.85225892004547,5.48850166522423,0.8327884970072731,27.531341424421132,1.7
120367,passing_waveforms_data_mldd/waveforms/event_2015-04-24T07:44:23.251999Z.mseed,AXEC1,2015-04-24T07:44:23.251999Z,2015-04-24T07:44:23.251999Z,0.91,0.48,45.945,-129.99136,1.817,241.32537604953617,8.17086668164324,0.9688731316544654,15.839645198366643,1.7
120369,passing_waveforms_data_mldd/waveforms/event_2015-04-24T07:44:47.238999Z.mseed,AXEC1,2015-04-24T07:44:47.238999Z,2015-04-24T07:44:47.238999Z,0.84,0.39,45.94957,-129.98817,1.628,270.61024081723235,3.2245955332061933,0.9858386604818141,6.954832776524752,1.4
120370,passing_waveforms_data_mldd/waveforms/event_2015-04-24T07:44:53.667999Z.mseed,AXEC1,2015-04-24T07:44:53.667999Z,2015-04-24T07:44:53.667999Z,0.86,0.42,45.94371,-129.99205,0.55,236.44011278698733,8.565850781469507,0.9723846756868286,4.463474865391315,1.6
120371,passing_waveforms_data_mldd/waveforms/event_2015-04-24T07:45:12.359000Z.mseed,AXEC1,2015-04-24T07:45:12.359000Z,2015-04-24T07:45:12.359000Z,0.92,0.47,45.94579,-129.99124,1.673,245.497105072225,5.8603286069184275,0.8685619101174428,6.27858006708515,1.6
120376,passing_waveforms_data_mldd/waveforms/event_2015-04-24T07:45:50.643999Z.mseed,AXEC1,2015-04-24T07:45:50.643999Z,2015-04-24T07:45:50.643999Z,0.87,0.43,45.94461,-129.99315,0.633,242.7985238603805,3.789859913206736,0.853034196564126,15.2588292748109,1.5
120377,passing_waveforms_data_mldd/waveforms/event_2015-04-24T07:45:56.576999Z.mseed,AXEC1,2015-04-24T07:45:56.576999Z,2015-04-24T07:45:56.576999Z,0.89,0.44,45.94587,-129.99357,0.539,249.73004538285574,5.286390283845336,0.9800606478755487,8.558877305347947,1.5
120378,passing_waveforms_data_mldd/waveforms/event_2015-04-24T07:46:15.574999Z.mseed,AXEC1,2015-04-24T07:46:15.574999Z,2015-04-24T07:46:15.574999Z,0.97,0.51,45.94557,-129.99105,1.98,243.84740062041698,4.363151896782491,0.9794967778271102,6.1757158492123265,2.0
120379,passing_waveforms_data_mldd/waveforms/event_2015-04-24T07:46:27.364999Z.mseed,AXEC1,2015-04-24T07:46:27.364999Z,2015-04-24T07:46:27.364999Z,0.86,0.39,45.94704,-129.99402,0.27,256.44283455904963,8.692194786562698,0.8450340373981583,16.044375504243412,1.7
120380,passing_waveforms_data_mldd/waveforms/event_2015-04-24T07:46:42.557000Z.mseed,AXEC1,2015-04-24T07:46:42.557000Z,2015-04-24T07:46:42.557000Z,0.9,0.47,45.95111,-129.9884,1.803,284.8575521743946,3.8210215790779865,0.889298198022878,5.428104925346551,1.3
120381,passing_waveforms_data_mldd/waveforms/event_2015-04-24T07:46:48.546999Z.mseed,AXEC1,2015-04-24T07:46:48.546999Z,2015-04-24T07:46:48.546999Z,0.88,0.44,45.94431,-129.99149,1.047,238.05817595660716,5.100777715633022,0.9638087850099384,4.440473706212484,1.7
120385,passing_waveforms_data_mldd/waveforms/event_2015-04-24T07:47:29.515999Z.mseed,AXEC1,2015-04-24T07:47:29.515999Z,2015-04-24T07:47:29.515999Z,0.93,0.48,45.94386,-129.99177,0.545,236.51865955843013,3.1262344907146207,0.9568414030089968,4.6163668264145405,1.8
120389,passing_waveforms_data_mldd/waveforms/event_2015-04-24T07:48:28.277999Z.mseed,AXEC1,2015-04-24T07:48:28.277999Z,2015-04-24T07:48:28.277999Z,0.92,0.48,45.94896,-129.99091,1.851,266.17484609061734,8.131129407965519,0.9081293607021803,12.112603130937854,1.5
120390,passing_waveforms_data_mldd/waveforms/event_2015-04-24T07:48:37.979999Z.mseed,AXEC1,2015-04-24T07:48:37.979999Z,2015-04-24T07:48:37.979999Z,0.94,0.44,45.94315,-129.99208,0.514,234.03957650885104,2.197782202933316,0.9785532597858042,8.00518586695737,1.8
120391,passing_waveforms_data_mldd/waveforms/event_2015-04-24T07:48:47.472000Z.mseed,AXEC1,2015-04-24T07:48:47.472000Z,2015-04-24T07:48:47.472000Z,0.84,0.39,45.94425,-129.98913,0.548,231.69165886390994,3.3306183111411634,0.9712782956512042,1.928725862406751,1.8
120394,passing_waveforms_data_mldd/waveforms/event_2015-04-24T07:49:32.179000Z.mseed,AXEC1,2015-04-24T07:49:32.179000Z,2015-04-24T07:49:32.179000Z,0.88,0.45,45.94358,-129.99297,0.681,237.75950679923577,4.561781608269635,0.8136839387436007,20.37281842124711,1.8
120396,passing_waveforms_data_mldd/waveforms/event_2015-04-24T07:49:49.560000Z.mseed,AXEC1,2015-04-24T07:49:49.560000Z,2015-04-24T07:49:49.560000Z,0.89,0.5,45.94333,-129.99164,0.805,233.8252007598311,6.6270653106236,0.7543592251647973,27.150480133174977,1.6
120397,passing_waveforms_data_mldd/waveforms/event_2015-04-24T07:49:53.808999Z.mseed,AXEC1,2015-04-24T07:49:53.808999Z,2015-04-24T07:49:53.808999Z,1.13,0.68,45.93788,-130.00547,0.436,237.65737975259418,6.235887278285476,0.9644565957933098,5.369737536414188,1.6
120398,passing_waveforms_data_mldd/waveforms/event_2015-04-24T07:49:56.033000Z.mseed,AXEC1,2015-04-24T07:49:56.033000Z,2015-04-24T07:49:56.033000Z,0.94,0.41,45.94256,-129.98953,0.461,225.036434614143,2.9622367731288457,0.9221821428933492,20.005511099790674,1.5
120399,passing_waveforms_data_mldd/waveforms/event_2015-04-24T07:50:30.009000Z.mseed,AXEC1,2015-04-24T07:50:30.009000Z,2015-04-24T07:50:30.009000Z,1.01,0.55,45.94575,-130.00127,1.436,256.43115745618707,5.523763940299583,0.9922552622587609,4.532045697704387,1.7
120402,passing_waveforms_data_mldd/waveforms/event_2015-04-24T07:51:40.774999Z.mseed,AXEC1,2015-04-24T07:51:40.774999Z,2015-04-24T07:51:40.774999Z,0.93,0.49,45.94445,-129.98993,1.66,234.99710577139874,3.107094361283715,0.9081951935776139,12.844490093647709,1.5
120403,passing_waveforms_data_mldd/waveforms/event_2015-04-24T07:51:48.652000Z.mseed,AXEC1,2015-04-24T07:51:48.652000Z,2015-04-24T07:51:48.652000Z,1.32,0.59,45.93742,-129.98804,0.055,206.2770718821817,3.8447761433964827,0.9771620801443787,0.6922645334336823,1.6
120413,passing_waveforms_data_mldd/waveforms/event_2015-04-24T07:53:33.442999Z.mseed,AXEC1,2015-04-24T07:53:33.442999Z,2015-04-24T07:53:33.442999Z,0.87,0.45,45.94597,-129.99396,0.949,250.7631390126583,2.00444499573607,0.9373565467529799,14.827609997974038,1.5
120418,passing_waveforms_data_mldd/waveforms/event_2015-04-24T07:54:19.838999Z.mseed,AXEC1,2015-04-24T07:54:19.838999Z,2015-04-24T07:54:19.838999Z,0.88,0.66,45.93066,-129.98397,1.322,189.65372173801825,3.0961850614656017,0.8813252806328243,8.506686402570399,1.3
120420,passing_waveforms_data_mldd/waveforms/event_2015-04-24T07:54:29.106000Z.mseed,AXEC1,2015-04-24T07:54:29.106000Z,2015-04-24T07:54:29.106000Z,0.9,0.4,45.95167,-129.99292,1.536,283.4789286837629,2.6702703302657347,0.9066575099618162,13.945895323899038,1.5
120421,passing_waveforms_data_mldd/waveforms/event_2015-04-24T07:54:48.045000Z.mseed,AXEC1,2015-04-24T07:54:48.045000Z,2015-04-24T07:54:48.045000Z,0.9,0.44,45.94546,-129.99039,1.487,241.78780560574475,3.8989628416616386,0.9412287459143107,3.853390102957344,1.7
120422,passing_waveforms_data_mldd/waveforms/event_2015-04-24T07:54:57.311999Z.mseed,AXEC1,2015-04-24T07:54:57.311999Z,2015-04-24T07:54:57.311999Z,1.09,0.52,45.94622,-129.99474,0.337,252.9515208318082,2.0927686918375175,0.9034655638934994,6.301570546440135,1.4
120423,passing_waveforms_data_mldd/waveforms/event_2015-04-24T07:55:12.095000Z.mseed,AXEC1,2015-04-24T07:55:12.095000Z,2015-04-24T07:55:12.095000Z,0.99,0.5,45.9408,-129.981,1.888,186.60181594676402,3.7576509019596376,0.97647268799872,6.194403385005645,2.0
120428,passing_waveforms_data_mldd/waveforms/event_2015-04-24T07:56:14.199999Z.mseed,AXEC1,2015-04-24T07:56:14.199999Z,2015-04-24T07:56:14.199999Z,1.03,0.6,45.94521,-130.00718,1.076,257.8720465410603,2.8542419782897075,0.8949355784400045,18.87337724043568,1.5
120429,passing_waveforms_data_mldd/waveforms/event_2015-04-24T07:56:22.486999Z.mseed,AXEC1,2015-04-24T07:56:22.486999Z,2015-04-24T07:56:22.486999Z,0.92,0.45,45.94621,-129.99298,0.336,250.71853370389582,4.344128432191342,0.8573325016529967,9.429421559618376,1.3
120432,passing_waveforms_data_mldd/waveforms/event_2015-04-24T07:57:18.390999Z.mseed,AXEC1,2015-04-24T07:57:18.390999Z,2015-04-24T07:57:18.390999Z,1.65,0.9,45.94553,-130.01029,0.203,259.9686209616552,4.568257950183764,0.7781350593999863,17.31536700134448,2.1
120440,passing_waveforms_data_mldd/waveforms/event_2015-04-24T07:59:09.250999Z.mseed,AXEC1,2015-04-24T07:59:09.250999Z,2015-04-24T07:59:09.250999Z,0.83,0.39,45.94367,-129.98875,0.485,227.59679880326766,3.7094853436902007,0.97792159809711,4.163853184191336,1.8
120441,passing_waveforms_data_mldd/waveforms/event_2015-04-24T07:59:14.400999Z.mseed,AXEC1,2015-04-24T07:59:14.400999Z,2015-04-24T07:59:14.400999Z,0.87,0.37,45.94715,-129.9945,0.347,257.4647036973496,5.8303196861165185,0.9960789439195664,6.222009515130672,1.8
120444,passing_waveforms_data_mldd/waveforms/event_2015-04-24T07:59:47.920000Z.mseed,AXEC1,2015-04-24T07:59:47.920000Z,2015-04-24T07:59:47.920000Z,0.94,0.44,45.9419,-129.98278,1.752,196.33518934492187,6.045837767861542,0.981487089375148,1.0729644428996212,1.8
120449,passing_waveforms_data_mldd/waveforms/event_2015-04-24T08:00:56.262000Z.mseed,AXEC1,2015-04-24T08:00:56.262000Z,2015-04-24T08:00:56.262000Z,0.9,0.47,45.94213,-129.992,0.512,229.7425523735577,6.549935485242216,0.9736108467319836,14.271676045269793,1.5
120450,passing_waveforms_data_mldd/waveforms/event_2015-04-24T08:01:11.795999Z.mseed,AXEC1,2015-04-24T08:01:11.795999Z,2015-04-24T08:01:11.795999Z,1.72,0.89,45.93659,-130.02235,1.489,247.13450958365632,4.318273519887934,0.9841431557015184,6.087501402114462,1.9
120451,passing_waveforms_data_mldd/waveforms/event_2015-04-24T08:01:20.586999Z.mseed,AXEC1,2015-04-24T08:01:20.586999Z,2015-04-24T08:01:20.586999Z,0.85,0.41,45.94582,-129.98774,1.884,236.8689178189678,6.282992200204833,0.9072918058971061,9.547570388047811,1.3
120454,passing_waveforms_data_mldd/waveforms/event_2015-04-24T08:01:55.561000Z.mseed,AXEC1,2015-04-24T08:01:55.561000Z,2015-04-24T08:01:55.561000Z,0.93,0.45,45.94014,-129.97923,1.778,178.71469128863538,2.4057081784527368,0.9451700031122856,7.749826761338271,1.3
120464,passing_waveforms_data_mldd/waveforms/event_2015-04-24T08:03:35.325000Z.mseed,AXEC1,2015-04-24T08:03:35.325000Z,2015-04-24T08:03:35.325000Z,0.99,0.51,45.94124,-129.98052,1.901,184.6281816617854,3.597584981720264,0.9303517774336579,17.51399124905378,1.8
120465,passing_waveforms_data_mldd/waveforms/event_2015-04-24T08:03:48.895000Z.mseed,AXEC1,2015-04-24T08:03:48.895000Z,2015-04-24T08:03:48.895000Z,0.94,0.48,45.94195,-129.99126,0.482,227.29343038758944,5.523922304415423,0.9087783958694594,8.829085019272869,1.6
120467,passing_waveforms_data_mldd/waveforms/event_2015-04-24T08:03:58.649999Z.mseed,AXEC1,2015-04-24T08:03:58.649999Z,2015-04-24T08:03:58.649999Z,0.94,0.42,45.95231,-129.99681,0.403,283.59457331294107,8.121421995259759,0.9686267034074608,8.189161690415911,1.9
120469,passing_waveforms_data_mldd/waveforms/event_2015-04-24T08:04:14.551000Z.mseed,AXEC1,2015-04-24T08:04:14.551000Z,2015-04-24T08:04:14.551000Z,1.71,1.33,45.92117,-129.99088,0.433,196.06166056369239,4.246759984488447,0.876914998240579,10.451652444090703,1.7
120475,passing_waveforms_data_mldd/waveforms/event_2015-04-24T08:05:33.314000Z.mseed,AXEC1,2015-04-24T08:05:33.314000Z,2015-04-24T08:05:33.314000Z,0.92,0.5,45.9485,-129.98896,1.624,261.2155942866493,2.5313377943946547,0.9615350882127894,5.328020901069661,1.6
120476,passing_waveforms_data_mldd/waveforms/event_2015-04-24T08:05:37.478000Z.mseed,AXEC1,2015-04-24T08:05:37.478000Z,2015-04-24T08:05:37.478000Z,1.18,0.82,45.93231,-129.97621,1.588,172.6777216157771,2.194067009981751,0.9439206564993666,9.289046008754553,2.1
120477,passing_waveforms_data_mldd/waveforms/event_2015-04-24T08:05:58.595999Z.mseed,AXEC1,2015-04-24T08:05:58.595999Z,2015-04-24T08:05:58.595999Z,0.84,0.42,45.94879,-129.98839,1.684,263.28211577475884,9.22783599462113,0.9599859752985787,3.766339092799559,1.5
120479,passing_waveforms_data_mldd/waveforms/event_2015-04-24T08:06:08.272999Z.mseed,AXEC1,2015-04-24T08:06:08.272999Z,2015-04-24T08:06:08.272999Z,1.31,0.67,45.9624,-129.9983,1.347,315.37098161612425,2.464567239648625,0.8291035193343207,10.92663476455428,1.3
120481,passing_waveforms_data_mldd/waveforms/event_2015-04-24T08:06:20.993999Z.mseed,AXEC1,2015-04-24T08:06:20.993999Z,2015-04-24T08:06:20.993999Z,1.11,0.64,45.94595,-130.01329,0.971,261.91005590428546,2.9916108734814544,0.829354152085258,6.338986783688309,1.6
120483,passing_waveforms_data_mldd/waveforms/event_2015-04-24T08:06:29.176999Z.mseed,AXEC1,2015-04-24T08:06:29.176999Z,2015-04-24T08:06:29.176999Z,0.85,0.4,45.9449,-129.98448,1.732,216.17542031971098,5.345123489738702,0.9907692688990133,5.4951194132287,1.6
120485,passing_waveforms_data_mldd/waveforms/event_2015-04-24T08:06:57.540999Z.mseed,AXEC1,2015-04-24T08:06:57.540999Z,2015-04-24T08:06:57.540999Z,0.9,0.41,45.94234,-129.98775,0.145,218.50592804103147,4.944514425181451,0.92360683914831,3.626371334268275,1.5
120486,passing_waveforms_data_mldd/waveforms/event_2015-04-24T08:07:07.836999Z.mseed,AXEC1,2015-04-24T08:07:07.836999Z,2015-04-24T08:07:07.836999Z,0.89,0.46,45.94049,-129.97752,1.81,171.20545439877003,10.182305467698878,0.9332498172186965,4.944316868986231,1.6
120489,passing_waveforms_data_mldd/waveforms/event_2015-04-24T08:07:24.986999Z.mseed,AXEC1,2015-04-24T08:07:24.986999Z,2015-04-24T08:07:24.986999Z,0.72,0.3,45.94391,-129.98942,0.658,230.80494335072248,2.4886614461600027,0.9074322336943815,6.199473350906337,1.2
120491,passing_waveforms_data_mldd/waveforms/event_2015-04-24T08:07:34.823000Z.mseed,AXEC1,2015-04-24T08:07:34.823000Z,2015-04-24T08:07:34.823000Z,0.91,0.46,45.93967,-129.98859,1.728,212.7462905089265,10.053173871604692,0.817735712582565,7.319791094233079,1.5
120492,passing_waveforms_data_mldd/waveforms/event_2015-04-24T08:07:49.582999Z.mseed,AXEC1,2015-04-24T08:07:49.582999Z,2015-04-24T08:07:49.582999Z,1.33,0.81,45.94612,-129.99487,1.64,252.6038156124645,3.4553731175169173,0.8326668756797444,1.2948293241989426,2.0
120494,passing_waveforms_data_mldd/waveforms/event_2015-04-24T08:08:08.041999Z.mseed,AXEC1,2015-04-24T08:08:08.041999Z,2015-04-24T08:08:08.041999Z,0.85,0.4,45.94407,-129.98883,0.427,229.84346011992753,2.8203194999281154,0.9679217984366493,1.9104679499415544,2.1
120495,passing_waveforms_data_mldd/waveforms/event_2015-04-24T08:08:25.596000Z.mseed,AXEC1,2015-04-24T08:08:25.596000Z,2015-04-24T08:08:25.596000Z,1.02,0.47,45.95698,-129.99502,1.672,305.4125095870918,5.594428839900422,0.8606755685971788,12.812410942731786,1.6
120503,passing_waveforms_data_mldd/waveforms/event_2015-04-24T08:10:36.165999Z.mseed,AXEC1,2015-04-24T08:10:36.165999Z,2015-04-24T08:10:36.165999Z,1.01,0.51,45.93961,-129.99043,1.525,217.6071239018851,4.367129425788651,0.8946806994863389,15.98239566473944,1.5
120507,passing_waveforms_data_mldd/waveforms/event_2015-04-24T08:11:14.632999Z.mseed,AXEC1,2015-04-24T08:11:14.632999Z,2015-04-24T08:11:14.632999Z,0.86,0.42,45.95001,-129.97885,1.882,54.75336312075266,7.05063646253181,0.9612742239443187,4.788736162488057,1.5
120508,passing_waveforms_data_mldd/waveforms/event_2015-04-24T08:11:26.736999Z.mseed,AXEC1,2015-04-24T08:11:26.736999Z,2015-04-24T08:11:26.736999Z,0.96,0.49,45.94196,-129.99154,0.491,228.0150358060203,2.7414483832452063,0.9085979664017805,1.182942955206329,1.5
120511,passing_waveforms_data_mldd/waveforms/event_2015-04-24T08:11:49.598999Z.mseed,AXEC1,2015-04-24T08:11:49.598999Z,2015-04-24T08:11:49.598999Z,0.94,0.47,45.94154,-129.99111,0.595,225.42066747029298,4.092071477473391,0.9570096259928558,1.8028974248928988,1.7
120513,passing_waveforms_data_mldd/waveforms/event_2015-04-24T08:12:02.351000Z.mseed,AXEC1,2015-04-24T08:12:02.351000Z,2015-04-24T08:12:02.351000Z,0.88,0.41,45.94469,-129.99056,0.512,237.86675492204543,2.6747483064709217,0.9771286720672799,11.495820620959392,2.0
120515,passing_waveforms_data_mldd/waveforms/event_2015-04-24T08:12:29.878000Z.mseed,AXEC1,2015-04-24T08:12:29.878000Z,2015-04-24T08:12:29.878000Z,1.0,0.52,45.94032,-129.98141,1.874,188.0454433668554,2.5594737167919215,0.9266610838677769,13.758378794044317,1.9
120516,passing_waveforms_data_mldd/waveforms/event_2015-04-24T08:12:39.539000Z.mseed,AXEC1,2015-04-24T08:12:39.539000Z,2015-04-24T08:12:39.539000Z,1.03,0.53,45.93863,-129.98771,1.828,207.74302538711976,6.535243233122813,0.9620843648085926,6.212990780152008,1.6
120518,passing_waveforms_data_mldd/waveforms/event_2015-04-24T08:13:06.016000Z.mseed,AXEC1,2015-04-24T08:13:06.016000Z,2015-04-24T08:13:06.016000Z,1.51,0.77,45.92291,-129.97503,0.732,173.7368076950881,8.278291919312865,0.8454650210222965,7.339844437727077,1.6
120520,passing_waveforms_data_mldd/waveforms/event_2015-04-24T08:13:18.443999Z.mseed,AXEC1,2015-04-24T08:13:18.443999Z,2015-04-24T08:13:18.443999Z,0.78,0.34,45.94714,-129.99102,0.565,253.5372270487464,5.132857162827276,0.8989711221916012,6.577653942642842,1.4
120521,passing_waveforms_data_mldd/waveforms/event_2015-04-24T08:13:33.445000Z.mseed,AXEC1,2015-04-24T08:13:33.445000Z,2015-04-24T08:13:33.445000Z,0.91,0.48,45.94377,-129.99028,1.567,232.49791771115358,7.305481876769527,0.9539592568579287,8.74955687810695,1.8
120523,passing_waveforms_data_mldd/waveforms/event_2015-04-24T08:13:54.353999Z.mseed,AXEC1,2015-04-24T08:13:54.353999Z,2015-04-24T08:13:54.353999Z,1.21,0.77,45.93174,-129.97845,1.541,177.9050094393388,2.1098383380201726,0.8570429033184863,21.12318388427093,1.3
120526,passing_waveforms_data_mldd/waveforms/event_2015-04-24T08:14:37.213000Z.mseed,AXEC1,2015-04-24T08:14:37.213000Z,2015-04-24T08:14:37.213000Z,0.9,0.38,45.94677,-129.99481,0.346,255.78202062456927,4.846074970658503,0.9896559903727262,7.951050666474082,1.8
120527,passing_waveforms_data_mldd/waveforms/event_2015-04-24T08:14:49.210999Z.mseed,AXEC1,2015-04-24T08:14:49.210999Z,2015-04-24T08:14:49.210999Z,0.82,0.38,45.9446,-129.98924,0.524,233.89966656084377,3.1184925844863134,0.978148142027305,1.54638815090311,1.7
120529,passing_waveforms_data_mldd/waveforms/event_2015-04-24T08:15:09.666000Z.mseed,AXEC1,2015-04-24T08:15:09.666000Z,2015-04-24T08:15:09.666000Z,1.14,0.61,45.93467,-129.97842,1.613,177.2761454680222,2.1140151285700894,0.7526418724491784,14.169243117264655,2.1
120532,passing_waveforms_data_mldd/waveforms/event_2015-04-24T08:15:39.948000Z.mseed,AXEC1,2015-04-24T08:15:39.948000Z,2015-04-24T08:15:39.948000Z,0.85,0.39,45.94397,-129.98917,0.484,230.36953285511407,2.796001037518942,0.9780129320078995,1.3015336106030393,2.1
120533,passing_waveforms_data_mldd/waveforms/event_2015-04-24T08:15:52.356999Z.mseed,AXEC1,2015-04-24T08:15:52.356999Z,2015-04-24T08:15:52.356999Z,1.03,0.46,45.94662,-129.99417,0.505,254.36578810561412,2.6480654348332973,0.91034573098122,5.295142463652861,1.4
120536,passing_waveforms_data_mldd/waveforms/event_2015-04-24T08:16:27.835999Z.mseed,AXEC1,2015-04-24T08:16:27.835999Z,2015-04-24T08:16:27.835999Z,1.61,0.81,45.94649,-130.01203,0.221,262.91409278321896,2.413609718065908,0.9618098828731728,5.408412168568796,1.8
120538,passing_waveforms_data_mldd/waveforms/event_2015-04-24T08:16:46.134999Z.mseed,AXEC1,2015-04-24T08:16:46.134999Z,2015-04-24T08:16:46.134999Z,0.98,0.53,45.93536,-129.99588,0.693,219.15265547614908,4.6604614497432415,0.7608310579545059,23.252652794459614,1.4
120539,passing_waveforms_data_mldd/waveforms/event_2015-04-24T08:16:53.450000Z.mseed,AXEC1,2015-04-24T08:16:53.450000Z,2015-04-24T08:16:53.450000Z,0.82,0.55,45.94317,-129.98993,0.16,228.77731775285346,3.7376881738400862,0.9793486961409216,1.5107755218729433,1.5
120542,passing_waveforms_data_mldd/waveforms/event_2015-04-24T08:17:43.341999Z.mseed,AXEC1,2015-04-24T08:17:43.341999Z,2015-04-24T08:17:43.341999Z,1.01,0.51,45.93805,-129.97975,1.913,180.87745618910066,4.8816507719248365,0.9843824774554036,7.305797169850987,2.3
120545,passing_waveforms_data_mldd/waveforms/event_2015-04-24T08:18:09.759000Z.mseed,AXEC1,2015-04-24T08:18:09.759000Z,2015-04-24T08:18:09.759000Z,0.96,0.49,45.94128,-129.98094,1.91,186.65451632594704,7.508396367268135,0.977526605859971,5.078238703715359,2.0
120549,passing_waveforms_data_mldd/waveforms/event_2015-04-24T08:18:58.329000Z.mseed,AXEC1,2015-04-24T08:18:58.329000Z,2015-04-24T08:18:58.329000Z,1.02,0.51,45.94178,-129.98779,1.708,216.59436743276785,2.1187017605303176,0.9258734695834923,4.920510055920357,1.9
120550,passing_waveforms_data_mldd/waveforms/event_2015-04-24T08:19:09.391999Z.mseed,AXEC1,2015-04-24T08:19:09.391999Z,2015-04-24T08:19:09.391999Z,0.96,0.47,45.9417,-129.99128,0.529,226.42014865999136,3.0822331144187896,0.8375115099377068,12.869307658652657,1.6
120559,passing_waveforms_data_mldd/waveforms/event_2015-04-24T08:20:23.461999Z.mseed,AXEC1,2015-04-24T08:20:23.461999Z,2015-04-24T08:20:23.461999Z,0.91,0.45,45.94466,-129.99319,0.547,243.1074020859317,3.992799807186395,0.93581679981044,13.908529282163158,1.5
120560,passing_waveforms_data_mldd/waveforms/event_2015-04-24T08:20:34.420999Z.mseed,AXEC1,2015-04-24T08:20:34.420999Z,2015-04-24T08:20:34.420999Z,1.51,0.77,45.92189,-129.97494,0.89,173.86278036546815,6.738470673455536,0.988758410063266,7.794746817736762,1.8
120561,passing_waveforms_data_mldd/waveforms/event_2015-04-24T08:20:50.018000Z.mseed,AXEC1,2015-04-24T08:20:50.018000Z,2015-04-24T08:20:50.018000Z,1.0,0.43,45.95612,-129.99433,1.669,303.3646557334514,6.252346793343297,0.9815290241057206,13.046393852197637,1.6
120563,passing_waveforms_data_mldd/waveforms/event_2015-04-24T08:21:16.634000Z.mseed,AXEC1,2015-04-24T08:21:16.634000Z,2015-04-24T08:21:16.634000Z,0.88,0.4,45.95005,-129.98924,1.922,274.7475352693118,5.175712044734795,0.9901845953671924,6.398849190350684,1.5
120565,passing_waveforms_data_mldd/waveforms/event_2015-04-24T08:21:24.786999Z.mseed,AXEC1,2015-04-24T08:21:24.786999Z,2015-04-24T08:21:24.786999Z,1.61,0.77,45.97441,-129.97487,0.537,8.428165711383357,4.180345228471474,0.860669312585221,2.5255654778849634,1.5
120566,passing_waveforms_data_mldd/waveforms/event_2015-04-24T08:21:48.938000Z.mseed,AXEC1,2015-04-24T08:21:48.938000Z,2015-04-24T08:21:48.938000Z,1.03,0.54,45.94047,-129.97941,1.956,179.43184027454095,2.3679946845448336,0.9596006401561608,7.360191104670868,1.6
120567,passing_waveforms_data_mldd/waveforms/event_2015-04-24T08:21:53.914999Z.mseed,AXEC1,2015-04-24T08:21:53.914999Z,2015-04-24T08:21:53.914999Z,1.18,0.65,45.93106,-129.97581,1.629,172.36578615772396,2.1959224540022935,0.8761747806725244,13.998777779763762,2.3
120571,passing_waveforms_data_mldd/waveforms/event_2015-04-24T08:22:45.247999Z.mseed,AXEC1,2015-04-24T08:22:45.247999Z,2015-04-24T08:22:45.247999Z,0.84,0.37,45.94767,-129.99377,0.42,259.69685206366665,5.099354573191109,0.9688317634019871,10.448984623935164,1.7
120572,passing_waveforms_data_mldd/waveforms/event_2015-04-24T08:23:02.317000Z.mseed,AXEC1,2015-04-24T08:23:02.317000Z,2015-04-24T08:23:02.317000Z,0.96,0.41,45.94806,-129.99463,0.385,262.40594499956774,3.7407332659707864,0.9862209243316763,5.43686133624074,1.5
120573,passing_waveforms_data_mldd/waveforms/event_2015-04-24T08:23:12.560000Z.mseed,AXEC1,2015-04-24T08:23:12.560000Z,2015-04-24T08:23:12.560000Z,0.78,0.38,45.9468,-129.9923,0.78,253.15709891676067,3.3527338563602713,0.8961256125519816,10.882590595750901,1.5
120574,passing_waveforms_data_mldd/waveforms/event_2015-04-24T08:23:32.256999Z.mseed,AXEC1,2015-04-24T08:23:32.256999Z,2015-04-24T08:23:32.256999Z,1.0,0.53,45.94231,-129.98554,1.919,209.97184020525873,2.8606286920220785,0.983993124277698,5.440890624468731,1.6
120576,passing_waveforms_data_mldd/waveforms/event_2015-04-24T08:23:59.890000Z.mseed,AXEC1,2015-04-24T08:23:59.890000Z,2015-04-24T08:23:59.890000Z,1.0,0.53,45.94065,-129.99014,1.669,219.90767481872163,4.957167873404082,0.9615157355061698,6.24604606204327,1.8
120580,passing_waveforms_data_mldd/waveforms/event_2015-04-24T08:24:30.158999Z.mseed,AXEC1,2015-04-24T08:24:30.158999Z,2015-04-24T08:24:30.158999Z,0.94,0.49,45.9486,-129.99085,1.751,263.5267911232331,3.9869997716567367,0.9744256636003539,2.212806531495983,2.0
120581,passing_waveforms_data_mldd/waveforms/event_2015-04-24T08:24:46.960000Z.mseed,AXEC1,2015-04-24T08:24:46.960000Z,2015-04-24T08:24:46.960000Z,0.89,0.39,45.95273,-129.99631,1.345,285.91997601738603,3.9801206501063318,0.7552394030734275,26.909991395234158,1.5
120583,passing_waveforms_data_mldd/waveforms/event_2015-04-24T08:25:10.377000Z.mseed,AXEC1,2015-04-24T08:25:10.377000Z,2015-04-24T08:25:10.377000Z,1.66,0.86,45.95041,-130.02498,0.876,272.2257345012823,4.337515494051757,0.9885370549295962,3.8581215588664572,2.0
120584,passing_waveforms_data_mldd/waveforms/event_2015-04-24T08:25:18.562000Z.mseed,AXEC1,2015-04-24T08:25:18.562000Z,2015-04-24T08:25:18.562000Z,0.89,0.43,45.94428,-129.98495,1.678,215.3508471749581,2.5892773912985754,0.9843415818700603,2.9817314430318533,1.7
120586,passing_waveforms_data_mldd/waveforms/event_2015-04-24T08:25:26.792000Z.mseed,AXEC1,2015-04-24T08:25:26.792000Z,2015-04-24T08:25:26.792000Z,1.5,0.74,45.96971,-129.99751,1.068,329.0340483669512,2.20730141177257,0.970141067004498,8.849182411378278,1.7
120593,passing_waveforms_data_mldd/waveforms/event_2015-04-24T08:26:35.093000Z.mseed,AXEC1,2015-04-24T08:26:35.093000Z,2015-04-24T08:26:35.093000Z,1.07,0.4,45.94377,-129.98227,1.724,197.85392312297762,2.3175839199244557,0.8223072954858478,29.736186880543748,2.2
120594,passing_waveforms_data_mldd/waveforms/event_2015-04-24T08:26:51.402000Z.mseed,AXEC1,2015-04-24T08:26:51.402000Z,2015-04-24T08:26:51.402000Z,0.99,0.5,45.94077,-129.98053,1.931,184.46465043123175,4.527432391419251,0.9598620869214038,6.1456367640710665,1.6
120599,passing_waveforms_data_mldd/waveforms/event_2015-04-24T08:27:36.271000Z.mseed,AXEC1,2015-04-24T08:27:36.271000Z,2015-04-24T08:27:36.271000Z,1.32,0.7,45.96164,-130.00031,1.354,310.7067147203559,2.366547040094094,0.812684884215056,14.74859309856285,2.6
120602,passing_waveforms_data_mldd/waveforms/event_2015-04-24T08:28:01.032000Z.mseed,AXEC1,2015-04-24T08:28:01.032000Z,2015-04-24T08:28:01.032000Z,1.62,0.83,45.92163,-129.9815,0.786,183.2774804448324,4.414963686256951,0.9316424285586087,13.4731306856224,1.7
120604,passing_waveforms_data_mldd/waveforms/event_2015-04-24T08:29:04.043000Z.mseed,AXEC1,2015-04-24T08:29:04.043000Z,2015-04-24T08:29:04.043000Z,1.52,0.74,45.94216,-130.01763,0.769,255.0530812123885,4.03129114147899,0.8406487858666938,5.471884859693926,1.7
120610,passing_waveforms_data_mldd/waveforms/event_2015-04-24T08:30:08.378000Z.mseed,AXEC1,2015-04-24T08:30:08.378000Z,2015-04-24T08:30:08.378000Z,0.88,0.37,45.9473,-129.99432,0.428,258.10744200625624,4.0345133611815855,0.9902821604522493,10.685774796365685,1.8
120611,passing_waveforms_data_mldd/waveforms/event_2015-04-24T08:30:16.905000Z.mseed,AXEC1,2015-04-24T08:30:16.905000Z,2015-04-24T08:30:16.905000Z,1.19,0.63,45.93238,-129.97964,1.502,180.56460633527524,2.2325438555450123,0.97107649319173,6.257596320556919,1.9
120613,passing_waveforms_data_mldd/waveforms/event_2015-04-24T08:30:40.820999Z.mseed,AXEC1,2015-04-24T08:30:40.820999Z,2015-04-24T08:30:40.820999Z,0.87,0.41,45.94338,-129.98891,0.431,226.72780928979896,3.176639186759512,0.9727313950332086,5.572472525916974,1.6
120614,passing_waveforms_data_mldd/waveforms/event_2015-04-24T08:30:54.533999Z.mseed,AXEC1,2015-04-24T08:30:54.533999Z,2015-04-24T08:30:54.533999Z,1.29,0.66,45.96129,-129.99925,1.285,311.36627021911903,2.959674985247193,0.9336094169477896,3.6396191827090774,1.9
120619,passing_waveforms_data_mldd/waveforms/event_2015-04-24T08:31:33.189999Z.mseed,AXEC1,2015-04-24T08:31:33.189999Z,2015-04-24T08:31:33.189999Z,1.01,0.52,45.94271,-129.98844,2.087,222.29585297457697,2.877622768395445,0.8969243709195531,16.900851282543716,1.4
120621,passing_waveforms_data_mldd/waveforms/event_2015-04-24T08:31:47.670999Z.mseed,AXEC1,2015-04-24T08:31:47.670999Z,2015-04-24T08:31:47.670999Z,0.94,0.45,45.94182,-129.98179,1.907,191.34589738945624,9.334208880559153,0.9852286257236779,2.892798369900346,2.1
120622,passing_waveforms_data_mldd/waveforms/event_2015-04-24T08:32:11.846999Z.mseed,AXEC1,2015-04-24T08:32:11.846999Z,2015-04-24T08:32:11.846999Z,1.11,0.53,45.96057,-129.99576,1.373,315.1636050918265,6.314630634697741,0.9720506623218299,25.912134839997538,1.9
120623,passing_waveforms_data_mldd/waveforms/event_2015-04-24T08:32:19.897999Z.mseed,AXEC1,2015-04-24T08:32:19.897999Z,2015-04-24T08:32:19.897999Z,1.55,0.67,45.94619,-130.01676,1.515,263.2469081811668,2.967342089004572,0.8720495262112263,19.152886382916844,1.4
120624,passing_waveforms_data_mldd/waveforms/event_2015-04-24T08:32:25.161999Z.mseed,AXEC1,2015-04-24T08:32:25.161999Z,2015-04-24T08:32:25.161999Z,1.04,0.55,45.93816,-129.9781,1.909,175.12109487743243,3.251087194693028,0.9617993765025766,5.254974059327848,1.7
120625,passing_waveforms_data_mldd/waveforms/event_2015-04-24T08:32:43.987000Z.mseed,AXEC1,2015-04-24T08:32:43.987000Z,2015-04-24T08:32:43.987000Z,0.9,0.46,45.94431,-129.98961,1.539,233.3887337991452,5.721249617547107,0.9749112819433166,7.740921448735146,1.7
120626,passing_waveforms_data_mldd/waveforms/event_2015-04-24T08:32:48.810000Z.mseed,AXEC1,2015-04-24T08:32:48.810000Z,2015-04-24T08:32:48.810000Z,1.0,0.54,45.94209,-129.98357,2.048,200.5269210263861,3.393004712155787,0.9794003189519147,7.536268025645473,1.7
120627,passing_waveforms_data_mldd/waveforms/event_2015-04-24T08:33:10.794999Z.mseed,AXEC1,2015-04-24T08:33:10.794999Z,2015-04-24T08:33:10.794999Z,1.13,0.54,45.93943,-129.99979,0.554,234.79875992043384,3.833677570326429,0.9438996603699598,12.150773462880352,1.4
120631,passing_waveforms_data_mldd/waveforms/event_2015-04-24T08:33:57.796999Z.mseed,AXEC1,2015-04-24T08:33:57.796999Z,2015-04-24T08:33:57.796999Z,0.92,0.38,45.95797,-129.98556,0.709,334.73230160125695,2.803430245331937,0.9388804236872897,3.251143830796934,1.5
120632,passing_waveforms_data_mldd/waveforms/event_2015-04-24T08:34:03.244000Z.mseed,AXEC1,2015-04-24T08:34:03.244000Z,2015-04-24T08:34:03.244000Z,0.9,0.45,45.94438,-129.99216,1.569,239.81848566710283,2.7013094307530663,0.7965783125737882,2.6862390259867692,1.2
120638,passing_waveforms_data_mldd/waveforms/event_2015-04-24T08:35:03.079000Z.mseed,AXEC1,2015-04-24T08:35:03.079000Z,2015-04-24T08:35:03.079000Z,0.96,0.48,45.94686,-129.99499,0.348,256.40311427850133,3.0118367096258787,0.7531932953645091,24.1964223235099,1.5
120639,passing_waveforms_data_mldd/waveforms/event_2015-04-24T08:35:17.666000Z.mseed,AXEC1,2015-04-24T08:35:17.666000Z,2015-04-24T08:35:17.666000Z,1.06,0.73,45.9342,-130.00391,0.669,228.39218582411976,4.129350052020776,0.8672644253930205,10.759520965269653,1.2
120641,passing_waveforms_data_mldd/waveforms/event_2015-04-24T08:35:38.689999Z.mseed,AXEC1,2015-04-24T08:35:38.689999Z,2015-04-24T08:35:38.689999Z,1.15,0.61,45.9584,-129.99733,1.376,306.3606155828629,2.9885985255288103,0.8323052590631627,4.395587311879192,1.8
120642,passing_waveforms_data_mldd/waveforms/event_2015-04-24T08:35:44.880000Z.mseed,AXEC1,2015-04-24T08:35:44.880000Z,2015-04-24T08:35:44.880000Z,0.94,0.41,45.95287,-129.9862,1.787,306.6723512118855,7.011531052890272,0.9955080099591215,3.4680099030245795,1.7
120644,passing_waveforms_data_mldd/waveforms/event_2015-04-24T08:36:00.567000Z.mseed,AXEC1,2015-04-24T08:36:00.567000Z,2015-04-24T08:36:00.567000Z,0.76,0.31,45.94378,-129.98797,0.384,225.55405515063134,2.6169914408941426,0.8905726238122919,12.83495951909858,1.2
120645,passing_waveforms_data_mldd/waveforms/event_2015-04-24T08:36:06.397999Z.mseed,AXEC1,2015-04-24T08:36:06.397999Z,2015-04-24T08:36:06.397999Z,0.98,0.48,45.95733,-129.98268,2.076,345.691731143589,2.147308284337265,0.9397828415740549,4.638333893435736,1.4
120647,passing_waveforms_data_mldd/waveforms/event_2015-04-24T08:36:40.338000Z.mseed,AXEC1,2015-04-24T08:36:40.338000Z,2015-04-24T08:36:40.338000Z,1.09,0.53,45.95974,-129.99492,1.372,314.452813830967,4.8085671563453785,0.8622484035893249,11.761773704122396,2.1
120649,passing_waveforms_data_mldd/waveforms/event_2015-04-24T08:37:03.774999Z.mseed,AXEC1,2015-04-24T08:37:03.774999Z,2015-04-24T08:37:03.774999Z,0.87,0.33,45.94423,-129.98945,0.632,232.51938794193066,2.738807787028205,0.989445037478344,3.2173054945836057,2.0
120651,passing_waveforms_data_mldd/waveforms/event_2015-04-24T08:37:21.756000Z.mseed,AXEC1,2015-04-24T08:37:21.756000Z,2015-04-24T08:37:21.756000Z,0.94,0.42,45.95256,-129.99622,0.462,285.2095058302955,9.458398929886751,0.9552845219470957,7.402639209140621,1.7
120653,passing_waveforms_data_mldd/waveforms/event_2015-04-24T08:37:32.167000Z.mseed,AXEC1,2015-04-24T08:37:32.167000Z,2015-04-24T08:37:32.167000Z,0.79,0.33,45.94736,-129.98551,1.715,241.99416879382088,3.0252775180723566,0.976387820543626,5.213352665758984,1.5
120654,passing_waveforms_data_mldd/waveforms/event_2015-04-24T08:37:39.719999Z.mseed,AXEC1,2015-04-24T08:37:39.719999Z,2015-04-24T08:37:39.719999Z,0.85,0.44,45.94465,-129.99285,0.637,242.4539242313652,8.665786822231496,0.9507770497564504,5.681783913698784,1.7
120655,passing_waveforms_data_mldd/waveforms/event_2015-04-24T08:38:04.275999Z.mseed,AXEC1,2015-04-24T08:38:04.275999Z,2015-04-24T08:38:04.275999Z,0.89,0.5,45.94895,-129.99236,1.549,266.62822599089935,5.77031157838971,0.9837455334797037,8.112381124346284,1.9
120656,passing_waveforms_data_mldd/waveforms/event_2015-04-24T08:38:18.498000Z.mseed,AXEC1,2015-04-24T08:38:18.498000Z,2015-04-24T08:38:18.498000Z,0.95,0.49,45.95204,-129.99152,1.48,287.32170048241835,2.683962681532549,0.9398392952659924,6.352973353440297,1.7
120657,passing_waveforms_data_mldd/waveforms/event_2015-04-24T08:38:22.856000Z.mseed,AXEC1,2015-04-24T08:38:22.856000Z,2015-04-24T08:38:22.856000Z,0.92,0.51,45.94518,-129.98512,1.809,221.3784626778454,2.0655669273147734,0.9393466772618435,0.7744033229386182,1.7
120658,passing_waveforms_data_mldd/waveforms/event_2015-04-24T08:38:28.158999Z.mseed,AXEC1,2015-04-24T08:38:28.158999Z,2015-04-24T08:38:28.158999Z,0.84,0.4,45.95146,-129.99243,1.143,282.66277401856667,8.171835210901559,0.9237374062895983,10.741429452944947,1.3
120661,passing_waveforms_data_mldd/waveforms/event_2015-04-24T08:38:57.368000Z.mseed,AXEC1,2015-04-24T08:38:57.368000Z,2015-04-24T08:38:57.368000Z,1.65,0.84,45.93646,-130.02191,1.414,246.7043434889848,4.5415774359764445,0.9824699756017645,11.901778982644615,2.0
120662,passing_waveforms_data_mldd/waveforms/event_2015-04-24T08:39:06.945999Z.mseed,AXEC1,2015-04-24T08:39:06.945999Z,2015-04-24T08:39:06.945999Z,0.98,0.43,45.95064,-129.99716,0.471,275.6845715822574,7.567504618133616,0.9715592291322445,6.215419898098064,1.6
120663,passing_waveforms_data_mldd/waveforms/event_2015-04-24T08:39:20.922999Z.mseed,AXEC1,2015-04-24T08:39:20.922999Z,2015-04-24T08:39:20.922999Z,0.88,0.45,45.94368,-129.99235,0.66,236.94245229392885,7.483963100678302,0.7242170067495339,17.074655419632773,1.6
120664,passing_waveforms_data_mldd/waveforms/event_2015-04-24T08:39:30.062000Z.mseed,AXEC1,2015-04-24T08:39:30.062000Z,2015-04-24T08:39:30.062000Z,1.36,0.87,45.93185,-129.96927,0.14,158.38626233396127,4.332095590659552,0.9469780906066059,8.466064106514173,1.2
120667,passing_waveforms_data_mldd/waveforms/event_2015-04-24T08:40:07.195999Z.mseed,AXEC1,2015-04-24T08:40:07.195999Z,2015-04-24T08:40:07.195999Z,1.12,0.5,45.95466,-129.99683,1.174,293.74336051671946,6.723217443116579,0.9553634414503649,8.074714025307335,1.5
120671,passing_waveforms_data_mldd/waveforms/event_2015-04-24T08:40:46.978999Z.mseed,AXEC1,2015-04-24T08:40:46.978999Z,2015-04-24T08:40:46.978999Z,0.87,0.39,45.95638,-129.99242,1.582,308.1762170619369,6.3148239308900385,0.9918245936580902,9.180973779122692,1.6
120674,passing_waveforms_data_mldd/waveforms/event_2015-04-24T08:41:09.349999Z.mseed,AXEC1,2015-04-24T08:41:09.349999Z,2015-04-24T08:41:09.349999Z,0.97,0.48,45.95545,-129.99087,1.498,307.70278881986474,3.9170759417951837,0.9475987513627504,9.91033206708114,1.9
120677,passing_waveforms_data_mldd/waveforms/event_2015-04-24T08:41:50.965000Z.mseed,AXEC1,2015-04-24T08:41:50.965000Z,2015-04-24T08:41:50.965000Z,0.86,0.41,45.94393,-129.98974,0.567,231.81455952063357,2.174105717303252,0.9547981564391975,3.4181993068331202,2.2
120679,passing_waveforms_data_mldd/waveforms/event_2015-04-24T08:42:06.195000Z.mseed,AXEC1,2015-04-24T08:42:06.195000Z,2015-04-24T08:42:06.195000Z,0.86,0.37,45.94265,-129.98817,0.237,221.15883432108106,7.943104062898738,0.9895644316050916,4.113639330250683,1.9
120680,passing_waveforms_data_mldd/waveforms/event_2015-04-24T08:42:17.882999Z.mseed,AXEC1,2015-04-24T08:42:17.882999Z,2015-04-24T08:42:17.882999Z,1.01,0.46,45.95869,-129.99598,0.853,309.4491040484129,8.66777590163895,0.9895976257535054,15.296552701653818,2.0
120683,passing_waveforms_data_mldd/waveforms/event_2015-04-24T08:42:59.591000Z.mseed,AXEC1,2015-04-24T08:42:59.591000Z,2015-04-24T08:42:59.591000Z,1.12,0.5,45.94797,-129.99706,0.169,263.1373022514024,2.997878722438701,0.9741374194727207,9.837236343923989,1.4
120687,passing_waveforms_data_mldd/waveforms/event_2015-04-24T08:43:44.841000Z.mseed,AXEC1,2015-04-24T08:43:44.841000Z,2015-04-24T08:43:44.841000Z,0.82,0.38,45.94439,-129.98871,0.552,231.15956523980924,5.0911077927707815,0.9840767606421927,4.823645860874472,1.5
120688,passing_waveforms_data_mldd/waveforms/event_2015-04-24T08:43:59.119999Z.mseed,AXEC1,2015-04-24T08:43:59.119999Z,2015-04-24T08:43:59.119999Z,0.92,0.47,45.94836,-129.99429,0.542,263.87382351876965,2.3903298298616407,0.8797418997573468,10.385473668342007,1.9
120692,passing_waveforms_data_mldd/waveforms/event_2015-04-24T08:45:01.137000Z.mseed,AXEC1,2015-04-24T08:45:01.137000Z,2015-04-24T08:45:01.137000Z,1.07,0.58,45.9412,-129.99976,1.504,239.79705658832583,2.0424500627431383,0.7365965498826177,14.522421021596909,1.4
120693,passing_waveforms_data_mldd/waveforms/event_2015-04-24T08:45:42.018000Z.mseed,AXEC1,2015-04-24T08:45:42.018000Z,2015-04-24T08:45:42.018000Z,1.18,0.65,45.93174,-129.97675,1.68,174.12212824756284,3.8402600785934338,0.9615212227533358,6.40897106691045,2.2
120694,passing_waveforms_data_mldd/waveforms/event_2015-04-24T08:45:55.700000Z.mseed,AXEC1,2015-04-24T08:45:55.700000Z,2015-04-24T08:45:55.700000Z,1.18,0.65,45.9322,-129.97815,1.612,177.14315931409436,3.206124726642705,0.9127795725326717,5.888320184829962,1.8
120696,passing_waveforms_data_mldd/waveforms/event_2015-04-24T08:46:38.238999Z.mseed,AXEC1,2015-04-24T08:46:38.238999Z,2015-04-24T08:46:38.238999Z,0.87,0.43,45.94433,-129.98485,1.603,215.08991552648064,2.76300486613666,0.9661920686134325,1.4447445421985843,1.6
120697,passing_waveforms_data_mldd/waveforms/event_2015-04-24T08:46:56.430999Z.mseed,AXEC1,2015-04-24T08:46:56.430999Z,2015-04-24T08:46:56.430999Z,0.93,0.47,45.93896,-129.98031,1.68,182.99897991576705,2.3782439353688014,0.867379296693354,8.63659928923882,1.2
120703,passing_waveforms_data_mldd/waveforms/event_2015-04-24T08:48:19.097999Z.mseed,AXEC1,2015-04-24T08:48:19.097999Z,2015-04-24T08:48:19.097999Z,1.02,0.54,45.93935,-129.97947,1.872,179.80544361629984,2.2931883901633117,0.9044643615092917,9.662255690154451,1.9
120706,passing_waveforms_data_mldd/waveforms/event_2015-04-24T08:48:46.018999Z.mseed,AXEC1,2015-04-24T08:48:46.018999Z,2015-04-24T08:48:46.018999Z,1.12,0.54,45.94753,-130.00044,1.465,262.6467180845817,3.108869353464187,0.9345063575486197,10.689075205136154,1.6
120709,passing_waveforms_data_mldd/waveforms/event_2015-04-24T08:49:06.697000Z.mseed,AXEC1,2015-04-24T08:49:06.697000Z,2015-04-24T08:49:06.697000Z,0.89,0.44,45.94215,-129.9847,1.507,205.8536570339228,3.386934953149318,0.9710985934222695,7.847964713668744,1.7
120710,passing_waveforms_data_mldd/waveforms/event_2015-04-24T08:49:37.804000Z.mseed,AXEC1,2015-04-24T08:49:37.804000Z,2015-04-24T08:49:37.804000Z,0.86,0.43,45.94602,-129.99401,0.565,251.0815713127797,8.792297997327815,0.9823508850512558,9.792033197688443,1.6
120712,passing_waveforms_data_mldd/waveforms/event_2015-04-24T08:49:50.435000Z.mseed,AXEC1,2015-04-24T08:49:50.435000Z,2015-04-24T08:49:50.435000Z,1.12,0.62,45.93934,-130.00247,0.921,237.90484908894092,3.992070955108645,0.941205752321998,1.3927233397930026,1.5
120715,passing_waveforms_data_mldd/waveforms/event_2015-04-24T08:50:53.521999Z.mseed,AXEC1,2015-04-24T08:50:53.521999Z,2015-04-24T08:50:53.521999Z,1.07,0.5,45.96044,-129.99653,1.615,313.4835475538199,7.229287796004662,0.9027063095673391,12.460831131458171,1.3
120718,passing_waveforms_data_mldd/waveforms/event_2015-04-24T08:51:08.573999Z.mseed,AXEC1,2015-04-24T08:51:08.573999Z,2015-04-24T08:51:08.573999Z,0.9,0.37,45.94717,-129.99444,0.416,257.51827475318214,3.533534090791,0.9971913020800338,7.310043395027143,2.0
120719,passing_waveforms_data_mldd/waveforms/event_2015-04-24T08:51:19.312000Z.mseed,AXEC1,2015-04-24T08:51:19.312000Z,2015-04-24T08:51:19.312000Z,1.72,0.83,45.94503,-130.0119,0.017,259.26470186522954,2.5991415648935146,0.9923875511269835,5.986678811595425,2.1
120720,passing_waveforms_data_mldd/waveforms/event_2015-04-24T08:51:48.064999Z.mseed,AXEC1,2015-04-24T08:51:48.064999Z,2015-04-24T08:51:48.064999Z,0.89,0.45,45.95255,-129.98223,1.862,329.98637166196465,3.9907122458752196,0.9818754030463474,5.352220518442714,1.6
120721,passing_waveforms_data_mldd/waveforms/event_2015-04-24T08:51:53.768000Z.mseed,AXEC1,2015-04-24T08:51:53.768000Z,2015-04-24T08:51:53.768000Z,0.96,0.49,45.9434,-129.98782,1.772,223.21486013067914,2.3501147071867976,0.9394724397127807,10.719625885094818,1.4
120722,passing_waveforms_data_mldd/waveforms/event_2015-04-24T08:52:02.818000Z.mseed,AXEC1,2015-04-24T08:52:02.818000Z,2015-04-24T08:52:02.818000Z,1.09,0.61,45.92773,-129.98692,1.14,193.68892523781278,11.476723104584707,0.9934230080594035,6.384181010176881,1.7
120729,passing_waveforms_data_mldd/waveforms/event_2015-04-24T08:54:13.614000Z.mseed,AXEC1,2015-04-24T08:54:13.614000Z,2015-04-24T08:54:13.614000Z,1.06,0.52,45.95303,-129.99655,0.435,287.0688288792477,3.464037561040325,0.8771803015390789,5.288764307479996,1.8
120739,passing_waveforms_data_mldd/waveforms/event_2015-04-24T08:55:30.391999Z.mseed,AXEC1,2015-04-24T08:55:30.391999Z,2015-04-24T08:55:30.391999Z,0.8,0.34,45.94256,-129.98912,0.354,223.8170890270328,7.56109305849217,0.9305730107193471,9.99481366937301,1.5
120743,passing_waveforms_data_mldd/waveforms/event_2015-04-24T08:56:09.869999Z.mseed,AXEC1,2015-04-24T08:56:09.869999Z,2015-04-24T08:56:09.869999Z,0.98,0.48,45.93803,-129.97903,1.92,178.38644921509103,4.839216916832832,0.8006129908259979,9.03053278857559,1.8
120747,passing_waveforms_data_mldd/waveforms/event_2015-04-24T08:56:34.914000Z.mseed,AXEC1,2015-04-24T08:56:34.914000Z,2015-04-24T08:56:34.914000Z,0.95,0.44,45.95025,-129.98767,1.848,277.5788793986316,3.0375776556177794,0.9817103246067733,3.02424365143637,1.7
120752,passing_waveforms_data_mldd/waveforms/event_2015-04-24T08:57:24.195000Z.mseed,AXEC1,2015-04-24T08:57:24.195000Z,2015-04-24T08:57:24.195000Z,1.2,0.58,45.95905,-129.99735,1.444,308.2795863617973,2.1169178485740243,0.9762399490674735,2.5173083507230825,2.1
120754,passing_waveforms_data_mldd/waveforms/event_2015-04-24T08:57:37.926000Z.mseed,AXEC1,2015-04-24T08:57:37.926000Z,2015-04-24T08:57:37.926000Z,0.87,0.4,45.95162,-129.99302,1.266,283.09238043822893,15.993718370528708,0.9739484888388842,5.469739024564795,2.0
120756,passing_waveforms_data_mldd/waveforms/event_2015-04-24T08:57:54.039999Z.mseed,AXEC1,2015-04-24T08:57:54.039999Z,2015-04-24T08:57:54.039999Z,1.32,0.71,45.93857,-130.00464,2.157,238.38734231338975,5.96240979738057,0.9282719972365546,6.5566309812137265,1.3
120758,passing_waveforms_data_mldd/waveforms/event_2015-04-24T08:58:11.583999Z.mseed,AXEC1,2015-04-24T08:58:11.583999Z,2015-04-24T08:58:11.583999Z,1.06,0.52,45.95065,-129.9975,0.365,275.63595449778006,5.592052941181987,0.9633609494516886,4.196783532341779,1.6
120763,passing_waveforms_data_mldd/waveforms/event_2015-04-24T08:58:57.581000Z.mseed,AXEC1,2015-04-24T08:58:57.581000Z,2015-04-24T08:58:57.581000Z,0.78,0.28,45.94985,-129.98731,0.762,273.6186266928643,2.2546768643184643,0.9768680865207587,1.9392282343247158,1.3
120764,passing_waveforms_data_mldd/waveforms/event_2015-04-24T08:59:07.964000Z.mseed,AXEC1,2015-04-24T08:59:07.964000Z,2015-04-24T08:59:07.964000Z,0.95,0.5,45.92619,-129.97687,1.763,175.87774191268255,2.9023171066236135,0.9464077284265628,4.283744162510795,1.5
120765,passing_waveforms_data_mldd/waveforms/event_2015-04-24T08:59:15.679999Z.mseed,AXEC1,2015-04-24T08:59:15.679999Z,2015-04-24T08:59:15.679999Z,0.94,0.46,45.94991,-129.9967,0.469,272.30431743966847,12.109470371919926,0.9918455771474566,7.913425005497034,1.6
120767,passing_waveforms_data_mldd/waveforms/event_2015-04-24T08:59:25.274999Z.mseed,AXEC1,2015-04-24T08:59:25.274999Z,2015-04-24T08:59:25.274999Z,1.0,0.37,45.94383,-129.98838,0.265,227.1877508652366,2.9952004834717427,0.8711662837425777,9.642377607640285,1.6
120772,passing_waveforms_data_mldd/waveforms/event_2015-04-24T09:00:21.528999Z.mseed,AXEC1,2015-04-24T09:00:21.528999Z,2015-04-24T09:00:21.528999Z,0.92,0.48,45.94623,-129.9945,0.52,252.73215992066278,5.171274303551803,0.9904370774342984,3.824880621884118,2.0
120773,passing_waveforms_data_mldd/waveforms/event_2015-04-24T09:00:31.972999Z.mseed,AXEC1,2015-04-24T09:00:31.972999Z,2015-04-24T09:00:31.972999Z,0.95,0.5,45.95304,-129.99017,1.613,296.0579496921164,3.4637282989460263,0.9719756841728493,18.612054029057145,1.9
120777,passing_waveforms_data_mldd/waveforms/event_2015-04-24T09:01:03.259999Z.mseed,AXEC1,2015-04-24T09:01:03.259999Z,2015-04-24T09:01:03.259999Z,0.78,0.36,45.94786,-129.99402,0.541,260.9395440036841,9.625442265604391,0.9630663352887318,1.5831851241313426,1.5
120778,passing_waveforms_data_mldd/waveforms/event_2015-04-24T09:01:08.614000Z.mseed,AXEC1,2015-04-24T09:01:08.614000Z,2015-04-24T09:01:08.614000Z,0.87,0.42,45.9476,-129.9864,1.712,247.7468115219996,4.24432010714279,0.9863574913178043,4.850896812023576,1.7
120783,passing_waveforms_data_mldd/waveforms/event_2015-04-24T09:02:06.740999Z.mseed,AXEC1,2015-04-24T09:02:06.740999Z,2015-04-24T09:02:06.740999Z,0.86,0.41,45.94353,-129.98898,0.429,227.64506238175613,2.5152511315679282,0.9673770000193229,2.1055377944031357,1.9
120785,passing_waveforms_data_mldd/waveforms/event_2015-04-24T09:02:18.638999Z.mseed,AXEC1,2015-04-24T09:02:18.638999Z,2015-04-24T09:02:18.638999Z,0.9,0.47,45.94542,-129.9913,1.712,243.5010495915639,10.575493779861006,0.953809897067651,9.549272956561852,1.4
120786,passing_waveforms_data_mldd/waveforms/event_2015-04-24T09:02:27.056000Z.mseed,AXEC1,2015-04-24T09:02:27.056000Z,2015-04-24T09:02:27.056000Z,0.86,0.38,45.94973,-129.99332,0.513,271.61359555119395,3.6057036573228807,0.7968960204237097,3.567906603641926,1.4
120788,passing_waveforms_data_mldd/waveforms/event_2015-04-24T09:02:38.603000Z.mseed,AXEC1,2015-04-24T09:02:38.603000Z,2015-04-24T09:02:38.603000Z,1.35,0.98,45.92559,-130.00122,0.586,212.75308294222103,4.608004339189618,0.9575980795898401,7.04107389320476,1.4
120790,passing_waveforms_data_mldd/waveforms/event_2015-04-24T09:02:55.936000Z.mseed,AXEC1,2015-04-24T09:02:55.936000Z,2015-04-24T09:02:55.936000Z,1.07,0.03,45.94834,-130.00058,1.433,265.84553962171174,4.2068994674274185,0.9546191969028509,8.90166485511491,1.4
120791,passing_waveforms_data_mldd/waveforms/event_2015-04-24T09:03:19.684999Z.mseed,AXEC1,2015-04-24T09:03:19.684999Z,2015-04-24T09:03:19.684999Z,0.82,0.31,45.94672,-129.99215,0.715,252.48135341168407,4.717850006635056,0.9982534974782574,5.197313673161635,1.4
120795,passing_waveforms_data_mldd/waveforms/event_2015-04-24T09:04:09.919000Z.mseed,AXEC1,2015-04-24T09:04:09.919000Z,2015-04-24T09:04:09.919000Z,1.42,0.74,45.9391,-130.00753,0.274,242.35423889694465,4.992496289511095,0.9935592650169103,7.8613223424333665,1.8
120797,passing_waveforms_data_mldd/waveforms/event_2015-04-24T09:04:31.521000Z.mseed,AXEC1,2015-04-24T09:04:31.521000Z,2015-04-24T09:04:31.521000Z,1.23,0.65,45.95923,-129.99817,1.689,307.5464405569004,2.4196260479760707,0.9682725845458962,2.4543317048592797,2.1
120799,passing_waveforms_data_mldd/waveforms/event_2015-04-24T09:04:44.343000Z.mseed,AXEC1,2015-04-24T09:04:44.343000Z,2015-04-24T09:04:44.343000Z,1.0,0.48,45.93917,-129.97955,1.97,180.1281267894185,4.277694406736636,0.9873539778937306,6.4648264519086425,2.5
120800,passing_waveforms_data_mldd/waveforms/event_2015-04-24T09:04:54.061999Z.mseed,AXEC1,2015-04-24T09:04:54.061999Z,2015-04-24T09:04:54.061999Z,0.78,0.33,45.94485,-129.99003,0.495,237.42730903443143,3.7551083470096485,0.9963697411779193,5.391845698020121,1.9
120801,passing_waveforms_data_mldd/waveforms/event_2015-04-24T09:05:07.383000Z.mseed,AXEC1,2015-04-24T09:05:07.383000Z,2015-04-24T09:05:07.383000Z,0.93,0.45,45.95069,-129.98406,1.937,290.75649558457235,3.5546969629957434,0.9919147616007605,5.938074748152806,1.8
120804,passing_waveforms_data_mldd/waveforms/event_2015-04-24T09:05:52.270000Z.mseed,AXEC1,2015-04-24T09:05:52.270000Z,2015-04-24T09:05:52.270000Z,0.96,0.44,45.93979,-129.98452,2.07,199.66164037936778,4.117558385353575,0.9673958194410576,17.53369830457867,1.3
120805,passing_waveforms_data_mldd/waveforms/event_2015-04-24T09:06:08.535000Z.mseed,AXEC1,2015-04-24T09:06:08.535000Z,2015-04-24T09:06:08.535000Z,1.07,0.64,45.94911,-129.99314,1.842,267.83903434728336,5.2089251677937245,0.9824231603842334,3.639654123947968,1.7
120808,passing_waveforms_data_mldd/waveforms/event_2015-04-24T09:07:04.416999Z.mseed,AXEC1,2015-04-24T09:07:04.416999Z,2015-04-24T09:07:04.416999Z,1.7,0.93,45.94625,-130.01879,0.489,263.7557262226345,2.53020603923284,0.7771264213180262,8.08744293493249,2.1
120811,passing_waveforms_data_mldd/waveforms/event_2015-04-24T09:07:36.764000Z.mseed,AXEC1,2015-04-24T09:07:36.764000Z,2015-04-24T09:07:36.764000Z,0.92,0.42,45.94264,-129.98982,0.48,226.19770902515964,3.2357923354720217,0.9631530092515262,4.165351864487015,1.3
120812,passing_waveforms_data_mldd/waveforms/event_2015-04-24T09:07:47.862999Z.mseed,AXEC1,2015-04-24T09:07:47.862999Z,2015-04-24T09:07:47.862999Z,0.98,0.44,45.95924,-129.99574,1.304,311.51859103018757,5.570677252459972,0.9669429181244981,2.1396844843905747,1.7
120813,passing_waveforms_data_mldd/waveforms/event_2015-04-24T09:07:53.554999Z.mseed,AXEC1,2015-04-24T09:07:53.554999Z,2015-04-24T09:07:53.554999Z,0.84,0.39,45.94933,-129.99396,0.711,269.2695974259573,2.406586057206427,0.966895631932324,9.64475763153267,1.4
120822,passing_waveforms_data_mldd/waveforms/event_2015-04-24T09:09:15.211999Z.mseed,AXEC1,2015-04-24T09:09:15.211999Z,2015-04-24T09:09:15.211999Z,0.9,0.48,45.94428,-129.9929,0.682,240.78524216603046,3.61745730983759,0.9864144508021857,9.946967312149201,1.6
120823,passing_waveforms_data_mldd/waveforms/event_2015-04-24T09:09:20.932999Z.mseed,AXEC1,2015-04-24T09:09:20.932999Z,2015-04-24T09:09:20.932999Z,0.81,0.38,45.94799,-129.99447,0.501,261.9366135582349,5.910172110177784,0.700301492502561,3.112856157830185,1.4
120824,passing_waveforms_data_mldd/waveforms/event_2015-04-24T09:09:44.554000Z.mseed,AXEC1,2015-04-24T09:09:44.554000Z,2015-04-24T09:09:44.554000Z,0.84,0.39,45.94283,-129.98893,0.495,224.35594040033874,3.253047082594959,0.8075427905416561,10.959312010877166,1.3
120826,passing_waveforms_data_mldd/waveforms/event_2015-04-24T09:10:09.647000Z.mseed,AXEC1,2015-04-24T09:10:09.647000Z,2015-04-24T09:10:09.647000Z,1.04,0.49,45.95938,-129.9954,1.259,312.53596992689177,12.928693722761949,0.9929309865276766,8.416562135813233,2.1
120830,passing_waveforms_data_mldd/waveforms/event_2015-04-24T09:10:54.892000Z.mseed,AXEC1,2015-04-24T09:10:54.892000Z,2015-04-24T09:10:54.892000Z,0.88,0.38,45.95387,-129.99318,1.321,295.2339894317599,13.653890587029817,0.9907381360796865,5.446120700102334,1.9
120832,passing_waveforms_data_mldd/waveforms/event_2015-04-24T09:11:12.557000Z.mseed,AXEC1,2015-04-24T09:11:12.557000Z,2015-04-24T09:11:12.557000Z,0.96,0.47,45.95451,-129.99386,1.317,297.2349816878946,3.4054938145973677,0.903600204844608,13.114045739727878,1.4
120836,passing_waveforms_data_mldd/waveforms/event_2015-04-24T09:11:28.364999Z.mseed,AXEC1,2015-04-24T09:11:28.364999Z,2015-04-24T09:11:28.364999Z,0.86,0.45,45.9431,-129.98226,1.72,196.1129435666848,3.4145448288910067,0.8487196098715557,9.926470216920139,1.7
120840,passing_waveforms_data_mldd/waveforms/event_2015-04-24T09:12:03.523000Z.mseed,AXEC1,2015-04-24T09:12:03.523000Z,2015-04-24T09:12:03.523000Z,1.01,0.46,45.94913,-129.99669,0.223,268.53581208137115,11.594598569079675,0.8815728238679664,4.488330037148693,1.7
120841,passing_waveforms_data_mldd/waveforms/event_2015-04-24T09:12:08.923000Z.mseed,AXEC1,2015-04-24T09:12:08.923000Z,2015-04-24T09:12:08.923000Z,0.82,0.36,45.94724,-129.99379,0.43,257.31774697795345,8.566472493881887,0.98628297476162,3.6693752181911825,1.6
120842,passing_waveforms_data_mldd/waveforms/event_2015-04-24T09:12:19.658000Z.mseed,AXEC1,2015-04-24T09:12:19.658000Z,2015-04-24T09:12:19.658000Z,1.78,1.23,45.92158,-129.9895,0.541,194.43094593028133,2.106984396237217,0.9300648824405242,8.431889685504151,1.8
120845,passing_waveforms_data_mldd/waveforms/event_2015-04-24T09:12:45.908999Z.mseed,AXEC1,2015-04-24T09:12:45.908999Z,2015-04-24T09:12:45.908999Z,1.49,1.16,45.93819,-130.01515,0.681,245.9880867881282,2.531656701557799,0.7318656076375525,21.618242598162475,1.7
120847,passing_waveforms_data_mldd/waveforms/event_2015-04-24T09:13:06.948999Z.mseed,AXEC1,2015-04-24T09:13:06.948999Z,2015-04-24T09:13:06.948999Z,1.21,0.6,45.9503,-129.99752,0.232,274.0255990207305,2.5536546211175075,0.8055979282944428,26.879258183165188,1.7
120851,passing_waveforms_data_mldd/waveforms/event_2015-04-24T09:13:28.201000Z.mseed,AXEC1,2015-04-24T09:13:28.201000Z,2015-04-24T09:13:28.201000Z,0.86,0.41,45.9498,-129.99128,1.54,272.2684294793207,9.076168732025511,0.9452803818745025,2.0203226199853033,1.5
120852,passing_waveforms_data_mldd/waveforms/event_2015-04-24T09:13:36.689999Z.mseed,AXEC1,2015-04-24T09:13:36.689999Z,2015-04-24T09:13:36.689999Z,1.0,0.49,45.94065,-129.98126,1.91,187.65290670959075,3.0355584510466103,0.9836462527149107,3.7665306153760216,2.0
120856,passing_waveforms_data_mldd/waveforms/event_2015-04-24T09:14:17.199000Z.mseed,AXEC1,2015-04-24T09:14:17.199000Z,2015-04-24T09:14:17.199000Z,0.9,0.45,45.9425,-129.98406,1.989,203.9538754702028,9.708202035234812,0.9882497697732358,2.957806509260256,1.6
120861,passing_waveforms_data_mldd/waveforms/event_2015-04-24T09:14:50.057000Z.mseed,AXEC1,2015-04-24T09:14:50.057000Z,2015-04-24T09:14:50.057000Z,0.87,0.41,45.94654,-129.99354,0.5,253.2309143637597,5.277832799713288,0.9921700587811658,8.214752494183246,1.4
120862,passing_waveforms_data_mldd/waveforms/event_2015-04-24T09:15:06.166000Z.mseed,AXEC1,2015-04-24T09:15:06.166000Z,2015-04-24T09:15:06.166000Z,0.93,0.44,45.94219,-129.98982,0.485,224.39847209617068,3.0812002058987065,0.9461970742909094,4.696944879606326,1.5
120863,passing_waveforms_data_mldd/waveforms/event_2015-04-24T09:15:20.580999Z.mseed,AXEC1,2015-04-24T09:15:20.580999Z,2015-04-24T09:15:20.580999Z,1.11,0.57,45.9584,-129.9956,1.287,309.20490673179904,3.1385448292821962,0.7330075741778018,29.85965196506671,1.7
120865,passing_waveforms_data_mldd/waveforms/event_2015-04-24T09:16:04.753000Z.mseed,AXEC1,2015-04-24T09:16:04.753000Z,2015-04-24T09:16:04.753000Z,0.92,0.45,45.94572,-129.99468,0.319,250.43598712015373,10.25106051893771,0.9481937526199749,10.575344398582004,1.9
120869,passing_waveforms_data_mldd/waveforms/event_2015-04-24T09:17:07.230000Z.mseed,AXEC1,2015-04-24T09:17:07.230000Z,2015-04-24T09:17:07.230000Z,1.05,0.46,45.95058,-129.99762,0.268,275.2845039554212,7.181239130886654,0.928349727199533,2.9834213904048053,1.7
120870,passing_waveforms_data_mldd/waveforms/event_2015-04-24T09:17:31.911999Z.mseed,AXEC1,2015-04-24T09:17:31.911999Z,2015-04-24T09:17:31.911999Z,1.65,0.83,45.94649,-130.0116,0.144,262.81009550715703,2.6687796500063588,0.9508715521330383,20.08618457512624,1.7
120871,passing_waveforms_data_mldd/waveforms/event_2015-04-24T09:17:43.612000Z.mseed,AXEC1,2015-04-24T09:17:43.612000Z,2015-04-24T09:17:43.612000Z,0.89,0.44,45.9463,-129.99623,0.518,254.83159432719438,9.002314355950864,0.987020858035804,8.041470782815708,1.7
120872,passing_waveforms_data_mldd/waveforms/event_2015-04-24T09:17:57.862000Z.mseed,AXEC1,2015-04-24T09:17:57.862000Z,2015-04-24T09:17:57.862000Z,0.87,0.46,45.94462,-129.9922,0.603,241.07666861981534,3.4130840486245404,0.9637253338101689,6.894978007411392,1.6
120874,passing_waveforms_data_mldd/waveforms/event_2015-04-24T09:18:25.471000Z.mseed,AXEC1,2015-04-24T09:18:25.471000Z,2015-04-24T09:18:25.471000Z,0.87,0.37,45.94512,-129.99181,0.447,242.87662971294242,7.653190696988087,0.9537290394003768,11.63862859720435,1.4
120877,passing_waveforms_data_mldd/waveforms/event_2015-04-24T09:18:46.856000Z.mseed,AXEC1,2015-04-24T09:18:46.856000Z,2015-04-24T09:18:46.856000Z,0.85,0.4,45.94418,-129.99056,0.451,235.22704487013033,2.4321767669622876,0.9737637787430512,8.665639543240065,1.4
120882,passing_waveforms_data_mldd/waveforms/event_2015-04-24T09:19:53.902999Z.mseed,AXEC1,2015-04-24T09:19:53.902999Z,2015-04-24T09:19:53.902999Z,1.46,0.79,45.94554,-130.02216,1.047,262.95234249305287,3.180073876502439,0.9458785064482051,9.981991605744042,1.8
120889,passing_waveforms_data_mldd/waveforms/event_2015-04-24T09:21:33.758000Z.mseed,AXEC1,2015-04-24T09:21:33.758000Z,2015-04-24T09:21:33.758000Z,0.92,0.44,45.94378,-129.98639,1.643,219.52800573035586,4.088150099689763,0.9587875648126896,7.973555630561328,1.5
120890,passing_waveforms_data_mldd/waveforms/event_2015-04-24T09:21:42.857999Z.mseed,AXEC1,2015-04-24T09:21:42.857999Z,2015-04-24T09:21:42.857999Z,0.87,0.44,45.94396,-129.99232,0.448,238.15555523964218,11.49898567857222,0.959723171048442,4.761605363501303,1.7
120891,passing_waveforms_data_mldd/waveforms/event_2015-04-24T09:22:00.187000Z.mseed,AXEC1,2015-04-24T09:22:00.187000Z,2015-04-24T09:22:00.187000Z,1.07,0.52,45.95925,-129.99582,1.349,311.40697458801935,10.098468175117553,0.9681435022338555,9.872666148839873,1.8
120893,passing_waveforms_data_mldd/waveforms/event_2015-04-24T09:22:11.659000Z.mseed,AXEC1,2015-04-24T09:22:11.659000Z,2015-04-24T09:22:11.659000Z,0.83,0.38,45.94911,-129.99226,1.564,267.6380099680434,14.537089342410097,0.9834478130751111,10.891567677076043,1.8
120898,passing_waveforms_data_mldd/waveforms/event_2015-04-24T09:22:50.936000Z.mseed,AXEC1,2015-04-24T09:22:50.936000Z,2015-04-24T09:22:50.936000Z,0.87,0.42,45.94349,-129.98221,1.654,196.7457492355879,5.671710775932406,0.9647110070738049,3.3380746462361954,1.7
120900,passing_waveforms_data_mldd/waveforms/event_2015-04-24T09:23:03.676000Z.mseed,AXEC1,2015-04-24T09:23:03.676000Z,2015-04-24T09:23:03.676000Z,0.94,0.44,45.94903,-129.99593,0.422,267.92872624648976,11.816750956665796,0.9855737270035477,3.3388997085458962,1.6
120902,passing_waveforms_data_mldd/waveforms/event_2015-04-24T09:23:31.289999Z.mseed,AXEC1,2015-04-24T09:23:31.289999Z,2015-04-24T09:23:31.289999Z,0.95,0.52,45.94772,-129.99445,0.572,260.4625784562695,2.027945057943017,0.919776018053325,21.547218808793048,1.6
120903,passing_waveforms_data_mldd/waveforms/event_2015-04-24T09:24:03.468000Z.mseed,AXEC1,2015-04-24T09:24:03.468000Z,2015-04-24T09:24:03.468000Z,1.05,0.51,45.95959,-129.99601,1.522,312.05509510045283,10.631687133214053,0.9790874414095762,9.55247199190656,1.9
120904,passing_waveforms_data_mldd/waveforms/event_2015-04-24T09:24:14.762999Z.mseed,AXEC1,2015-04-24T09:24:14.762999Z,2015-04-24T09:24:14.762999Z,0.91,0.41,45.94782,-129.99492,0.482,261.29717973073303,2.544562429324293,0.953921035450684,11.073886574285414,1.3
120905,passing_waveforms_data_mldd/waveforms/event_2015-04-24T09:24:23.815000Z.mseed,AXEC1,2015-04-24T09:24:23.815000Z,2015-04-24T09:24:23.815000Z,0.92,0.44,45.94191,-129.98422,1.585,203.05355444505383,3.656599547723787,0.9877573954163823,5.34374581020242,1.6
120908,passing_waveforms_data_mldd/waveforms/event_2015-04-24T09:25:05.932999Z.mseed,AXEC1,2015-04-24T09:25:05.932999Z,2015-04-24T09:25:05.932999Z,0.94,0.52,45.94318,-129.99044,1.597,230.20328846511552,5.775691012672028,0.9588391232472407,9.479706715651247,1.9
120909,passing_waveforms_data_mldd/waveforms/event_2015-04-24T09:25:12.554000Z.mseed,AXEC1,2015-04-24T09:25:12.554000Z,2015-04-24T09:25:12.554000Z,1.85,0.92,45.97849,-129.99724,1.422,337.77724830472914,2.065578910011774,0.9715025315298634,2.9499274391517907,2.0
120911,passing_waveforms_data_mldd/waveforms/event_2015-04-24T09:25:33.412999Z.mseed,AXEC1,2015-04-24T09:25:33.412999Z,2015-04-24T09:25:33.412999Z,0.84,0.39,45.9478,-129.99418,0.512,260.71508725376486,6.5499089166639575,0.9645947180869984,7.131358527064814,1.6
120912,passing_waveforms_data_mldd/waveforms/event_2015-04-24T09:25:39.250000Z.mseed,AXEC1,2015-04-24T09:25:39.250000Z,2015-04-24T09:25:39.250000Z,0.78,0.45,45.94295,-129.98967,0.201,227.07839751033686,3.3556287620977567,0.9848586512880249,2.9377185000869077,1.5
120913,passing_waveforms_data_mldd/waveforms/event_2015-04-24T09:25:44.109000Z.mseed,AXEC1,2015-04-24T09:25:44.109000Z,2015-04-24T09:25:44.109000Z,1.52,0.8,45.92117,-129.97303,0.901,171.3984922864911,9.976168982900022,0.978394220684295,10.715017923685801,2.5
120915,passing_waveforms_data_mldd/waveforms/event_2015-04-24T09:26:14.016999Z.mseed,AXEC1,2015-04-24T09:26:14.016999Z,2015-04-24T09:26:14.016999Z,0.9,0.43,45.94286,-129.9893,0.534,225.60915017147556,3.0503281511672555,0.9636402601319607,7.620501635221805,1.7
120917,passing_waveforms_data_mldd/waveforms/event_2015-04-24T09:26:30.498000Z.mseed,AXEC1,2015-04-24T09:26:30.498000Z,2015-04-24T09:26:30.498000Z,0.9,0.39,45.94396,-129.99142,0.306,236.2038614220126,4.040760270333713,0.9672826037332283,3.889648504397613,1.6
120918,passing_waveforms_data_mldd/waveforms/event_2015-04-24T09:26:37.802999Z.mseed,AXEC1,2015-04-24T09:26:37.802999Z,2015-04-24T09:26:37.802999Z,0.89,0.36,45.9466,-129.99259,0.438,252.37281217573823,3.3579157098032493,0.9900027576792417,4.679317085501585,1.4
120920,passing_waveforms_data_mldd/waveforms/event_2015-04-24T09:26:50.841000Z.mseed,AXEC1,2015-04-24T09:26:50.841000Z,2015-04-24T09:26:50.841000Z,0.9,0.47,45.9481,-129.99403,0.577,262.2874276458298,3.3137684004846113,0.8638223525057197,11.60224943817472,1.6
120921,passing_waveforms_data_mldd/waveforms/event_2015-04-24T09:27:07.546000Z.mseed,AXEC1,2015-04-24T09:27:07.546000Z,2015-04-24T09:27:07.546000Z,0.79,0.39,45.94753,-129.99353,0.62,258.71262446926835,9.212661272529518,0.9868444089377575,8.299944833067071,1.5
120924,passing_waveforms_data_mldd/waveforms/event_2015-04-24T09:27:39.584000Z.mseed,AXEC1,2015-04-24T09:27:39.584000Z,2015-04-24T09:27:39.584000Z,0.93,0.42,45.94693,-129.994,0.359,255.83194066467573,12.051062103590738,0.9834935796060281,6.409405358710808,1.7
120926,passing_waveforms_data_mldd/waveforms/event_2015-04-24T09:28:10.653999Z.mseed,AXEC1,2015-04-24T09:28:10.653999Z,2015-04-24T09:28:10.653999Z,0.89,0.48,45.9475,-129.99433,0.638,259.1895843689269,2.2146310812134313,0.9863336197318513,9.629978260525865,1.4
120930,passing_waveforms_data_mldd/waveforms/event_2015-04-24T09:28:39.612000Z.mseed,AXEC1,2015-04-24T09:28:39.612000Z,2015-04-24T09:28:39.612000Z,1.0,0.51,45.93871,-129.98186,1.743,188.59729877217325,2.701439035042511,0.9617733161311975,6.116807651117675,2.4
120935,passing_waveforms_data_mldd/waveforms/event_2015-04-24T09:29:36.765000Z.mseed,AXEC1,2015-04-24T09:29:36.765000Z,2015-04-24T09:29:36.765000Z,2.0,1.05,45.95229,-130.03057,0.744,275.08983442071684,2.168882730874492,0.8614790351611102,16.523652664497728,1.9
120940,passing_waveforms_data_mldd/waveforms/event_2015-04-24T09:30:43.618000Z.mseed,AXEC1,2015-04-24T09:30:43.618000Z,2015-04-24T09:30:43.618000Z,1.19,0.76,45.94219,-130.01256,0.866,252.8476421048551,2.094315979773811,0.9890103886360301,0.5526060217976635,1.5
120942,passing_waveforms_data_mldd/waveforms/event_2015-04-24T09:30:57.896999Z.mseed,AXEC1,2015-04-24T09:30:57.896999Z,2015-04-24T09:30:57.896999Z,0.79,0.37,45.946,-129.99284,0.462,249.37495691951295,11.69667812766491,0.9871047907479557,11.026182501897615,1.9
120944,passing_waveforms_data_mldd/waveforms/event_2015-04-24T09:31:14.612000Z.mseed,AXEC1,2015-04-24T09:31:14.612000Z,2015-04-24T09:31:14.612000Z,1.71,0.84,45.97569,-129.99723,2.352,335.6206223781616,5.511388392021832,0.9844287744643027,3.911132373665622,2.1
120945,passing_waveforms_data_mldd/waveforms/event_2015-04-24T09:31:20.190000Z.mseed,AXEC1,2015-04-24T09:31:20.190000Z,2015-04-24T09:31:20.190000Z,0.93,0.39,45.9466,-129.9945,1.105,254.60897362642558,7.153962983819405,0.8823119937872034,14.228611405851712,1.8
120947,passing_waveforms_data_mldd/waveforms/event_2015-04-24T09:32:09.910000Z.mseed,AXEC1,2015-04-24T09:32:09.910000Z,2015-04-24T09:32:09.910000Z,0.87,0.4,45.94736,-129.99388,0.504,258.0597419040218,4.880140900521192,0.9735329038458383,10.509870387559587,1.4
120949,passing_waveforms_data_mldd/waveforms/event_2015-04-24T09:32:25.766999Z.mseed,AXEC1,2015-04-24T09:32:25.766999Z,2015-04-24T09:32:25.766999Z,0.8,0.37,45.9481,-129.99435,0.574,262.4689480055007,10.96624962814862,0.9874851614520822,7.418182910775454,1.7
120951,passing_waveforms_data_mldd/waveforms/event_2015-04-24T09:32:40.740000Z.mseed,AXEC1,2015-04-24T09:32:40.740000Z,2015-04-24T09:32:40.740000Z,1.02,0.49,45.95683,-129.99521,1.179,304.53801543978886,7.2382295408010044,0.9851149047932768,7.380512892560875,2.1
120952,passing_waveforms_data_mldd/waveforms/event_2015-04-24T09:32:49.271999Z.mseed,AXEC1,2015-04-24T09:32:49.271999Z,2015-04-24T09:32:49.271999Z,1.3,0.64,45.9629,-129.9991,1.431,315.2610820153259,2.956847229030887,0.9791266861605948,9.464871381424581,2.7
120954,passing_waveforms_data_mldd/waveforms/event_2015-04-24T09:33:15.410999Z.mseed,AXEC1,2015-04-24T09:33:15.410999Z,2015-04-24T09:33:15.410999Z,0.97,0.5,45.95361,-129.99307,1.537,294.0794189826769,5.110302978695577,0.9835663935705743,5.131267607993891,2.4
120957,passing_waveforms_data_mldd/waveforms/event_2015-04-24T09:34:15.974999Z.mseed,AXEC1,2015-04-24T09:34:15.974999Z,2015-04-24T09:34:15.974999Z,1.02,0.52,45.94183,-129.98164,2.081,190.61029784864382,5.3434954693658705,0.97462267501212,3.0724686051299694,2.4
120959,passing_waveforms_data_mldd/waveforms/event_2015-04-24T09:34:35.923999Z.mseed,AXEC1,2015-04-24T09:34:35.923999Z,2015-04-24T09:34:35.923999Z,0.97,0.5,45.93977,-129.98223,1.714,190.90432853025624,2.681483464367804,0.9302043699189815,3.284960837783644,1.6
120960,passing_waveforms_data_mldd/waveforms/event_2015-04-24T09:34:43.398000Z.mseed,AXEC1,2015-04-24T09:34:43.398000Z,2015-04-24T09:34:43.398000Z,0.97,0.48,45.94028,-129.97994,1.888,181.73558564386911,7.712391483535921,0.9757728304582283,4.682700306407051,2.1
120965,passing_waveforms_data_mldd/waveforms/event_2015-04-24T09:35:57.540999Z.mseed,AXEC1,2015-04-24T09:35:57.540999Z,2015-04-24T09:35:57.540999Z,1.52,0.72,45.92764,-129.97535,1.686,172.82669619041815,3.22696218987432,0.8061229176755973,27.728885993404493,1.6
120966,passing_waveforms_data_mldd/waveforms/event_2015-04-24T09:36:07.602000Z.mseed,AXEC1,2015-04-24T09:36:07.602000Z,2015-04-24T09:36:07.602000Z,1.14,0.62,45.93272,-129.97775,1.579,176.09013560750776,3.4216122297270113,0.9606954361203209,6.8218730709080075,2.3
120967,passing_waveforms_data_mldd/waveforms/event_2015-04-24T09:36:15.320999Z.mseed,AXEC1,2015-04-24T09:36:15.320999Z,2015-04-24T09:36:15.320999Z,1.01,0.51,45.93698,-129.9788,1.549,177.85101784165772,4.900591493815649,0.9067277226414637,5.4314220904093835,1.5
120970,passing_waveforms_data_mldd/waveforms/event_2015-04-24T09:36:47.131999Z.mseed,AXEC1,2015-04-24T09:36:47.131999Z,2015-04-24T09:36:47.131999Z,0.94,0.48,45.95252,-129.99164,1.555,290.15153500587667,3.8469651829747233,0.9600722841679306,6.456393555503325,1.9
120972,passing_waveforms_data_mldd/waveforms/event_2015-04-24T09:37:12.826000Z.mseed,AXEC1,2015-04-24T09:37:12.826000Z,2015-04-24T09:37:12.826000Z,1.15,0.56,45.96048,-129.99701,1.288,312.78628180604494,8.077477328936084,0.9779540116864575,4.781751883661296,1.7
120976,passing_waveforms_data_mldd/waveforms/event_2015-04-24T09:38:02.105999Z.mseed,AXEC1,2015-04-24T09:38:02.105999Z,2015-04-24T09:38:02.105999Z,0.9,0.5,45.94606,-129.991,1.526,246.64501717441468,4.102741635458538,0.9821017992381907,8.740082761499027,2.1
120980,passing_waveforms_data_mldd/waveforms/event_2015-04-24T09:38:43.835999Z.mseed,AXEC1,2015-04-24T09:38:43.835999Z,2015-04-24T09:38:43.835999Z,1.08,0.48,45.95026,-129.99712,0.242,273.91341496525354,2.8434048094908073,0.9822195886607851,7.8192228411556,1.5
120981,passing_waveforms_data_mldd/waveforms/event_2015-04-24T09:38:52.743999Z.mseed,AXEC1,2015-04-24T09:38:52.743999Z,2015-04-24T09:38:52.743999Z,0.89,0.44,45.94332,-129.98516,1.625,212.02436863937496,3.121665059795057,0.9601387594068514,5.809110777675814,1.9
120982,passing_waveforms_data_mldd/waveforms/event_2015-04-24T09:39:30.910000Z.mseed,AXEC1,2015-04-24T09:39:30.910000Z,2015-04-24T09:39:30.910000Z,0.9,0.46,45.95113,-129.99362,0.907,279.77888621775514,2.2385396602068375,0.9698875783894395,7.25083971372159,2.0
120983,passing_waveforms_data_mldd/waveforms/event_2015-04-24T09:39:43.429000Z.mseed,AXEC1,2015-04-24T09:39:43.429000Z,2015-04-24T09:39:43.429000Z,1.33,0.71,45.9482,-130.01368,0.657,267.3843869446618,2.3587611360049507,0.9744132648340866,13.262170143269671,1.7
120985,passing_waveforms_data_mldd/waveforms/event_2015-04-24T09:40:07.561000Z.mseed,AXEC1,2015-04-24T09:40:07.561000Z,2015-04-24T09:40:07.561000Z,1.12,0.61,45.95935,-129.99647,1.457,310.58085028087464,8.281643628333928,0.8936477911701357,9.364671259263122,1.9
120986,passing_waveforms_data_mldd/waveforms/event_2015-04-24T09:40:16.062000Z.mseed,AXEC1,2015-04-24T09:40:16.062000Z,2015-04-24T09:40:16.062000Z,0.91,0.43,45.94354,-129.99194,0.528,235.43373592360658,5.596762811835488,0.9727329504922589,1.908474056795886,1.7
120990,passing_waveforms_data_mldd/waveforms/event_2015-04-24T09:40:53.118999Z.mseed,AXEC1,2015-04-24T09:40:53.118999Z,2015-04-24T09:40:53.118999Z,1.02,0.53,45.93868,-129.97954,1.82,180.11733956612153,2.333129799420932,0.9869238352096888,5.160225655606114,1.5
120992,passing_waveforms_data_mldd/waveforms/event_2015-04-24T09:41:08.301000Z.mseed,AXEC1,2015-04-24T09:41:08.301000Z,2015-04-24T09:41:08.301000Z,0.9,0.46,45.95386,-129.98993,1.504,301.6631577558929,5.624421969349448,0.9501993423464195,10.09778548518581,2.0
121001,passing_waveforms_data_mldd/waveforms/event_2015-04-24T09:42:50.115000Z.mseed,AXEC1,2015-04-24T09:42:50.115000Z,2015-04-24T09:42:50.115000Z,0.96,0.47,45.95529,-129.99283,1.603,302.65116688391265,7.324841907878088,0.9806992154627296,4.1249340029599315,2.0
121003,passing_waveforms_data_mldd/waveforms/event_2015-04-24T09:43:21.632000Z.mseed,AXEC1,2015-04-24T09:43:21.632000Z,2015-04-24T09:43:21.632000Z,1.43,0.8,45.94388,-130.02068,0.408,259.4426014617243,5.541654759976202,0.9504171117936835,11.339097519911144,2.0
121004,passing_waveforms_data_mldd/waveforms/event_2015-04-24T09:43:28.053000Z.mseed,AXEC1,2015-04-24T09:43:28.053000Z,2015-04-24T09:43:28.053000Z,0.88,0.38,45.956,-129.9916,1.473,308.4287606833823,7.906307684286148,0.993026655809367,9.09684050280993,1.8
121007,passing_waveforms_data_mldd/waveforms/event_2015-04-24T09:43:53.098999Z.mseed,AXEC1,2015-04-24T09:43:53.098999Z,2015-04-24T09:43:53.098999Z,0.96,0.49,45.9454,-129.99598,0.598,250.5030370431175,5.08755368493885,0.9811210489649187,11.27628520188602,1.7
121008,passing_waveforms_data_mldd/waveforms/event_2015-04-24T09:43:58.581000Z.mseed,AXEC1,2015-04-24T09:43:58.581000Z,2015-04-24T09:43:58.581000Z,0.93,0.42,45.94951,-129.9958,0.509,270.3528415231552,3.222250328005388,0.9613650798316888,10.675513482253896,1.4
121010,passing_waveforms_data_mldd/waveforms/event_2015-04-24T09:44:21.391999Z.mseed,AXEC1,2015-04-24T09:44:21.391999Z,2015-04-24T09:44:21.391999Z,0.9,0.4,45.95184,-129.98773,1.751,292.6801820103235,4.5911113330102635,0.975630546511499,1.8249198123401364,1.4
121013,passing_waveforms_data_mldd/waveforms/event_2015-04-24T09:44:56.802999Z.mseed,AXEC1,2015-04-24T09:44:56.802999Z,2015-04-24T09:44:56.802999Z,0.98,0.44,45.94696,-129.98315,2.285,223.27473170815088,3.390160550965578,0.9976191839768308,5.5160886721328035,1.9
121018,passing_waveforms_data_mldd/waveforms/event_2015-04-24T09:45:42.902999Z.mseed,AXEC1,2015-04-24T09:45:42.902999Z,2015-04-24T09:45:42.902999Z,1.21,0.63,45.94905,-129.99725,0.265,268.2315200099488,2.2263035758402503,0.9767453973496607,14.811244769595486,1.8
121019,passing_waveforms_data_mldd/waveforms/event_2015-04-24T09:45:48.441000Z.mseed,AXEC1,2015-04-24T09:45:48.441000Z,2015-04-24T09:45:48.441000Z,0.87,0.4,45.94882,-129.99122,1.533,265.30559888586765,6.961765769014656,0.984315003242154,2.4351531669470425,1.8
121020,passing_waveforms_data_mldd/waveforms/event_2015-04-24T09:45:54.985999Z.mseed,AXEC1,2015-04-24T09:45:54.985999Z,2015-04-24T09:45:54.985999Z,0.85,0.4,45.94418,-129.98948,0.474,232.34582458051258,2.0449936355157554,0.9798858287324579,4.272275448152697,2.4
121024,passing_waveforms_data_mldd/waveforms/event_2015-04-24T09:46:43.665999Z.mseed,AXEC1,2015-04-24T09:46:43.665999Z,2015-04-24T09:46:43.665999Z,1.06,0.49,45.94913,-129.99655,0.405,268.51771256573033,2.253284877299193,0.9775980333483917,8.559707444108916,1.5
121025,passing_waveforms_data_mldd/waveforms/event_2015-04-24T09:46:55.804000Z.mseed,AXEC1,2015-04-24T09:46:55.804000Z,2015-04-24T09:46:55.804000Z,0.83,0.41,45.94521,-129.98494,1.507,220.61724324446027,2.313792266011886,0.9792729243578762,6.806797740145177,1.6
121028,passing_waveforms_data_mldd/waveforms/event_2015-04-24T09:47:17.530999Z.mseed,AXEC1,2015-04-24T09:47:17.530999Z,2015-04-24T09:47:17.530999Z,0.7,0.36,45.94283,-129.98866,0.819,223.5069863237873,2.4446307303641834,0.9537199143569627,7.597228769502078,1.2
121030,passing_waveforms_data_mldd/waveforms/event_2015-04-24T09:47:28.518000Z.mseed,AXEC1,2015-04-24T09:47:28.518000Z,2015-04-24T09:47:28.518000Z,0.68,0.35,45.9427,-129.97814,1.642,171.71517929278662,2.622166136389239,0.9860704545091005,5.791502734374014,1.2
121032,passing_waveforms_data_mldd/waveforms/event_2015-04-24T09:47:46.862999Z.mseed,AXEC1,2015-04-24T09:47:46.862999Z,2015-04-24T09:47:46.862999Z,0.92,0.44,45.94315,-129.98258,1.92,198.05679645535264,6.473299021980584,0.9905520789936018,2.1148291168097253,1.5
121034,passing_waveforms_data_mldd/waveforms/event_2015-04-24T09:48:10.984000Z.mseed,AXEC1,2015-04-24T09:48:10.984000Z,2015-04-24T09:48:10.984000Z,1.01,0.43,45.95216,-129.99662,0.267,283.04115398972965,7.003647993956486,0.9392011829597154,7.768896076636908,1.6
121039,passing_waveforms_data_mldd/waveforms/event_2015-04-24T09:48:55.268999Z.mseed,AXEC1,2015-04-24T09:48:55.268999Z,2015-04-24T09:48:55.268999Z,0.89,0.4,45.9408,-129.97614,0.117,164.90882611407767,3.650286580329764,0.9823411863187795,3.5270149170525595,1.4
121041,passing_waveforms_data_mldd/waveforms/event_2015-04-24T09:49:04.759999Z.mseed,AXEC1,2015-04-24T09:49:04.759999Z,2015-04-24T09:49:04.759999Z,0.87,0.45,45.94519,-129.99277,0.428,244.99823461539347,4.342347693207113,0.9367870040145596,5.152096837768263,1.6
121042,passing_waveforms_data_mldd/waveforms/event_2015-04-24T09:49:14.496000Z.mseed,AXEC1,2015-04-24T09:49:14.496000Z,2015-04-24T09:49:14.496000Z,0.93,0.46,45.94788,-129.99419,0.465,261.162269099116,3.0060067859351998,0.9671236456671575,11.551317519478923,1.9
121045,passing_waveforms_data_mldd/waveforms/event_2015-04-24T09:50:04.099000Z.mseed,AXEC1,2015-04-24T09:50:04.099000Z,2015-04-24T09:50:04.099000Z,1.6,0.74,45.97417,-129.99819,1.034,333.03855377684584,5.889416286991644,0.9517706127882983,10.247029273141312,1.9
121048,passing_waveforms_data_mldd/waveforms/event_2015-04-24T09:50:53.332000Z.mseed,AXEC1,2015-04-24T09:50:53.332000Z,2015-04-24T09:50:53.332000Z,1.32,0.73,45.93922,-130.01172,0.378,245.83437693994486,3.2275785670533983,0.9395220543085482,5.2457425761805645,1.5
121050,passing_waveforms_data_mldd/waveforms/event_2015-04-24T09:51:13.516000Z.mseed,AXEC1,2015-04-24T09:51:13.516000Z,2015-04-24T09:51:13.516000Z,0.81,0.36,45.94471,-129.98917,0.408,234.31021456835498,2.5313685648808995,0.9893737007842132,3.3126660311629146,1.3
121051,passing_waveforms_data_mldd/waveforms/event_2015-04-24T09:51:18.426999Z.mseed,AXEC1,2015-04-24T09:51:18.426999Z,2015-04-24T09:51:18.426999Z,0.91,0.42,45.94333,-129.98919,0.619,227.3550935621135,2.355262155708135,0.9746953504102216,1.6833573412655463,1.3
121052,passing_waveforms_data_mldd/waveforms/event_2015-04-24T09:51:23.725999Z.mseed,AXEC1,2015-04-24T09:51:23.725999Z,2015-04-24T09:51:23.725999Z,0.75,0.34,45.94751,-129.98481,1.563,240.56168112292542,8.332838585531144,0.9879219643158099,3.7597492043375143,1.4
121054,passing_waveforms_data_mldd/waveforms/event_2015-04-24T09:51:38.930999Z.mseed,AXEC1,2015-04-24T09:51:38.930999Z,2015-04-24T09:51:38.930999Z,0.35,0.05,45.9491,-129.97844,0.335,119.34362860148542,2.843949498499655,0.7741926547009021,28.15292818793525,1.4
121056,passing_waveforms_data_mldd/waveforms/event_2015-04-24T09:51:56.706000Z.mseed,AXEC1,2015-04-24T09:51:56.706000Z,2015-04-24T09:51:56.706000Z,1.14,0.58,45.95092,-130.00371,0.54,275.28724006551994,3.8268721634283684,0.8168821811860143,13.017209223776915,1.6
121060,passing_waveforms_data_mldd/waveforms/event_2015-04-24T09:52:39.851999Z.mseed,AXEC1,2015-04-24T09:52:39.851999Z,2015-04-24T09:52:39.851999Z,0.85,0.42,45.9485,-129.99444,0.511,264.7132681642434,10.410724955789718,0.943155357125572,5.731308676870325,1.7
121064,passing_waveforms_data_mldd/waveforms/event_2015-04-24T09:53:19.699999Z.mseed,AXEC1,2015-04-24T09:53:19.699999Z,2015-04-24T09:53:19.699999Z,2.87,2.45,45.94171,-129.98863,1.47,219.0712716798129,9.782261357162772,0.9712995631949559,7.389676678780872,1.9
121066,passing_waveforms_data_mldd/waveforms/event_2015-04-24T09:53:43.009999Z.mseed,AXEC1,2015-04-24T09:53:43.009999Z,2015-04-24T09:53:43.009999Z,0.86,0.43,45.94166,-129.98716,0.807,214.01528234345415,5.060779884338869,0.931984539583172,6.290616985630561,1.5
121068,passing_waveforms_data_mldd/waveforms/event_2015-04-24T09:53:56.468000Z.mseed,AXEC1,2015-04-24T09:53:56.468000Z,2015-04-24T09:53:56.468000Z,0.91,0.38,45.94779,-129.99399,0.433,260.52917476821983,2.3756763351360988,0.9209346245148352,8.199141148685793,1.5
121069,passing_waveforms_data_mldd/waveforms/event_2015-04-24T09:54:02.307999Z.mseed,AXEC1,2015-04-24T09:54:02.307999Z,2015-04-24T09:54:02.307999Z,1.01,0.49,45.94103,-129.98643,1.785,209.47831569811595,2.4787311129634313,0.8853560485409718,10.632266938931506,1.5
121070,passing_waveforms_data_mldd/waveforms/event_2015-04-24T09:54:07.780999Z.mseed,AXEC1,2015-04-24T09:54:07.780999Z,2015-04-24T09:54:07.780999Z,1.12,0.53,45.95838,-129.99492,1.456,310.3664068828922,2.558391053605723,0.9636534813476975,8.085802425673002,1.6
121074,passing_waveforms_data_mldd/waveforms/event_2015-04-24T09:54:43.289000Z.mseed,AXEC1,2015-04-24T09:54:43.289000Z,2015-04-24T09:54:43.289000Z,0.85,0.37,45.94574,-129.9936,0.369,249.1043704604688,5.427359045095631,0.9754783365140873,3.7477279681933,1.7
121078,passing_waveforms_data_mldd/waveforms/event_2015-04-24T09:55:03.633999Z.mseed,AXEC1,2015-04-24T09:55:03.633999Z,2015-04-24T09:55:03.633999Z,1.1,0.6,45.95693,-129.99099,2.173,313.7337513182887,5.97799016963136,0.9760686833273313,3.3134566571430084,2.1
121079,passing_waveforms_data_mldd/waveforms/event_2015-04-24T09:55:11.009000Z.mseed,AXEC1,2015-04-24T09:55:11.009000Z,2015-04-24T09:55:11.009000Z,1.04,0.54,45.93749,-129.97957,1.725,180.2742607383886,2.3987868495428657,0.7725741502931157,15.255692924727802,1.5
121082,passing_waveforms_data_mldd/waveforms/event_2015-04-24T09:55:44.213999Z.mseed,AXEC1,2015-04-24T09:55:44.213999Z,2015-04-24T09:55:44.213999Z,0.83,0.37,45.94709,-129.99397,0.464,256.66539748791536,5.3808000182316285,0.9946463248864684,3.7078702869174744,1.8
121089,passing_waveforms_data_mldd/waveforms/event_2015-04-24T09:56:38.929999Z.mseed,AXEC1,2015-04-24T09:56:38.929999Z,2015-04-24T09:56:38.929999Z,0.88,0.38,45.94555,-129.99137,0.581,244.3711611395553,3.3471062010792125,0.98679858742706,8.14727107701044,1.6
121096,passing_waveforms_data_mldd/waveforms/event_2015-04-24T09:57:42.195000Z.mseed,AXEC1,2015-04-24T09:57:42.195000Z,2015-04-24T09:57:42.195000Z,1.17,0.74,45.93212,-129.98008,0.902,181.5741192528023,3.056187923127503,0.9596585352132009,1.9683401640230487,1.8
121097,passing_waveforms_data_mldd/waveforms/event_2015-04-24T09:57:47.343000Z.mseed,AXEC1,2015-04-24T09:57:47.343000Z,2015-04-24T09:57:47.343000Z,0.89,0.41,45.94687,-129.99423,0.381,255.74031243619132,5.406459722680122,0.9575946406838819,12.049605009255052,1.4
121098,passing_waveforms_data_mldd/waveforms/event_2015-04-24T09:57:52.143999Z.mseed,AXEC1,2015-04-24T09:57:52.143999Z,2015-04-24T09:57:52.143999Z,0.9,0.41,45.947,-129.99173,2.219,253.6188024783479,2.6072982914745437,0.763602138396422,21.686150900906263,1.4
121100,passing_waveforms_data_mldd/waveforms/event_2015-04-24T09:58:15.650999Z.mseed,AXEC1,2015-04-24T09:58:15.650999Z,2015-04-24T09:58:15.650999Z,0.76,0.29,45.94287,-129.98852,0.579,223.22697686426218,3.9583917901588404,0.9983567641384221,2.887800762172367,1.7
121103,passing_waveforms_data_mldd/waveforms/event_2015-04-24T09:58:40.701999Z.mseed,AXEC1,2015-04-24T09:58:40.701999Z,2015-04-24T09:58:40.701999Z,0.93,0.45,45.94995,-129.98602,1.86,275.50392094575966,2.0968513036753205,0.9952849395219661,1.5348674975707326,2.5
121104,passing_waveforms_data_mldd/waveforms/event_2015-04-24T09:58:54.948999Z.mseed,AXEC1,2015-04-24T09:58:54.948999Z,2015-04-24T09:58:54.948999Z,0.92,0.41,45.94241,-129.98997,0.44,225.68531961606467,2.240176587332021,0.9586871977583988,5.821607552146592,1.5
121105,passing_waveforms_data_mldd/waveforms/event_2015-04-24T09:59:05.286999Z.mseed,AXEC1,2015-04-24T09:59:05.286999Z,2015-04-24T09:59:05.286999Z,0.97,0.45,45.94755,-129.99437,0.385,259.4892627227573,3.646144148287938,0.981678740524208,5.611254743914178,1.7
121108,passing_waveforms_data_mldd/waveforms/event_2015-04-24T09:59:48.759000Z.mseed,AXEC1,2015-04-24T09:59:48.759000Z,2015-04-24T09:59:48.759000Z,0.98,0.5,45.94134,-129.98164,1.945,190.0319654261345,4.233090718185784,0.9810292289964964,3.3942181588173894,1.8
121109,passing_waveforms_data_mldd/waveforms/event_2015-04-24T10:00:01.850000Z.mseed,AXEC1,2015-04-24T10:00:01.850000Z,2015-04-24T10:00:01.850000Z,0.88,0.43,45.94634,-129.99379,0.475,252.46485106175342,6.826635491282607,0.9478323676238507,3.5933104528340305,1.3
121111,passing_waveforms_data_mldd/waveforms/event_2015-04-24T10:00:15.205999Z.mseed,AXEC1,2015-04-24T10:00:15.205999Z,2015-04-24T10:00:15.205999Z,1.63,0.91,45.93941,-130.02262,0.659,251.95907122739965,3.272726411462139,0.893484756073001,16.666918882764204,1.9
121112,passing_waveforms_data_mldd/waveforms/event_2015-04-24T10:00:22.621999Z.mseed,AXEC1,2015-04-24T10:00:22.621999Z,2015-04-24T10:00:22.621999Z,1.01,0.5,45.94091,-129.98237,1.946,192.8299410699545,2.8780533386987774,0.9780387759179827,3.4056918505471234,1.6
121115,passing_waveforms_data_mldd/waveforms/event_2015-04-24T10:00:54.298000Z.mseed,AXEC1,2015-04-24T10:00:54.298000Z,2015-04-24T10:00:54.298000Z,0.93,0.54,45.94256,-129.99095,0.529,228.89572269235788,4.04987881085074,0.9161063115047021,8.173599658845992,1.5
121117,passing_waveforms_data_mldd/waveforms/event_2015-04-24T10:01:14.148999Z.mseed,AXEC1,2015-04-24T10:01:14.148999Z,2015-04-24T10:01:14.148999Z,1.27,0.6,45.96373,-129.99939,1.847,316.56789507002645,6.036978716860766,0.9817206049500212,10.641187004015006,1.7
121119,passing_waveforms_data_mldd/waveforms/event_2015-04-24T10:01:43.087000Z.mseed,AXEC1,2015-04-24T10:01:43.087000Z,2015-04-24T10:01:43.087000Z,1.01,0.45,45.95047,-129.99752,0.307,274.80590905877693,11.103756619202805,0.9939327828923011,8.760088644084725,1.8
121121,passing_waveforms_data_mldd/waveforms/event_2015-04-24T10:02:16.490999Z.mseed,AXEC1,2015-04-24T10:02:16.490999Z,2015-04-24T10:02:16.490999Z,1.13,0.6,45.93314,-129.9796,1.547,180.46089454327029,2.0379226155315715,0.9103067788822945,2.866096249063686,1.7
121122,passing_waveforms_data_mldd/waveforms/event_2015-04-24T10:02:24.745999Z.mseed,AXEC1,2015-04-24T10:02:24.745999Z,2015-04-24T10:02:24.745999Z,0.89,0.43,45.94296,-129.9835,1.718,202.52834557125252,7.5298026529033955,0.9742354876439271,2.428390282964855,2.1
121123,passing_waveforms_data_mldd/waveforms/event_2015-04-24T10:02:29.434000Z.mseed,AXEC1,2015-04-24T10:02:29.434000Z,2015-04-24T10:02:29.434000Z,1.19,0.65,45.93175,-129.97797,1.587,176.83082303631426,3.2219647688840194,0.9385694879004486,7.957440596703267,2.5
121126,passing_waveforms_data_mldd/waveforms/event_2015-04-24T10:03:20.167000Z.mseed,AXEC1,2015-04-24T10:03:20.167000Z,2015-04-24T10:03:20.167000Z,0.85,0.42,45.94465,-129.9923,0.622,241.42104555481765,6.829566082716223,0.9852907131024461,8.701847036074653,1.8
121127,passing_waveforms_data_mldd/waveforms/event_2015-04-24T10:03:38.215000Z.mseed,AXEC1,2015-04-24T10:03:38.215000Z,2015-04-24T10:03:38.215000Z,0.89,0.44,45.9499,-129.99418,0.749,272.5239770600408,4.099534785195578,0.9783353919558466,10.227204950822573,2.4
121129,passing_waveforms_data_mldd/waveforms/event_2015-04-24T10:03:56.637000Z.mseed,AXEC1,2015-04-24T10:03:56.637000Z,2015-04-24T10:03:56.637000Z,0.79,0.35,45.94635,-129.99381,0.51,252.54154316838543,5.410410547183195,0.940745764650525,12.716128878440303,1.3
121130,passing_waveforms_data_mldd/waveforms/event_2015-04-24T10:04:01.157999Z.mseed,AXEC1,2015-04-24T10:04:01.157999Z,2015-04-24T10:04:01.157999Z,0.99,0.51,45.93939,-129.97961,1.804,180.3510540161218,4.592131768464176,0.9199857641532361,5.9865159357881845,1.3
121137,passing_waveforms_data_mldd/waveforms/event_2015-04-24T10:05:24.812999Z.mseed,AXEC1,2015-04-24T10:05:24.812999Z,2015-04-24T10:05:24.812999Z,0.95,0.45,45.95488,-129.99376,1.528,299.0969691883597,3.895897085213395,0.8853019067485739,10.485897838688457,1.2
121138,passing_waveforms_data_mldd/waveforms/event_2015-04-24T10:05:33.338000Z.mseed,AXEC1,2015-04-24T10:05:33.338000Z,2015-04-24T10:05:33.338000Z,0.86,0.46,45.94634,-129.99431,0.646,253.0734800469732,5.796511535923003,0.9851495441370686,5.20347266993595,1.7
121140,passing_waveforms_data_mldd/waveforms/event_2015-04-24T10:06:09.881000Z.mseed,AXEC1,2015-04-24T10:06:09.881000Z,2015-04-24T10:06:09.881000Z,1.26,0.7,45.92885,-129.97598,1.596,173.56640653301633,2.670350869062349,0.9647246388292616,7.299973688186158,2.2
121142,passing_waveforms_data_mldd/waveforms/event_2015-04-24T10:06:41.930999Z.mseed,AXEC1,2015-04-24T10:06:41.930999Z,2015-04-24T10:06:41.930999Z,1.18,0.6,45.95878,-129.99326,2.132,314.91664639814843,4.564962258590763,0.9928565743711502,3.424390765049377,2.3
121149,passing_waveforms_data_mldd/waveforms/event_2015-04-24T10:08:15.826000Z.mseed,AXEC1,2015-04-24T10:08:15.826000Z,2015-04-24T10:08:15.826000Z,0.99,0.47,45.95483,-129.99833,1.631,292.70990237741034,7.0961762811536495,0.9925346829887942,8.375236146199684,1.7
121151,passing_waveforms_data_mldd/waveforms/event_2015-04-24T10:08:37.506000Z.mseed,AXEC1,2015-04-24T10:08:37.506000Z,2015-04-24T10:08:37.506000Z,1.06,0.63,45.94527,-129.98923,2.369,237.75150642519722,5.344240328010611,0.9545846278322033,4.592315660533634,1.7
121155,passing_waveforms_data_mldd/waveforms/event_2015-04-24T10:09:35.776000Z.mseed,AXEC1,2015-04-24T10:09:35.776000Z,2015-04-24T10:09:35.776000Z,0.99,0.51,45.93831,-129.98643,1.68,203.32293009281022,4.0291093204219255,0.9375778645596311,8.516962555196017,1.7
121157,passing_waveforms_data_mldd/waveforms/event_2015-04-24T10:09:49.654000Z.mseed,AXEC1,2015-04-24T10:09:49.654000Z,2015-04-24T10:09:49.654000Z,1.87,0.94,45.9509,-130.02905,0.975,272.9178673399703,2.3015344911357962,0.9155674625945888,5.688201004071627,1.9
121159,passing_waveforms_data_mldd/waveforms/event_2015-04-24T10:10:09.148999Z.mseed,AXEC1,2015-04-24T10:10:09.148999Z,2015-04-24T10:10:09.148999Z,1.01,0.48,45.94596,-129.98815,1.942,239.15197482590605,2.4963760475032073,0.9889120280199388,8.53848039374657,1.8
121161,passing_waveforms_data_mldd/waveforms/event_2015-04-24T10:10:32.021999Z.mseed,AXEC1,2015-04-24T10:10:32.021999Z,2015-04-24T10:10:32.021999Z,0.93,0.46,45.954,-129.99175,1.561,298.44678803936444,9.862275812444121,0.9169460352133313,2.897111276057864,2.2
121163,passing_waveforms_data_mldd/waveforms/event_2015-04-24T10:11:14.317999Z.mseed,AXEC1,2015-04-24T10:11:14.317999Z,2015-04-24T10:11:14.317999Z,0.89,0.44,45.94414,-129.98679,1.565,222.98305642983448,2.3801220294949514,0.9496756799618141,4.314141933972798,2.6
121165,passing_waveforms_data_mldd/waveforms/event_2015-04-24T10:11:28.100000Z.mseed,AXEC1,2015-04-24T10:11:28.100000Z,2015-04-24T10:11:28.100000Z,0.9,0.38,45.9454,-129.99266,0.442,245.89511274737583,8.192417506894959,0.9040748332144031,2.8195431744073294,1.5
121169,passing_waveforms_data_mldd/waveforms/event_2015-04-24T10:11:54.140000Z.mseed,AXEC1,2015-04-24T10:11:54.140000Z,2015-04-24T10:11:54.140000Z,0.86,0.41,45.94306,-129.98964,0.554,227.47072737450887,3.5794233526632073,0.9762833089492154,5.99259858956143,1.8
121170,passing_waveforms_data_mldd/waveforms/event_2015-04-24T10:12:07.155000Z.mseed,AXEC1,2015-04-24T10:12:07.155000Z,2015-04-24T10:12:07.155000Z,1.49,1.04,45.93017,-129.98442,0.12,190.33470787560503,8.401317688753323,0.8736871721606886,25.271053454614307,1.1
121172,passing_waveforms_data_mldd/waveforms/event_2015-04-24T10:12:28.439000Z.mseed,AXEC1,2015-04-24T10:12:28.439000Z,2015-04-24T10:12:28.439000Z,1.31,0.81,45.93297,-130.00851,0.047,231.14466643397952,3.5338434631680533,0.7682084920081861,27.128899344284957,1.5
121173,passing_waveforms_data_mldd/waveforms/event_2015-04-24T10:12:35.569000Z.mseed,AXEC1,2015-04-24T10:12:35.569000Z,2015-04-24T10:12:35.569000Z,0.96,0.48,45.94011,-129.98874,1.359,214.3685996440847,2.784194314627067,0.9448463475362936,2.7361406330664404,1.7
121174,passing_waveforms_data_mldd/waveforms/event_2015-04-24T10:12:43.609999Z.mseed,AXEC1,2015-04-24T10:12:43.609999Z,2015-04-24T10:12:43.609999Z,0.95,0.44,45.95411,-129.98698,2.067,312.442430285907,5.0500549526819505,0.9838344838779923,5.042351333674669,1.5
121178,passing_waveforms_data_mldd/waveforms/event_2015-04-24T10:13:30.425999Z.mseed,AXEC1,2015-04-24T10:13:30.425999Z,2015-04-24T10:13:30.425999Z,1.04,0.44,45.96031,-129.99556,1.567,314.83667310216157,8.380609974116343,0.9712688769691812,10.071171695619451,2.0
121180,passing_waveforms_data_mldd/waveforms/event_2015-04-24T10:14:08.102000Z.mseed,AXEC1,2015-04-24T10:14:08.102000Z,2015-04-24T10:14:08.102000Z,0.9,0.48,45.95195,-129.99259,1.432,285.47541948839023,3.987921466151613,0.9154873389388205,8.057588955711616,1.7
121183,passing_waveforms_data_mldd/waveforms/event_2015-04-24T10:14:52.982999Z.mseed,AXEC1,2015-04-24T10:14:52.982999Z,2015-04-24T10:14:52.982999Z,0.87,0.42,45.9432,-129.98826,1.644,223.8126220890643,6.456434329992494,0.9749074968934516,10.48102964111765,1.5
121187,passing_waveforms_data_mldd/waveforms/event_2015-04-24T10:15:35.082999Z.mseed,AXEC1,2015-04-24T10:15:35.082999Z,2015-04-24T10:15:35.082999Z,0.81,0.37,45.95145,-129.97745,1.856,40.70982816811238,7.37098742982268,0.9668251396487468,9.376208904028372,1.6
121193,passing_waveforms_data_mldd/waveforms/event_2015-04-24T10:16:43.725999Z.mseed,AXEC1,2015-04-24T10:16:43.725999Z,2015-04-24T10:16:43.725999Z,1.63,0.9,45.92152,-129.98175,0.711,183.62286060256037,2.723249463277197,0.9811958829400259,7.782892702423032,1.8
121194,passing_waveforms_data_mldd/waveforms/event_2015-04-24T10:16:48.938000Z.mseed,AXEC1,2015-04-24T10:16:48.938000Z,2015-04-24T10:16:48.938000Z,0.86,0.43,45.94534,-129.99282,0.51,245.8518977422145,3.605439215833508,0.9979320223226796,7.361001674813254,2.0
121196,passing_waveforms_data_mldd/waveforms/event_2015-04-24T10:16:59.392000Z.mseed,AXEC1,2015-04-24T10:16:59.392000Z,2015-04-24T10:16:59.392000Z,0.94,0.42,45.9455,-129.99299,0.322,246.9551942800513,2.7878608560268283,0.9844788839223912,6.963499094351187,1.4
121198,passing_waveforms_data_mldd/waveforms/event_2015-04-24T10:17:36.273000Z.mseed,AXEC1,2015-04-24T10:17:36.273000Z,2015-04-24T10:17:36.273000Z,1.57,0.81,45.94126,-130.0145,0.603,251.79932003203592,2.3141343219155015,0.9900848752948563,23.91320882067327,2.0
121204,passing_waveforms_data_mldd/waveforms/event_2015-04-24T10:18:53.984999Z.mseed,AXEC1,2015-04-24T10:18:53.984999Z,2015-04-24T10:18:53.984999Z,0.91,0.49,45.94518,-129.99374,0.678,246.51715256225475,3.93385141495939,0.9447396718732091,5.491618074461905,1.6
121205,passing_waveforms_data_mldd/waveforms/event_2015-04-24T10:19:01.248000Z.mseed,AXEC1,2015-04-24T10:19:01.248000Z,2015-04-24T10:19:01.248000Z,1.29,0.67,45.92885,-129.97664,1.577,174.82294764097134,4.288147877641911,0.8994018896591173,7.550551094651915,1.8
121206,passing_waveforms_data_mldd/waveforms/event_2015-04-24T10:19:16.408000Z.mseed,AXEC1,2015-04-24T10:19:16.408000Z,2015-04-24T10:19:16.408000Z,1.26,0.78,45.94359,-130.0146,0.973,256.8944013592685,2.647250637728166,0.9221154085850086,8.026398143801584,1.6
121209,passing_waveforms_data_mldd/waveforms/event_2015-04-24T10:19:41.387999Z.mseed,AXEC1,2015-04-24T10:19:41.387999Z,2015-04-24T10:19:41.387999Z,1.4,0.95,45.93192,-129.98471,0.112,191.90132068355075,9.383041607858551,0.9889243328637071,4.492812655887539,2.0
121211,passing_waveforms_data_mldd/waveforms/event_2015-04-24T10:20:05.283999Z.mseed,AXEC1,2015-04-24T10:20:05.283999Z,2015-04-24T10:20:05.283999Z,1.04,0.45,45.95052,-129.99992,0.819,274.5243140752767,14.012057634854493,0.9444249644670536,12.252152877262175,1.8
121213,passing_waveforms_data_mldd/waveforms/event_2015-04-24T10:20:20.132000Z.mseed,AXEC1,2015-04-24T10:20:20.132000Z,2015-04-24T10:20:20.132000Z,1.11,0.6,45.94678,-130.01194,1.465,263.61888200007564,14.666889869690454,0.9850986091364691,4.39062228580332,1.8
121214,passing_waveforms_data_mldd/waveforms/event_2015-04-24T10:20:26.686000Z.mseed,AXEC1,2015-04-24T10:20:26.686000Z,2015-04-24T10:20:26.686000Z,0.86,0.41,45.94772,-129.99297,0.744,259.3475018711623,4.28767049394187,0.9764526252035843,1.868920904245369,2.2
121221,passing_waveforms_data_mldd/waveforms/event_2015-04-24T10:21:43.057999Z.mseed,AXEC1,2015-04-24T10:21:43.057999Z,2015-04-24T10:21:43.057999Z,0.88,0.44,45.94372,-129.98233,1.636,198.0895742963482,3.043881234152029,0.8408935144115397,7.748799632735975,1.3
121222,passing_waveforms_data_mldd/waveforms/event_2015-04-24T10:21:49.771000Z.mseed,AXEC1,2015-04-24T10:21:49.771000Z,2015-04-24T10:21:49.771000Z,0.93,0.46,45.94331,-129.98434,1.755,208.01054784076874,2.211880161216623,0.9779300414892026,4.1686200842984595,1.8
121226,passing_waveforms_data_mldd/waveforms/event_2015-04-24T10:22:20.208999Z.mseed,AXEC1,2015-04-24T10:22:20.208999Z,2015-04-24T10:22:20.208999Z,1.3,0.98,45.94214,-130.01756,0.24,254.98531601886282,4.312675984627218,0.9481937614438696,11.669842605814358,1.4
121227,passing_waveforms_data_mldd/waveforms/event_2015-04-24T10:22:25.227000Z.mseed,AXEC1,2015-04-24T10:22:25.227000Z,2015-04-24T10:22:25.227000Z,1.13,0.58,45.93399,-129.97794,1.591,176.200109961026,2.4987762847608814,0.9623850839245974,10.79529191350929,1.8
121230,passing_waveforms_data_mldd/waveforms/event_2015-04-24T10:22:50.176000Z.mseed,AXEC1,2015-04-24T10:22:50.176000Z,2015-04-24T10:22:50.176000Z,1.0,0.56,45.95489,-129.9959,0.885,295.8796524146531,3.0721153222768214,0.9461321555782207,11.320719955500724,1.7
121239,passing_waveforms_data_mldd/waveforms/event_2015-04-24T10:25:36.776000Z.mseed,AXEC1,2015-04-24T10:25:36.776000Z,2015-04-24T10:25:36.776000Z,0.86,0.44,45.94541,-129.99273,0.487,246.06455048184864,4.633724174457279,0.9918195901070492,3.323652588773956,1.5
121244,passing_waveforms_data_mldd/waveforms/event_2015-04-24T10:26:11.595000Z.mseed,AXEC1,2015-04-24T10:26:11.595000Z,2015-04-24T10:26:11.595000Z,0.91,0.45,45.94285,-129.98366,1.706,203.02244601469187,5.557051345505927,0.9717904759072395,3.7550531029768197,1.7
121246,passing_waveforms_data_mldd/waveforms/event_2015-04-24T10:26:32.640000Z.mseed,AXEC1,2015-04-24T10:26:32.640000Z,2015-04-24T10:26:32.640000Z,0.89,0.46,45.94265,-129.98373,1.573,202.78675405968653,2.662102636612452,0.9824957636201789,4.747490381779741,1.6
121248,passing_waveforms_data_mldd/waveforms/event_2015-04-24T10:26:44.072000Z.mseed,AXEC1,2015-04-24T10:26:44.072000Z,2015-04-24T10:26:44.072000Z,1.42,0.82,45.94485,-130.02097,0.877,261.388826890242,2.0227244352343967,0.9422955436704543,3.7007833400262893,1.3
121250,passing_waveforms_data_mldd/waveforms/event_2015-04-24T10:26:56.899000Z.mseed,AXEC1,2015-04-24T10:26:56.899000Z,2015-04-24T10:26:56.899000Z,0.89,0.45,45.94674,-129.99676,0.583,257.2880892198559,9.513042758790423,0.9374275174965431,14.683180068738857,1.4
121251,passing_waveforms_data_mldd/waveforms/event_2015-04-24T10:27:04.341999Z.mseed,AXEC1,2015-04-24T10:27:04.341999Z,2015-04-24T10:27:04.341999Z,0.98,0.43,45.94868,-129.99239,1.796,264.9033445225234,7.205768875685371,0.8000033021558575,4.562955231008148,1.4
121254,passing_waveforms_data_mldd/waveforms/event_2015-04-24T10:27:20.693999Z.mseed,AXEC1,2015-04-24T10:27:20.693999Z,2015-04-24T10:27:20.693999Z,0.84,0.45,45.94061,-129.99022,1.724,219.99654174653725,3.467394334518684,0.8726759047532519,11.412882732642883,1.1
121257,passing_waveforms_data_mldd/waveforms/event_2015-04-24T10:27:49.061999Z.mseed,AXEC1,2015-04-24T10:27:49.061999Z,2015-04-24T10:27:49.061999Z,0.9,0.42,45.95405,-129.9921,1.689,298.0386627692385,8.79734127276908,0.9774037087988576,12.513321482613431,1.4
121259,passing_waveforms_data_mldd/waveforms/event_2015-04-24T10:27:54.692999Z.mseed,AXEC1,2015-04-24T10:27:54.692999Z,2015-04-24T10:27:54.692999Z,0.85,0.4,45.94357,-129.98914,0.411,228.32270478557282,4.22317523903825,0.917880311416721,6.485800831589278,1.4
121261,passing_waveforms_data_mldd/waveforms/event_2015-04-24T10:28:43.603000Z.mseed,AXEC1,2015-04-24T10:28:43.603000Z,2015-04-24T10:28:43.603000Z,1.25,0.83,45.93516,-130.00672,0.252,233.29893517558074,2.7344739886951963,0.9163724265585635,2.5062698142315583,1.2
121263,passing_waveforms_data_mldd/waveforms/event_2015-04-24T10:29:03.746000Z.mseed,AXEC1,2015-04-24T10:29:03.746000Z,2015-04-24T10:29:03.746000Z,0.92,0.46,45.94748,-129.99446,0.462,259.1815258442508,4.081115452976352,0.9716725619878238,7.951723553499074,2.0
121265,passing_waveforms_data_mldd/waveforms/event_2015-04-24T10:29:23.981000Z.mseed,AXEC1,2015-04-24T10:29:23.981000Z,2015-04-24T10:29:23.981000Z,0.83,0.36,45.95423,-129.99622,0.498,292.6859690607762,3.611170713032029,0.8177613669599443,3.9857629737244173,2.1
121266,passing_waveforms_data_mldd/waveforms/event_2015-04-24T10:29:36.078000Z.mseed,AXEC1,2015-04-24T10:29:36.078000Z,2015-04-24T10:29:36.078000Z,1.17,0.61,45.95849,-129.99802,1.33,305.5981530727871,2.2989727121128976,0.8634084368930572,9.821861991276903,2.2
121269,passing_waveforms_data_mldd/waveforms/event_2015-04-24T10:30:09.596999Z.mseed,AXEC1,2015-04-24T10:30:09.596999Z,2015-04-24T10:30:09.596999Z,1.0,0.51,45.93915,-129.98963,1.769,214.29897201057096,4.359361475925355,0.9880960007799463,5.602580305525037,1.5
121270,passing_waveforms_data_mldd/waveforms/event_2015-04-24T10:30:19.506000Z.mseed,AXEC1,2015-04-24T10:30:19.506000Z,2015-04-24T10:30:19.506000Z,1.59,0.82,45.94154,-130.02456,0.927,256.31183768297205,3.2904661044358736,0.9669960281937853,21.990427762612224,2.1
121274,passing_waveforms_data_mldd/waveforms/event_2015-04-24T10:31:05.232000Z.mseed,AXEC1,2015-04-24T10:31:05.232000Z,2015-04-24T10:31:05.232000Z,0.77,0.33,45.94307,-129.98894,0.132,225.42354800189287,4.191728162416625,0.878531970195104,7.34743083644909,1.1
121276,passing_waveforms_data_mldd/waveforms/event_2015-04-24T10:31:17.611999Z.mseed,AXEC1,2015-04-24T10:31:17.611999Z,2015-04-24T10:31:17.611999Z,1.08,0.55,45.96008,-129.99735,1.477,311.1719962237437,9.814608580655218,0.931474525973238,6.591632361193572,1.9
121277,passing_waveforms_data_mldd/waveforms/event_2015-04-24T10:31:27.589999Z.mseed,AXEC1,2015-04-24T10:31:27.589999Z,2015-04-24T10:31:27.589999Z,1.31,0.64,45.96396,-129.99661,1.685,321.35253452765494,2.5000873123465452,0.9380339085938361,4.59228291673308,1.7
121283,passing_waveforms_data_mldd/waveforms/event_2015-04-24T10:32:05.692000Z.mseed,AXEC1,2015-04-24T10:32:05.692000Z,2015-04-24T10:32:05.692000Z,1.03,0.43,45.9505,-129.99686,0.343,275.1054012240518,8.493917385729333,0.9897326122526896,2.684508809254731,1.6
121288,passing_waveforms_data_mldd/waveforms/event_2015-04-24T10:32:38.265999Z.mseed,AXEC1,2015-04-24T10:32:38.265999Z,2015-04-24T10:32:38.265999Z,1.05,0.53,45.93447,-129.97698,2.205,173.54499683553644,8.606020330449327,0.9875850438577869,8.485610102049586,2.2
121292,passing_waveforms_data_mldd/waveforms/event_2015-04-24T10:33:21.689000Z.mseed,AXEC1,2015-04-24T10:33:21.689000Z,2015-04-24T10:33:21.689000Z,0.94,0.43,45.95021,-129.99611,0.442,273.86028555794337,5.537879637842098,0.9520553145835375,12.141587993259247,1.5
121297,passing_waveforms_data_mldd/waveforms/event_2015-04-24T10:34:16.960000Z.mseed,AXEC1,2015-04-24T10:34:16.960000Z,2015-04-24T10:34:16.960000Z,0.92,0.46,45.95022,-129.994,0.837,274.38040370946953,2.4948491462849787,0.9281982436978832,2.6755587797701965,1.7
121299,passing_waveforms_data_mldd/waveforms/event_2015-04-24T10:34:32.274999Z.mseed,AXEC1,2015-04-24T10:34:32.274999Z,2015-04-24T10:34:32.274999Z,0.86,0.4,45.94449,-129.99057,0.541,236.83628457820032,2.8641456229406965,0.9895316620227705,11.396395862087896,1.5
121301,passing_waveforms_data_mldd/waveforms/event_2015-04-24T10:34:58.844999Z.mseed,AXEC1,2015-04-24T10:34:58.844999Z,2015-04-24T10:34:58.844999Z,1.68,1.21,45.94702,-130.0195,0.419,265.4502424475128,2.6039768456662022,0.9200262738428299,23.309660999970465,1.7
121302,passing_waveforms_data_mldd/waveforms/event_2015-04-24T10:35:04.565000Z.mseed,AXEC1,2015-04-24T10:35:04.565000Z,2015-04-24T10:35:04.565000Z,0.95,0.49,45.94358,-129.9966,1.444,243.73711499422103,3.072079607436754,0.9178625107862761,2.747222032228726,1.4
121303,passing_waveforms_data_mldd/waveforms/event_2015-04-24T10:35:16.067000Z.mseed,AXEC1,2015-04-24T10:35:16.067000Z,2015-04-24T10:35:16.067000Z,1.03,0.52,45.93689,-130.01153,1.367,240.96874099465492,11.428495501594968,0.9658633459401884,5.95090517004457,1.5
121305,passing_waveforms_data_mldd/waveforms/event_2015-04-24T10:35:29.554999Z.mseed,AXEC1,2015-04-24T10:35:29.554999Z,2015-04-24T10:35:29.554999Z,0.89,0.43,45.94681,-129.98572,1.911,237.29672495704403,3.475276379309892,0.9951470618882449,4.39547136845687,2.1
121306,passing_waveforms_data_mldd/waveforms/event_2015-04-24T10:35:51.843000Z.mseed,AXEC1,2015-04-24T10:35:51.843000Z,2015-04-24T10:35:51.843000Z,0.98,0.47,45.95049,-129.9971,0.443,274.99815893863456,6.360265934454819,0.9375291621004092,8.287264337195873,1.9
121307,passing_waveforms_data_mldd/waveforms/event_2015-04-24T10:36:15.397999Z.mseed,AXEC1,2015-04-24T10:36:15.397999Z,2015-04-24T10:36:15.397999Z,0.92,0.44,45.94219,-129.99049,0.457,226.2347321005319,3.7610049779651478,0.9223702180765665,2.05536354559221,1.8
121310,passing_waveforms_data_mldd/waveforms/event_2015-04-24T10:36:42.540999Z.mseed,AXEC1,2015-04-24T10:36:42.540999Z,2015-04-24T10:36:42.540999Z,0.93,0.44,45.94292,-129.98993,0.345,227.68562389998965,2.433752361364968,0.9463662909777596,3.5870025862045973,1.4
121311,passing_waveforms_data_mldd/waveforms/event_2015-04-24T10:36:49.259999Z.mseed,AXEC1,2015-04-24T10:36:49.259999Z,2015-04-24T10:36:49.259999Z,1.01,0.48,45.95654,-129.99404,1.614,305.54103368650317,6.7492406135248,0.9656975315520692,7.2958193688433175,1.6
121312,passing_waveforms_data_mldd/waveforms/event_2015-04-24T10:36:58.790999Z.mseed,AXEC1,2015-04-24T10:36:58.790999Z,2015-04-24T10:36:58.790999Z,0.93,0.43,45.94511,-129.99259,0.573,244.2760772458393,4.4822986421419255,0.9933783923712141,4.83231999147089,2.4
121316,passing_waveforms_data_mldd/waveforms/event_2015-04-24T10:37:23.574000Z.mseed,AXEC1,2015-04-24T10:37:23.574000Z,2015-04-24T10:37:23.574000Z,0.84,0.4,45.94783,-129.99429,0.5,260.9529310518553,8.20138754167115,0.9239735484726282,8.128445487500251,1.6
121324,passing_waveforms_data_mldd/waveforms/event_2015-04-24T10:38:53.420999Z.mseed,AXEC1,2015-04-24T10:38:53.420999Z,2015-04-24T10:38:53.420999Z,0.8,0.36,45.94799,-129.99383,0.507,261.5456275499939,11.287990856120286,0.9813092742306502,6.202433714081338,1.6
121325,passing_waveforms_data_mldd/waveforms/event_2015-04-24T10:39:04.937999Z.mseed,AXEC1,2015-04-24T10:39:04.937999Z,2015-04-24T10:39:04.937999Z,0.96,0.42,45.95737,-129.99434,1.567,308.0482267379154,12.628175250224825,0.9949274172312661,14.687146282025006,2.0
121326,passing_waveforms_data_mldd/waveforms/event_2015-04-24T10:39:42.801000Z.mseed,AXEC1,2015-04-24T10:39:42.801000Z,2015-04-24T10:39:42.801000Z,1.08,0.6,45.94322,-130.00186,1.735,248.34896619774324,2.875105901406888,0.9916284673839652,6.914028745765136,1.8
121327,passing_waveforms_data_mldd/waveforms/event_2015-04-24T10:39:56.567000Z.mseed,AXEC1,2015-04-24T10:39:56.567000Z,2015-04-24T10:39:56.567000Z,0.89,0.41,45.95311,-129.99355,1.042,290.7810898513985,3.1326720819743317,0.9368516373914063,12.083815935780143,1.6
121332,passing_waveforms_data_mldd/waveforms/event_2015-04-24T10:40:22.925999Z.mseed,AXEC1,2015-04-24T10:40:22.925999Z,2015-04-24T10:40:22.925999Z,0.89,0.38,45.94773,-129.99149,0.625,258.0311568790763,3.915370435227984,0.9822589490201891,5.3622851649214205,1.6
121333,passing_waveforms_data_mldd/waveforms/event_2015-04-24T10:40:32.307000Z.mseed,AXEC1,2015-04-24T10:40:32.307000Z,2015-04-24T10:40:32.307000Z,0.92,0.53,45.93893,-129.97751,2.221,172.53964927073054,7.215487465923955,0.9056783584264817,2.3429246879499135,1.3
121335,passing_waveforms_data_mldd/waveforms/event_2015-04-24T10:40:53.915999Z.mseed,AXEC1,2015-04-24T10:40:53.915999Z,2015-04-24T10:40:53.915999Z,1.7,0.83,45.9307,-130.01632,0.855,234.2537361732488,2.9829674767939434,0.8754799662004606,14.07200547290551,1.7
121337,passing_waveforms_data_mldd/waveforms/event_2015-04-24T10:41:05.195999Z.mseed,AXEC1,2015-04-24T10:41:05.195999Z,2015-04-24T10:41:05.195999Z,0.73,0.32,45.94547,-129.9894,0.408,239.4331524716687,6.115259392444886,0.9933067522080813,5.322252344747829,1.4
121340,passing_waveforms_data_mldd/waveforms/event_2015-04-24T10:41:19.693000Z.mseed,AXEC1,2015-04-24T10:41:19.693000Z,2015-04-24T10:41:19.693000Z,1.58,0.81,45.94274,-130.01718,0.636,256.05714713150905,2.2315423807358465,0.9839649854132515,11.614224992332854,1.9
121344,passing_waveforms_data_mldd/waveforms/event_2015-04-24T10:42:10.369999Z.mseed,AXEC1,2015-04-24T10:42:10.369999Z,2015-04-24T10:42:10.369999Z,0.88,0.54,45.94509,-129.99578,0.425,248.89471510997572,3.2057688560063857,0.9827804417969,4.799681168331103,1.9
121345,passing_waveforms_data_mldd/waveforms/event_2015-04-24T10:42:23.702000Z.mseed,AXEC1,2015-04-24T10:42:23.702000Z,2015-04-24T10:42:23.702000Z,0.94,0.45,45.94545,-129.9963,0.897,251.08116572808598,10.739929401389341,0.9570623495744136,6.341429345095504,1.6
121346,passing_waveforms_data_mldd/waveforms/event_2015-04-24T10:42:29.300000Z.mseed,AXEC1,2015-04-24T10:42:29.300000Z,2015-04-24T10:42:29.300000Z,0.56,0.14,45.94752,-129.97846,0.545,157.92636420934525,6.372680317256984,0.9476268294987485,4.433365007343812,1.4
121347,passing_waveforms_data_mldd/waveforms/event_2015-04-24T10:42:40.527000Z.mseed,AXEC1,2015-04-24T10:42:40.527000Z,2015-04-24T10:42:40.527000Z,0.92,0.47,45.94085,-129.98407,1.617,199.95516782526678,3.761157201377369,0.9818373781610888,6.108376555429469,1.5
121353,passing_waveforms_data_mldd/waveforms/event_2015-04-24T10:43:45.652000Z.mseed,AXEC1,2015-04-24T10:43:45.652000Z,2015-04-24T10:43:45.652000Z,1.48,0.73,45.92375,-129.97263,1.396,169.88961156434812,8.815612697323253,0.9561968924461078,12.417433005878154,2.4
121354,passing_waveforms_data_mldd/waveforms/event_2015-04-24T10:43:58.656999Z.mseed,AXEC1,2015-04-24T10:43:58.656999Z,2015-04-24T10:43:58.656999Z,0.86,0.41,45.94231,-129.98937,0.31,223.56576987993552,3.866783845143135,0.9783929004206899,1.0794788797267123,1.5
121355,passing_waveforms_data_mldd/waveforms/event_2015-04-24T10:44:12.435999Z.mseed,AXEC1,2015-04-24T10:44:12.435999Z,2015-04-24T10:44:12.435999Z,0.82,0.37,45.94333,-129.98952,0.38,228.33170094609486,14.069880767810098,0.9949735258056951,4.615690637195624,1.7
121356,passing_waveforms_data_mldd/waveforms/event_2015-04-24T10:44:35.975999Z.mseed,AXEC1,2015-04-24T10:44:35.975999Z,2015-04-24T10:44:35.975999Z,0.91,0.37,45.94732,-129.99407,0.379,258.0040280178308,4.9075772240517574,0.9709335666668063,8.224454737132456,2.0
121357,passing_waveforms_data_mldd/waveforms/event_2015-04-24T10:44:50.691000Z.mseed,AXEC1,2015-04-24T10:44:50.691000Z,2015-04-24T10:44:50.691000Z,1.09,0.53,45.95916,-129.99657,1.328,309.8613369898852,8.412255417281507,0.9488931285323963,20.65681176089086,1.9
121359,passing_waveforms_data_mldd/waveforms/event_2015-04-24T10:45:05.804000Z.mseed,AXEC1,2015-04-24T10:45:05.804000Z,2015-04-24T10:45:05.804000Z,1.64,0.87,45.94568,-130.01024,0.132,260.34124629583425,2.809413727647085,0.9755746650972346,5.2860116206983765,1.8
121366,passing_waveforms_data_mldd/waveforms/event_2015-04-24T10:46:07.583000Z.mseed,AXEC1,2015-04-24T10:46:07.583000Z,2015-04-24T10:46:07.583000Z,0.99,0.47,45.94909,-129.99558,0.471,268.1770585438482,2.869561005553613,0.9436407854097532,5.834005779079174,1.4
121371,passing_waveforms_data_mldd/waveforms/event_2015-04-24T10:47:08.010999Z.mseed,AXEC1,2015-04-24T10:47:08.010999Z,2015-04-24T10:47:08.010999Z,1.02,0.48,45.95219,-129.99655,0.624,283.23022741309063,2.2008819872393115,0.9678056159750303,5.436853469329392,1.7
121372,passing_waveforms_data_mldd/waveforms/event_2015-04-24T10:47:19.077000Z.mseed,AXEC1,2015-04-24T10:47:19.077000Z,2015-04-24T10:47:19.077000Z,1.06,0.53,45.95588,-129.99356,1.577,303.79997536385576,2.511232397902621,0.972863988673211,4.6701320127889785,2.0
121373,passing_waveforms_data_mldd/waveforms/event_2015-04-24T10:47:24.809999Z.mseed,AXEC1,2015-04-24T10:47:24.809999Z,2015-04-24T10:47:24.809999Z,0.89,0.43,45.9547,-129.99125,1.834,303.14510425985594,9.65187444849406,0.9976490583110973,11.784314639821734,2.4
121374,passing_waveforms_data_mldd/waveforms/event_2015-04-24T10:47:49.896999Z.mseed,AXEC1,2015-04-24T10:47:49.896999Z,2015-04-24T10:47:49.896999Z,1.61,0.77,45.94564,-130.00986,0.043,260.1080206610323,2.576754948349988,0.9826855414551854,8.010629026079158,1.7
121375,passing_waveforms_data_mldd/waveforms/event_2015-04-24T10:48:06.450999Z.mseed,AXEC1,2015-04-24T10:48:06.450999Z,2015-04-24T10:48:06.450999Z,0.96,0.51,45.94988,-129.99113,1.704,272.8631196672236,2.5931698148635727,0.9878574534000988,7.149659233215731,1.9
121377,passing_waveforms_data_mldd/waveforms/event_2015-04-24T10:48:22.234000Z.mseed,AXEC1,2015-04-24T10:48:22.234000Z,2015-04-24T10:48:22.234000Z,0.98,0.58,45.95091,-130.00796,0.823,274.57418580982034,4.018735053769716,0.9907519172711495,3.1662219610951894,1.4
121381,passing_waveforms_data_mldd/waveforms/event_2015-04-24T10:49:17.704999Z.mseed,AXEC1,2015-04-24T10:49:17.704999Z,2015-04-24T10:49:17.704999Z,0.8,0.37,45.94597,-129.99322,0.431,249.76370479695856,13.016392616029691,0.9764144273910477,9.405412195214003,1.7
121383,passing_waveforms_data_mldd/waveforms/event_2015-04-24T10:49:43.968000Z.mseed,AXEC1,2015-04-24T10:49:43.968000Z,2015-04-24T10:49:43.968000Z,1.61,0.84,45.94208,-130.00786,0.111,249.81810451002323,3.7567539114742505,0.9778651329918895,8.793900983264608,2.1
121384,passing_waveforms_data_mldd/waveforms/event_2015-04-24T10:49:56.350000Z.mseed,AXEC1,2015-04-24T10:49:56.350000Z,2015-04-24T10:49:56.350000Z,0.9,0.44,45.94319,-129.98954,1.07,227.75732530322088,4.13234973085234,0.9841910379531487,8.666424365958141,1.9
121385,passing_waveforms_data_mldd/waveforms/event_2015-04-24T10:50:00.697000Z.mseed,AXEC1,2015-04-24T10:50:00.697000Z,2015-04-24T10:50:00.697000Z,1.04,0.59,45.93956,-130.00334,0.429,239.43070040244444,6.316111904698535,0.9939167733236495,3.2946781778824743,1.6
121387,passing_waveforms_data_mldd/waveforms/event_2015-04-24T10:50:23.045999Z.mseed,AXEC1,2015-04-24T10:50:23.045999Z,2015-04-24T10:50:23.045999Z,0.85,0.32,45.95128,-129.98516,0.352,294.76013741748886,2.097553578484467,0.8773246514844177,4.456521233896537,1.4
121390,passing_waveforms_data_mldd/waveforms/event_2015-04-24T10:50:39.031999Z.mseed,AXEC1,2015-04-24T10:50:39.031999Z,2015-04-24T10:50:39.031999Z,0.97,0.49,45.94012,-129.9888,1.436,214.57170587165945,2.5316375075159985,0.8843479967746415,14.874013807758462,1.6
121391,passing_waveforms_data_mldd/waveforms/event_2015-04-24T10:50:59.109999Z.mseed,AXEC1,2015-04-24T10:50:59.109999Z,2015-04-24T10:50:59.109999Z,0.87,0.47,45.94593,-129.99408,0.619,250.7146441473256,4.97313069744378,0.941159751590297,3.5011388849440124,1.5
121392,passing_waveforms_data_mldd/waveforms/event_2015-04-24T10:51:05.394999Z.mseed,AXEC1,2015-04-24T10:51:05.394999Z,2015-04-24T10:51:05.394999Z,0.98,0.39,45.95974,-129.99592,1.499,312.63568824456235,5.243651807838433,0.8463447560816675,13.302496298904058,1.5
121393,passing_waveforms_data_mldd/waveforms/event_2015-04-24T10:51:24.971000Z.mseed,AXEC1,2015-04-24T10:51:24.971000Z,2015-04-24T10:51:24.971000Z,0.93,0.49,45.94388,-129.98931,1.585,230.33454422939755,2.4973143046011397,0.9729153140698927,3.7161562871454037,1.5
121397,passing_waveforms_data_mldd/waveforms/event_2015-04-24T10:51:54.402999Z.mseed,AXEC1,2015-04-24T10:51:54.402999Z,2015-04-24T10:51:54.402999Z,0.8,0.31,45.94364,-129.99051,0.386,232.48070042384722,8.216243298149031,0.7455809467952518,5.104474282080525,1.5
121400,passing_waveforms_data_mldd/waveforms/event_2015-04-24T10:52:33.518000Z.mseed,AXEC1,2015-04-24T10:52:33.518000Z,2015-04-24T10:52:33.518000Z,1.64,0.85,45.91881,-129.97899,0.921,179.7813392371766,9.672179959149583,0.9831911965336956,3.7443563876135646,2.5
121401,passing_waveforms_data_mldd/waveforms/event_2015-04-24T10:52:42.392000Z.mseed,AXEC1,2015-04-24T10:52:42.392000Z,2015-04-24T10:52:42.392000Z,0.76,0.36,45.94809,-129.98232,1.705,231.51588602693272,4.508401226960169,0.9409617531860216,3.9084323355999158,1.7
121402,passing_waveforms_data_mldd/waveforms/event_2015-04-24T10:52:48.502000Z.mseed,AXEC1,2015-04-24T10:52:48.502000Z,2015-04-24T10:52:48.502000Z,0.91,0.48,45.94569,-129.99079,1.649,244.01339620000556,5.324556625183999,0.9206017254441384,15.612874342327219,1.4
121404,passing_waveforms_data_mldd/waveforms/event_2015-04-24T10:53:23.099000Z.mseed,AXEC1,2015-04-24T10:53:23.099000Z,2015-04-24T10:53:23.099000Z,1.03,0.54,45.95566,-129.99327,1.642,303.42354459205137,3.993184409384463,0.9349353342337771,0.8411235706096114,1.6
121408,passing_waveforms_data_mldd/waveforms/event_2015-04-24T10:53:45.533999Z.mseed,AXEC1,2015-04-24T10:53:45.533999Z,2015-04-24T10:53:45.533999Z,0.78,0.33,45.94394,-129.98911,0.419,230.03876365014642,5.079160149112437,0.9932738452580325,4.470491482874914,1.4
121411,passing_waveforms_data_mldd/waveforms/event_2015-04-24T10:54:15.497999Z.mseed,AXEC1,2015-04-24T10:54:15.497999Z,2015-04-24T10:54:15.497999Z,0.79,0.34,45.94669,-129.99439,0.746,254.9597345654088,6.019524042792341,0.7150568100303368,19.816425085386705,1.3
121412,passing_waveforms_data_mldd/waveforms/event_2015-04-24T10:54:20.207999Z.mseed,AXEC1,2015-04-24T10:54:20.207999Z,2015-04-24T10:54:20.207999Z,0.96,0.46,45.95481,-129.98625,1.997,319.56702862551765,8.800282026979666,0.9924446700513303,5.868408916712165,1.8
121414,passing_waveforms_data_mldd/waveforms/event_2015-04-24T10:54:30.435999Z.mseed,AXEC1,2015-04-24T10:54:30.435999Z,2015-04-24T10:54:30.435999Z,0.89,0.41,45.93997,-129.98648,0.679,206.9120177251674,4.325802276178861,0.9625121626363462,5.571384453841979,1.4
121418,passing_waveforms_data_mldd/waveforms/event_2015-04-24T10:54:59.982999Z.mseed,AXEC1,2015-04-24T10:54:59.982999Z,2015-04-24T10:54:59.982999Z,0.91,0.48,45.94835,-129.99282,1.22,263.0544090268986,6.586595580497695,0.9762398331591232,5.566322713644068,1.6
121422,passing_waveforms_data_mldd/waveforms/event_2015-04-24T10:55:29.422999Z.mseed,AXEC1,2015-04-24T10:55:29.422999Z,2015-04-24T10:55:29.422999Z,1.03,0.56,45.9444,-129.98372,2.44,209.13547424972768,2.168843628662734,0.7512341806703703,8.897374892153609,1.3
121426,passing_waveforms_data_mldd/waveforms/event_2015-04-24T10:56:03.490000Z.mseed,AXEC1,2015-04-24T10:56:03.490000Z,2015-04-24T10:56:03.490000Z,0.87,0.43,45.94899,-129.99423,0.495,267.37790779563653,7.033116041876381,0.9671894515723036,7.189767237990765,1.6
121427,passing_waveforms_data_mldd/waveforms/event_2015-04-24T10:56:10.401999Z.mseed,AXEC1,2015-04-24T10:56:10.401999Z,2015-04-24T10:56:10.401999Z,0.75,0.41,45.94361,-129.98201,2.166,195.81045051613998,2.7263515039290436,0.8793013156334547,16.59546045213622,1.2
121428,passing_waveforms_data_mldd/waveforms/event_2015-04-24T10:56:25.382999Z.mseed,AXEC1,2015-04-24T10:56:25.382999Z,2015-04-24T10:56:25.382999Z,0.83,0.39,45.94651,-129.99421,0.517,253.83655739651977,11.992061442336382,0.9901961805688675,7.632211525411472,1.4
121430,passing_waveforms_data_mldd/waveforms/event_2015-04-24T10:56:44.718000Z.mseed,AXEC1,2015-04-24T10:56:44.718000Z,2015-04-24T10:56:44.718000Z,0.82,0.4,45.94606,-129.99226,0.535,248.82069117347905,4.020477831291707,0.9885274641003491,8.839453426525758,1.6
121431,passing_waveforms_data_mldd/waveforms/event_2015-04-24T10:56:59.656999Z.mseed,AXEC1,2015-04-24T10:56:59.656999Z,2015-04-24T10:56:59.656999Z,0.92,0.48,45.94768,-129.99129,1.736,257.48332018542374,4.01389634781526,0.9869495351856024,7.858838793450555,1.7
121432,passing_waveforms_data_mldd/waveforms/event_2015-04-24T10:57:10.727999Z.mseed,AXEC1,2015-04-24T10:57:10.727999Z,2015-04-24T10:57:10.727999Z,1.19,0.59,45.96227,-129.99412,1.416,322.3104437576799,2.832069093728269,0.9726298309508256,9.803836942829669,1.5
121433,passing_waveforms_data_mldd/waveforms/event_2015-04-24T10:57:15.993000Z.mseed,AXEC1,2015-04-24T10:57:15.993000Z,2015-04-24T10:57:15.993000Z,1.09,0.54,45.95919,-129.9959,1.371,311.0907345257813,8.653341320230464,0.9800598298732844,8.517283214639908,1.7
121435,passing_waveforms_data_mldd/waveforms/event_2015-04-24T10:57:51.776000Z.mseed,AXEC1,2015-04-24T10:57:51.776000Z,2015-04-24T10:57:51.776000Z,1.63,1.18,45.94115,-130.01614,0.707,252.3708255019165,3.70031201281371,0.96228184848069,5.097517622254501,1.8
121438,passing_waveforms_data_mldd/waveforms/event_2015-04-24T10:58:33.101999Z.mseed,AXEC1,2015-04-24T10:58:33.101999Z,2015-04-24T10:58:33.101999Z,1.22,0.77,45.92464,-129.98854,0.321,194.59803996588715,2.019397000032071,0.9259262853119257,1.5981782488037874,1.3
121439,passing_waveforms_data_mldd/waveforms/event_2015-04-24T10:58:38.405999Z.mseed,AXEC1,2015-04-24T10:58:38.405999Z,2015-04-24T10:58:38.405999Z,1.3,0.86,45.93206,-129.9859,0.18,194.574785210699,8.255995777700788,0.9303808559180456,0.459651223828664,1.2
121440,passing_waveforms_data_mldd/waveforms/event_2015-04-24T10:58:45.640999Z.mseed,AXEC1,2015-04-24T10:58:45.640999Z,2015-04-24T10:58:45.640999Z,0.88,0.42,45.94735,-129.99398,0.465,258.09075412468803,6.699376193842236,0.9944194287574648,9.201987469329518,1.9
121441,passing_waveforms_data_mldd/waveforms/event_2015-04-24T10:58:53.540999Z.mseed,AXEC1,2015-04-24T10:58:53.540999Z,2015-04-24T10:58:53.540999Z,0.94,0.51,45.94529,-129.99079,1.805,241.698200322937,7.4499367517616655,0.9685752513659986,3.8920080447176497,1.8
121443,passing_waveforms_data_mldd/waveforms/event_2015-04-24T10:59:05.859000Z.mseed,AXEC1,2015-04-24T10:59:05.859000Z,2015-04-24T10:59:05.859000Z,0.77,0.3,45.94393,-129.98883,0.216,229.1309598205982,2.9070299204329135,0.9928434836482587,3.243699185119056,1.5
121450,passing_waveforms_data_mldd/waveforms/event_2015-04-24T11:00:06.500000Z.mseed,AXEC1,2015-04-24T11:00:06.500000Z,2015-04-24T11:00:06.500000Z,0.87,0.35,45.94787,-129.99292,0.433,260.20390841081877,5.106095758662771,0.9921643929098503,5.947944524153463,1.4
121451,passing_waveforms_data_mldd/waveforms/event_2015-04-24T11:00:16.972000Z.mseed,AXEC1,2015-04-24T11:00:16.972000Z,2015-04-24T11:00:16.972000Z,0.84,0.38,45.94843,-129.99371,0.527,263.99791254486206,11.719334151761092,0.9913024027870415,6.562730983476025,1.8
121452,passing_waveforms_data_mldd/waveforms/event_2015-04-24T11:00:27.689000Z.mseed,AXEC1,2015-04-24T11:00:27.689000Z,2015-04-24T11:00:27.689000Z,1.2,0.52,45.93334,-129.97785,1.658,176.1593944304846,2.448068757305112,0.941154287362855,7.948813877626047,2.4
121455,passing_waveforms_data_mldd/waveforms/event_2015-04-24T11:00:45.517000Z.mseed,AXEC1,2015-04-24T11:00:45.517000Z,2015-04-24T11:00:45.517000Z,1.48,0.76,45.96067,-129.99358,3.797,319.58962118811405,11.48044974446471,0.9906048191286411,4.146174278621346,1.8
121458,passing_waveforms_data_mldd/waveforms/event_2015-04-24T11:01:24.103000Z.mseed,AXEC1,2015-04-24T11:01:24.103000Z,2015-04-24T11:01:24.103000Z,0.86,0.36,45.94603,-129.99244,0.444,248.93434750519665,3.7144386182175113,0.9863877782575703,7.263372159038435,1.4
121460,passing_waveforms_data_mldd/waveforms/event_2015-04-24T11:01:35.067000Z.mseed,AXEC1,2015-04-24T11:01:35.067000Z,2015-04-24T11:01:35.067000Z,0.9,0.52,45.94354,-129.99381,0.568,239.17466898691006,7.2614679085195535,0.918490229866935,4.3386055877265735,1.4
121464,passing_waveforms_data_mldd/waveforms/event_2015-04-24T11:02:11.962999Z.mseed,AXEC1,2015-04-24T11:02:11.962999Z,2015-04-24T11:02:11.962999Z,0.84,0.4,45.94655,-129.99409,0.559,253.91290885997594,14.13874436473602,0.9969491512833916,7.061890064590036,1.8
121474,passing_waveforms_data_mldd/waveforms/event_2015-04-24T11:03:49.938000Z.mseed,AXEC1,2015-04-24T11:03:49.938000Z,2015-04-24T11:03:49.938000Z,0.8,0.34,45.94391,-129.98921,0.512,230.18788254475743,3.1529215091326663,0.9535784604713757,4.459767882489034,1.3
121476,passing_waveforms_data_mldd/waveforms/event_2015-04-24T11:04:18.216000Z.mseed,AXEC1,2015-04-24T11:04:18.216000Z,2015-04-24T11:04:18.216000Z,0.88,0.45,45.94452,-129.98475,1.6,215.55197183121874,2.143408271168919,0.9731505406060563,7.602780879870147,1.4
121483,passing_waveforms_data_mldd/waveforms/event_2015-04-24T11:05:44.694000Z.mseed,AXEC1,2015-04-24T11:05:44.694000Z,2015-04-24T11:05:44.694000Z,0.76,0.32,45.94689,-129.99314,0.482,254.69966359055945,8.022661037781425,0.9825672727979153,10.595288958573141,1.4
121484,passing_waveforms_data_mldd/waveforms/event_2015-04-24T11:05:58.149000Z.mseed,AXEC1,2015-04-24T11:05:58.149000Z,2015-04-24T11:05:58.149000Z,1.06,0.51,45.948,-129.99566,0.334,262.6325146746926,2.2962613232853255,0.9600532278602294,6.463452884848828,2.0
121488,passing_waveforms_data_mldd/waveforms/event_2015-04-24T11:06:50.546999Z.mseed,AXEC1,2015-04-24T11:06:50.546999Z,2015-04-24T11:06:50.546999Z,0.99,0.42,45.95684,-129.99551,1.435,304.0686361395203,8.670913940306896,0.9948962426172299,8.488622436912408,1.7
121494,passing_waveforms_data_mldd/waveforms/event_2015-04-24T11:08:30.899999Z.mseed,AXEC1,2015-04-24T11:08:30.899999Z,2015-04-24T11:08:30.899999Z,0.89,0.43,45.94597,-129.99467,0.519,251.6395705238707,13.686569419743764,0.9602992242991673,2.803129108259989,1.6
121495,passing_waveforms_data_mldd/waveforms/event_2015-04-24T11:08:37.959000Z.mseed,AXEC1,2015-04-24T11:08:37.959000Z,2015-04-24T11:08:37.959000Z,1.31,0.7,45.92815,-129.97528,1.646,172.51374759847494,3.715630076322534,0.9154327886668983,8.327269360429627,1.9
121496,passing_waveforms_data_mldd/waveforms/event_2015-04-24T11:08:59.448999Z.mseed,AXEC1,2015-04-24T11:08:59.448999Z,2015-04-24T11:08:59.448999Z,0.86,0.44,45.9467,-129.9933,0.485,253.82217844144967,5.449594479968236,0.9439558821795013,10.247288130801401,1.9
121497,passing_waveforms_data_mldd/waveforms/event_2015-04-24T11:09:08.311999Z.mseed,AXEC1,2015-04-24T11:09:08.311999Z,2015-04-24T11:09:08.311999Z,0.93,0.4,45.9548,-129.99233,1.751,301.3566429925012,5.089578593957649,0.9849158119608032,17.402150602172707,1.4
121499,passing_waveforms_data_mldd/waveforms/event_2015-04-24T11:09:31.977000Z.mseed,AXEC1,2015-04-24T11:09:31.977000Z,2015-04-24T11:09:31.977000Z,0.91,0.47,45.94817,-129.99447,0.439,262.9167916345833,4.589234079811408,0.9661703765625167,6.19271831144265,1.9
121500,passing_waveforms_data_mldd/waveforms/event_2015-04-24T11:09:36.154000Z.mseed,AXEC1,2015-04-24T11:09:36.154000Z,2015-04-24T11:09:36.154000Z,1.1,0.64,45.94217,-130.00818,1.177,250.26053965386015,4.978105174527185,0.9863427999670854,4.299360326048393,1.4
121503,passing_waveforms_data_mldd/waveforms/event_2015-04-24T11:10:30.690000Z.mseed,AXEC1,2015-04-24T11:10:30.690000Z,2015-04-24T11:10:30.690000Z,1.59,0.81,45.94733,-130.01803,0.461,265.90781195473625,4.657736930939677,0.8860126579598343,9.112401720355946,1.8
121510,passing_waveforms_data_mldd/waveforms/event_2015-04-24T11:11:48.057000Z.mseed,AXEC1,2015-04-24T11:11:48.057000Z,2015-04-24T11:11:48.057000Z,0.85,0.41,45.94815,-129.99497,0.517,263.06344997833537,6.992351157082959,0.8985154004319855,4.559639210342648,1.7
121513,passing_waveforms_data_mldd/waveforms/event_2015-04-24T11:12:36.572000Z.mseed,AXEC1,2015-04-24T11:12:36.572000Z,2015-04-24T11:12:36.572000Z,0.95,0.42,45.95534,-129.99219,1.666,304.17958645407555,10.311785223429485,0.9870773929038194,5.4414050716330316,2.0
121515,passing_waveforms_data_mldd/waveforms/event_2015-04-24T11:12:59.841999Z.mseed,AXEC1,2015-04-24T11:12:59.841999Z,2015-04-24T11:12:59.841999Z,0.92,0.41,45.94448,-129.98955,0.372,234.1240216198099,2.834133627412661,0.9905294197564436,5.7576203686573715,2.5
121516,passing_waveforms_data_mldd/waveforms/event_2015-04-24T11:13:09.066000Z.mseed,AXEC1,2015-04-24T11:13:09.066000Z,2015-04-24T11:13:09.066000Z,0.77,0.38,45.9444,-129.9918,0.582,239.17172541045022,3.663849842448557,0.969752776479853,3.220107940225184,1.6
121517,passing_waveforms_data_mldd/waveforms/event_2015-04-24T11:13:25.908999Z.mseed,AXEC1,2015-04-24T11:13:25.908999Z,2015-04-24T11:13:25.908999Z,0.9,0.35,45.94707,-129.99468,0.167,257.2029827813798,7.045445292658439,0.9943676351851733,7.092575634645915,2.3
121521,passing_waveforms_data_mldd/waveforms/event_2015-04-24T11:14:04.936000Z.mseed,AXEC1,2015-04-24T11:14:04.936000Z,2015-04-24T11:14:04.936000Z,0.84,0.52,45.93935,-129.98755,1.227,208.867978500325,2.2013649797392296,0.9733719293158948,6.909209791319176,1.2
121523,passing_waveforms_data_mldd/waveforms/event_2015-04-24T11:14:16.153999Z.mseed,AXEC1,2015-04-24T11:14:16.153999Z,2015-04-24T11:14:16.153999Z,0.9,0.57,45.93639,-129.98303,1.501,190.69428612585182,2.0898430337287746,0.9478146348549129,6.966079487324176,1.2
121525,passing_waveforms_data_mldd/waveforms/event_2015-04-24T11:14:36.776000Z.mseed,AXEC1,2015-04-24T11:14:36.776000Z,2015-04-24T11:14:36.776000Z,1.11,0.61,45.9275,-129.98182,0.943,184.5372603521135,2.9090141193936025,0.8228047245732439,8.468017918155773,1.5
121528,passing_waveforms_data_mldd/waveforms/event_2015-04-24T11:14:58.905999Z.mseed,AXEC1,2015-04-24T11:14:58.905999Z,2015-04-24T11:14:58.905999Z,0.87,0.41,45.95355,-129.99262,1.313,294.48322539704037,8.677555780808214,0.9919691203966969,6.31280343464708,1.6
121530,passing_waveforms_data_mldd/waveforms/event_2015-04-24T11:15:16.001999Z.mseed,AXEC1,2015-04-24T11:15:16.001999Z,2015-04-24T11:15:16.001999Z,1.68,0.89,45.93558,-130.01938,1.145,243.8910900980093,4.691999365580701,0.9212710630871408,1.9676070711883153,1.8
121531,passing_waveforms_data_mldd/waveforms/event_2015-04-24T11:15:22.809000Z.mseed,AXEC1,2015-04-24T11:15:22.809000Z,2015-04-24T11:15:22.809000Z,0.9,0.43,45.93973,-129.99315,1.238,224.31792815715966,2.513312532492793,0.9316222422266887,2.922749403582723,1.3
121533,passing_waveforms_data_mldd/waveforms/event_2015-04-24T11:15:36.588000Z.mseed,AXEC1,2015-04-24T11:15:36.588000Z,2015-04-24T11:15:36.588000Z,0.88,0.38,45.9526,-129.99318,1.382,288.51505716946076,18.750387672519846,0.9918422369700303,2.3341827209129757,1.9
121534,passing_waveforms_data_mldd/waveforms/event_2015-04-24T11:15:47.694000Z.mseed,AXEC1,2015-04-24T11:15:47.694000Z,2015-04-24T11:15:47.694000Z,1.17,0.56,45.96172,-129.99541,1.586,318.64089880011187,6.8668272080975665,0.9851016126393701,10.908937127489867,1.8
121535,passing_waveforms_data_mldd/waveforms/event_2015-04-24T11:15:59.027000Z.mseed,AXEC1,2015-04-24T11:15:59.027000Z,2015-04-24T11:15:59.027000Z,0.79,0.32,45.9463,-129.99355,0.438,251.95710055805523,11.543947909754324,0.9052442125702134,12.161729890543292,1.6
121536,passing_waveforms_data_mldd/waveforms/event_2015-04-24T11:16:06.564000Z.mseed,AXEC1,2015-04-24T11:16:06.564000Z,2015-04-24T11:16:06.564000Z,1.31,0.63,45.96456,-129.99803,1.631,320.23221711761767,4.337796589434348,0.9872449516346736,6.107886145777816,1.8
121538,passing_waveforms_data_mldd/waveforms/event_2015-04-24T11:16:27.672999Z.mseed,AXEC1,2015-04-24T11:16:27.672999Z,2015-04-24T11:16:27.672999Z,0.82,0.39,45.94652,-129.99242,0.556,251.68145584931386,4.321351708294877,0.9856258684005921,8.889057540597413,1.5
121542,passing_waveforms_data_mldd/waveforms/event_2015-04-24T11:17:04.367000Z.mseed,AXEC1,2015-04-24T11:17:04.367000Z,2015-04-24T11:17:04.367000Z,0.93,0.39,45.95862,-129.9906,1.838,320.64393304251763,4.336239379974316,0.8516703335903473,8.798377094587126,1.5
121544,passing_waveforms_data_mldd/waveforms/event_2015-04-24T11:17:29.211999Z.mseed,AXEC1,2015-04-24T11:17:29.211999Z,2015-04-24T11:17:29.211999Z,0.8,0.38,45.94379,-129.98479,1.693,212.22489954053438,4.099353602869241,0.8652965302332869,4.225843381449086,1.3
121545,passing_waveforms_data_mldd/waveforms/event_2015-04-24T11:17:42.310999Z.mseed,AXEC1,2015-04-24T11:17:42.310999Z,2015-04-24T11:17:42.310999Z,1.11,0.59,45.94554,-129.98355,1.996,214.32049530919397,6.150263460812074,0.9966281929121221,6.202671553509216,1.8
121548,passing_waveforms_data_mldd/waveforms/event_2015-04-24T11:17:57.365000Z.mseed,AXEC1,2015-04-24T11:17:57.365000Z,2015-04-24T11:17:57.365000Z,0.96,0.44,45.95715,-129.99413,1.439,307.6565119947754,10.351817219824724,0.9919472205927778,6.567655004387219,1.6
121553,passing_waveforms_data_mldd/waveforms/event_2015-04-24T11:18:36.341999Z.mseed,AXEC1,2015-04-24T11:18:36.341999Z,2015-04-24T11:18:36.341999Z,1.59,0.75,45.94629,-130.01112,0.155,262.17875194038675,2.6480964668651796,0.9516504498029912,18.44090350727953,1.4
121555,passing_waveforms_data_mldd/waveforms/event_2015-04-24T11:18:50.027000Z.mseed,AXEC1,2015-04-24T11:18:50.027000Z,2015-04-24T11:18:50.027000Z,0.91,0.45,45.94855,-129.99466,0.513,265.0726401753763,2.4724711579749457,0.937201043271113,7.9213033722486115,1.6
121559,passing_waveforms_data_mldd/waveforms/event_2015-04-24T11:19:21.217999Z.mseed,AXEC1,2015-04-24T11:19:21.217999Z,2015-04-24T11:19:21.217999Z,1.01,0.51,45.93798,-129.98141,1.665,186.57638865630628,2.1982583029373792,0.9609068926456572,2.900067756758801,1.2
121561,passing_waveforms_data_mldd/waveforms/event_2015-04-24T11:20:08.989000Z.mseed,AXEC1,2015-04-24T11:20:08.989000Z,2015-04-24T11:20:08.989000Z,0.99,0.45,45.95516,-129.99518,1.0,298.0387961806523,3.9069924938810225,0.79740998686923,6.639903698093457,1.2
121562,passing_waveforms_data_mldd/waveforms/event_2015-04-24T11:20:33.319000Z.mseed,AXEC1,2015-04-24T11:20:33.319000Z,2015-04-24T11:20:33.319000Z,1.13,0.56,45.95803,-129.99289,1.804,313.2755652847481,2.586338994759555,0.9810510216457917,4.395902475448462,1.9
121565,passing_waveforms_data_mldd/waveforms/event_2015-04-24T11:21:04.392000Z.mseed,AXEC1,2015-04-24T11:21:04.392000Z,2015-04-24T11:21:04.392000Z,1.03,0.53,45.93854,-129.98113,1.752,185.8680054361041,2.2889211890889034,0.9758239553554663,9.060421143459164,1.7
121566,passing_waveforms_data_mldd/waveforms/event_2015-04-24T11:21:10.968999Z.mseed,AXEC1,2015-04-24T11:21:10.968999Z,2015-04-24T11:21:10.968999Z,0.96,0.46,45.93976,-129.98151,1.86,188.03184912200192,5.221539269697207,0.9794741796967741,2.3566295201679113,1.9
121570,passing_waveforms_data_mldd/waveforms/event_2015-04-24T11:21:37.390000Z.mseed,AXEC1,2015-04-24T11:21:37.390000Z,2015-04-24T11:21:37.390000Z,0.85,0.46,45.9462,-129.99417,0.768,252.1960237646449,5.137614679149424,0.98826562783604,5.894866205926809,1.2
121572,passing_waveforms_data_mldd/waveforms/event_2015-04-24T11:22:02.944999Z.mseed,AXEC1,2015-04-24T11:22:02.944999Z,2015-04-24T11:22:02.944999Z,1.06,0.51,45.94829,-129.99042,2.029,260.9203402666525,2.112420975085403,0.9901856547722703,4.050103129544327,2.5
121579,passing_waveforms_data_mldd/waveforms/event_2015-04-24T11:22:40.531999Z.mseed,AXEC1,2015-04-24T11:22:40.531999Z,2015-04-24T11:22:40.531999Z,1.04,0.54,45.95641,-129.99308,1.834,306.90693051760445,7.860197194628484,0.9905303172682696,8.03129843647032,2.1
121580,passing_waveforms_data_mldd/waveforms/event_2015-04-24T11:22:46.390000Z.mseed,AXEC1,2015-04-24T11:22:46.390000Z,2015-04-24T11:22:46.390000Z,0.95,0.38,45.943,-129.98996,0.467,228.1144424681599,2.2409199461562084,0.973425671532343,6.865365931767281,1.8
121581,passing_waveforms_data_mldd/waveforms/event_2015-04-24T11:22:54.664999Z.mseed,AXEC1,2015-04-24T11:22:54.664999Z,2015-04-24T11:22:54.664999Z,0.96,0.47,45.9397,-129.98036,1.848,183.37252200795308,6.506041809306725,0.976831673637445,3.0912741808631856,2.1
121584,passing_waveforms_data_mldd/waveforms/event_2015-04-24T11:23:34.265999Z.mseed,AXEC1,2015-04-24T11:23:34.265999Z,2015-04-24T11:23:34.265999Z,0.82,0.36,45.94228,-129.98943,0.443,223.62486847760584,2.6545010265450335,0.943590278258106,5.029701599075059,1.2
121585,passing_waveforms_data_mldd/waveforms/event_2015-04-24T11:23:39.173999Z.mseed,AXEC1,2015-04-24T11:23:39.173999Z,2015-04-24T11:23:39.173999Z,0.97,0.42,45.94242,-129.99011,0.459,226.113225344951,2.373378357469203,0.9749844320041704,3.2779065120220277,1.7
121591,passing_waveforms_data_mldd/waveforms/event_2015-04-24T11:24:41.822000Z.mseed,AXEC1,2015-04-24T11:24:41.822000Z,2015-04-24T11:24:41.822000Z,1.68,0.89,45.94583,-130.01062,0.072,260.8524501382776,2.503678852785104,0.9588758829405448,11.77220374329934,1.8
121593,passing_waveforms_data_mldd/waveforms/event_2015-04-24T11:25:24.481000Z.mseed,AXEC1,2015-04-24T11:25:24.481000Z,2015-04-24T11:25:24.481000Z,1.67,0.88,45.93648,-130.01976,1.186,245.60425983910926,4.148578659461997,0.9275538263347105,6.741292064967157,1.8
121598,passing_waveforms_data_mldd/waveforms/event_2015-04-24T11:26:23.371999Z.mseed,AXEC1,2015-04-24T11:26:23.371999Z,2015-04-24T11:26:23.371999Z,0.88,0.41,45.94146,-129.98401,1.619,201.02435642363344,7.048045832973643,0.9819866631059678,2.8850627837136305,1.5
121606,passing_waveforms_data_mldd/waveforms/event_2015-04-24T11:27:38.222000Z.mseed,AXEC1,2015-04-24T11:27:38.222000Z,2015-04-24T11:27:38.222000Z,1.6,0.85,45.93874,-130.02296,1.217,250.96202239071013,3.607113454969456,0.9783300797381537,21.80993366112659,2.0
121609,passing_waveforms_data_mldd/waveforms/event_2015-04-24T11:28:00.454000Z.mseed,AXEC1,2015-04-24T11:28:00.454000Z,2015-04-24T11:28:00.454000Z,1.5,0.79,45.92265,-129.97313,0.854,171.0412690613265,4.814040997820806,0.9213066656238178,3.540752202552587,1.4
121610,passing_waveforms_data_mldd/waveforms/event_2015-04-24T11:28:07.216000Z.mseed,AXEC1,2015-04-24T11:28:07.216000Z,2015-04-24T11:28:07.216000Z,0.91,0.46,45.94749,-129.99431,0.515,259.1202700090221,2.937890738070415,0.8607698892325362,8.779477843707477,1.7
121611,passing_waveforms_data_mldd/waveforms/event_2015-04-24T11:28:11.923999Z.mseed,AXEC1,2015-04-24T11:28:11.923999Z,2015-04-24T11:28:11.923999Z,0.9,0.45,45.94846,-129.99463,0.595,264.57146991020545,3.2113862140781855,0.9424342300989614,3.7725500324959946,1.8
121612,passing_waveforms_data_mldd/waveforms/event_2015-04-24T11:28:26.123999Z.mseed,AXEC1,2015-04-24T11:28:26.123999Z,2015-04-24T11:28:26.123999Z,1.12,0.56,45.95966,-129.99635,1.547,311.6673463987987,5.875267048243777,0.9690334241767808,8.228857072569538,1.9
121616,passing_waveforms_data_mldd/waveforms/event_2015-04-24T11:29:12.432000Z.mseed,AXEC1,2015-04-24T11:29:12.432000Z,2015-04-24T11:29:12.432000Z,0.87,0.37,45.94284,-129.98869,0.295,223.6448438578773,4.12404973018433,0.8203548287558415,17.509563889094277,1.1
121619,passing_waveforms_data_mldd/waveforms/event_2015-04-24T11:29:45.944000Z.mseed,AXEC1,2015-04-24T11:29:45.944000Z,2015-04-24T11:29:45.944000Z,0.86,0.36,45.95316,-129.99034,1.812,296.459071557054,5.884515862380848,0.9627608421861118,5.82434540137819,1.3
121621,passing_waveforms_data_mldd/waveforms/event_2015-04-24T11:30:19.400999Z.mseed,AXEC1,2015-04-24T11:30:19.400999Z,2015-04-24T11:30:19.400999Z,1.03,0.61,45.93794,-129.99648,0.638,225.8726816314297,2.205864966199118,0.951969042098988,3.301258600983921,1.1
121625,passing_waveforms_data_mldd/waveforms/event_2015-04-24T11:31:12.590999Z.mseed,AXEC1,2015-04-24T11:31:12.590999Z,2015-04-24T11:31:12.590999Z,0.96,0.45,45.94191,-129.99103,0.495,226.56851422856252,2.8988631069145594,0.7291474732939083,14.77107471527219,1.4
121627,passing_waveforms_data_mldd/waveforms/event_2015-04-24T11:31:31.643000Z.mseed,AXEC1,2015-04-24T11:31:31.643000Z,2015-04-24T11:31:31.643000Z,0.9,0.44,45.94213,-129.98297,1.761,197.7297063694148,5.763112669603066,0.9858619785171129,2.1318254979682805,1.5
121629,passing_waveforms_data_mldd/waveforms/event_2015-04-24T11:32:13.044000Z.mseed,AXEC1,2015-04-24T11:32:13.044000Z,2015-04-24T11:32:13.044000Z,0.91,0.41,45.9531,-129.98716,1.841,304.7834233374809,5.979236533777863,0.9507261061908108,6.450908158242005,1.5
121632,passing_waveforms_data_mldd/waveforms/event_2015-04-24T11:32:40.627000Z.mseed,AXEC1,2015-04-24T11:32:40.627000Z,2015-04-24T11:32:40.627000Z,0.84,0.41,45.94561,-129.99221,0.53,246.24674899000334,4.845191416740813,0.969852485152665,7.078362166607437,1.5
121634,passing_waveforms_data_mldd/waveforms/event_2015-04-24T11:33:16.352000Z.mseed,AXEC1,2015-04-24T11:33:16.352000Z,2015-04-24T11:33:16.352000Z,1.12,0.58,45.94992,-129.99707,0.289,272.31776413343107,2.34112115515757,0.941041544214662,11.984401120988721,1.5
121636,passing_waveforms_data_mldd/waveforms/event_2015-04-24T11:34:04.459999Z.mseed,AXEC1,2015-04-24T11:34:04.459999Z,2015-04-24T11:34:04.459999Z,0.86,0.47,45.9469,-129.99447,0.605,256.12910870038314,5.671223507597009,0.9739942254592365,2.7990702700977406,1.3
121638,passing_waveforms_data_mldd/waveforms/event_2015-04-24T11:34:28.045999Z.mseed,AXEC1,2015-04-24T11:34:28.045999Z,2015-04-24T11:34:28.045999Z,0.88,0.4,45.95233,-129.98716,1.807,298.56225136675414,2.8253330550303475,0.9983834301193093,6.270203708182154,1.4
121641,passing_waveforms_data_mldd/waveforms/event_2015-04-24T11:34:49.353000Z.mseed,AXEC1,2015-04-24T11:34:49.353000Z,2015-04-24T11:34:49.353000Z,0.98,0.45,45.95233,-129.98946,1.995,292.7033347997692,2.2803895609423437,0.9316540957930468,5.350958652172355,1.1
121646,passing_waveforms_data_mldd/waveforms/event_2015-04-24T11:36:26.147999Z.mseed,AXEC1,2015-04-24T11:36:26.147999Z,2015-04-24T11:36:26.147999Z,0.88,0.42,45.94262,-129.9893,0.352,224.6041916012832,4.6151747922795225,0.97580004727852,2.3551598258511497,1.6
121647,passing_waveforms_data_mldd/waveforms/event_2015-04-24T11:36:32.490000Z.mseed,AXEC1,2015-04-24T11:36:32.490000Z,2015-04-24T11:36:32.490000Z,1.07,0.46,45.95501,-129.99729,0.656,294.5829815058925,2.887190654155175,0.9294333667379863,4.075362097555625,1.2
121650,passing_waveforms_data_mldd/waveforms/event_2015-04-24T11:36:51.517000Z.mseed,AXEC1,2015-04-24T11:36:51.517000Z,2015-04-24T11:36:51.517000Z,0.88,0.46,45.9419,-129.9834,1.477,199.28221992119674,3.013485235129895,0.9525813092350297,13.670827122844951,1.7
121651,passing_waveforms_data_mldd/waveforms/event_2015-04-24T11:36:58.551999Z.mseed,AXEC1,2015-04-24T11:36:58.551999Z,2015-04-24T11:36:58.551999Z,0.85,0.36,45.94239,-129.99045,0.495,226.91394093514404,6.1252045443167615,0.948785791345688,7.7571294472600645,1.5
121654,passing_waveforms_data_mldd/waveforms/event_2015-04-24T11:37:29.932999Z.mseed,AXEC1,2015-04-24T11:37:29.932999Z,2015-04-24T11:37:29.932999Z,0.85,0.41,45.94417,-129.98171,1.842,195.23499689896127,2.805795808501736,0.8059790103774961,2.746263307208222,1.2
121655,passing_waveforms_data_mldd/waveforms/event_2015-04-24T11:37:43.868000Z.mseed,AXEC1,2015-04-24T11:37:43.868000Z,2015-04-24T11:37:43.868000Z,1.04,0.53,45.94282,-129.99943,0.171,244.55328737815802,4.704488692946865,0.9623303563928827,7.588760158588706,1.3
121656,passing_waveforms_data_mldd/waveforms/event_2015-04-24T11:38:01.864000Z.mseed,AXEC1,2015-04-24T11:38:01.864000Z,2015-04-24T11:38:01.864000Z,0.82,0.36,45.94275,-129.98874,0.527,223.42440430208057,4.280396601361426,0.9776104731824129,4.004566778794013,1.3
121658,passing_waveforms_data_mldd/waveforms/event_2015-04-24T11:38:17.739000Z.mseed,AXEC1,2015-04-24T11:38:17.739000Z,2015-04-24T11:38:17.739000Z,0.87,0.46,45.94727,-129.99275,1.535,256.47034428364566,7.802893201642563,0.9360607548369653,1.2181444419710798,1.2
121659,passing_waveforms_data_mldd/waveforms/event_2015-04-24T11:38:25.190999Z.mseed,AXEC1,2015-04-24T11:38:25.190999Z,2015-04-24T11:38:25.190999Z,0.98,0.46,45.94901,-129.99612,0.382,267.8611211250156,5.840811171628333,0.9812539252478073,6.210448844626503,1.4
121660,passing_waveforms_data_mldd/waveforms/event_2015-04-24T11:38:58.198999Z.mseed,AXEC1,2015-04-24T11:38:58.198999Z,2015-04-24T11:38:58.198999Z,0.99,0.45,45.95791,-129.99454,1.873,309.5351607977077,9.053261047900191,0.9998581186443332,9.058494032242153,2.4
121664,passing_waveforms_data_mldd/waveforms/event_2015-04-24T11:39:47.795999Z.mseed,AXEC1,2015-04-24T11:39:47.795999Z,2015-04-24T11:39:47.795999Z,0.96,0.49,45.94099,-129.9821,1.772,191.73415405871503,2.5894022379267114,0.9603855143056534,2.0843264575059455,1.8
121665,passing_waveforms_data_mldd/waveforms/event_2015-04-24T11:40:00.463000Z.mseed,AXEC1,2015-04-24T11:40:00.463000Z,2015-04-24T11:40:00.463000Z,0.97,0.48,45.94771,-129.99011,1.93,256.26707890008356,8.456178624418662,0.9768670899101947,5.472795167339926,1.8
121666,passing_waveforms_data_mldd/waveforms/event_2015-04-24T11:40:06.182999Z.mseed,AXEC1,2015-04-24T11:40:06.182999Z,2015-04-24T11:40:06.182999Z,0.91,0.47,45.94502,-129.99325,0.583,244.95527258331825,4.283815467358076,0.9591343452965727,2.8065811531748204,1.5
121667,passing_waveforms_data_mldd/waveforms/event_2015-04-24T11:40:30.108000Z.mseed,AXEC1,2015-04-24T11:40:30.108000Z,2015-04-24T11:40:30.108000Z,0.94,0.46,45.94366,-129.98932,1.59,229.29036766018743,3.178007571712244,0.9852617551172562,8.615587539491456,1.9
121668,passing_waveforms_data_mldd/waveforms/event_2015-04-24T11:40:35.677999Z.mseed,AXEC1,2015-04-24T11:40:35.677999Z,2015-04-24T11:40:35.677999Z,1.38,0.65,45.96557,-129.99773,0.921,322.5279526981231,5.9098195483168015,0.9763662514931859,7.3421714008617025,2.0
121670,passing_waveforms_data_mldd/waveforms/event_2015-04-24T11:41:04.325000Z.mseed,AXEC1,2015-04-24T11:41:04.325000Z,2015-04-24T11:41:04.325000Z,0.83,0.42,45.94438,-129.98436,1.655,212.7172707834688,10.271737718066106,0.9927406711118677,2.5577992834771686,1.8
121676,passing_waveforms_data_mldd/waveforms/event_2015-04-24T11:42:08.051999Z.mseed,AXEC1,2015-04-24T11:42:08.051999Z,2015-04-24T11:42:08.051999Z,1.82,0.79,45.93444,-129.9805,1.49,182.81556799136968,4.909184752698555,0.9164151261983668,12.841251349831024,1.4
121677,passing_waveforms_data_mldd/waveforms/event_2015-04-24T11:42:20.844000Z.mseed,AXEC1,2015-04-24T11:42:20.844000Z,2015-04-24T11:42:20.844000Z,0.82,0.36,45.94678,-129.99291,0.482,253.80729339797367,6.249468749188791,0.9958941223203278,7.017191682637385,1.8
121678,passing_waveforms_data_mldd/waveforms/event_2015-04-24T11:42:31.969000Z.mseed,AXEC1,2015-04-24T11:42:31.969000Z,2015-04-24T11:42:31.969000Z,0.9,0.46,45.9479,-129.99386,0.522,261.0566020712296,2.672525422184897,0.9352723183188165,5.501099048618459,1.9
121680,passing_waveforms_data_mldd/waveforms/event_2015-04-24T11:42:39.811999Z.mseed,AXEC1,2015-04-24T11:42:39.811999Z,2015-04-24T11:42:39.811999Z,0.83,0.37,45.94742,-129.99407,0.408,258.54910042959,8.085989975342114,0.994046640523643,10.568100615312284,2.3
121686,passing_waveforms_data_mldd/waveforms/event_2015-04-24T11:43:57.115999Z.mseed,AXEC1,2015-04-24T11:43:57.115999Z,2015-04-24T11:43:57.115999Z,1.03,0.53,45.93822,-129.97991,1.822,181.44304203105838,2.997379478977618,0.9800644820361885,7.004845773382289,1.4
121687,passing_waveforms_data_mldd/waveforms/event_2015-04-24T11:44:02.072000Z.mseed,AXEC1,2015-04-24T11:44:02.072000Z,2015-04-24T11:44:02.072000Z,1.12,0.69,45.94625,-130.01389,0.643,262.76809366470764,3.3245890531649813,0.9916543400935997,6.6862834181321205,1.4
121688,passing_waveforms_data_mldd/waveforms/event_2015-04-24T11:44:06.445999Z.mseed,AXEC1,2015-04-24T11:44:06.445999Z,2015-04-24T11:44:06.445999Z,0.88,0.4,45.9423,-129.99081,0.541,227.50056514384343,3.036464136609817,0.9566208654120912,11.51600733252725,1.4
121689,passing_waveforms_data_mldd/waveforms/event_2015-04-24T11:44:12.003000Z.mseed,AXEC1,2015-04-24T11:44:12.003000Z,2015-04-24T11:44:12.003000Z,1.97,1.06,45.91231,-129.99049,0.807,192.1288462762666,3.515664100317669,0.880892820742133,16.122241614443585,1.6
121691,passing_waveforms_data_mldd/waveforms/event_2015-04-24T11:44:40.704999Z.mseed,AXEC1,2015-04-24T11:44:40.704999Z,2015-04-24T11:44:40.704999Z,1.74,0.9,45.9423,-130.02801,1.054,258.53197141810506,2.91974385508097,0.8792002129180662,9.6765703272339,2.1
121692,passing_waveforms_data_mldd/waveforms/event_2015-04-24T11:44:55.088000Z.mseed,AXEC1,2015-04-24T11:44:55.088000Z,2015-04-24T11:44:55.088000Z,0.92,0.47,45.9467,-129.99466,0.531,255.28134181709052,4.383618787144848,0.9870372873881269,3.0892258062003695,1.7
121693,passing_waveforms_data_mldd/waveforms/event_2015-04-24T11:45:05.607999Z.mseed,AXEC1,2015-04-24T11:45:05.607999Z,2015-04-24T11:45:05.607999Z,1.19,0.62,45.96018,-129.9963,1.543,313.1844280087123,3.7161342261974277,0.9660971617567521,7.482750899066103,1.9
121696,passing_waveforms_data_mldd/waveforms/event_2015-04-24T11:45:35.088999Z.mseed,AXEC1,2015-04-24T11:45:35.088999Z,2015-04-24T11:45:35.088999Z,0.9,0.45,45.94496,-129.98873,1.555,234.45007638008911,5.018087355852199,0.9803693949820793,7.711829942992841,1.9
121698,passing_waveforms_data_mldd/waveforms/event_2015-04-24T11:46:02.879000Z.mseed,AXEC1,2015-04-24T11:46:02.879000Z,2015-04-24T11:46:02.879000Z,0.88,0.43,45.94619,-129.99427,0.51,252.26380210757134,7.280758956203066,0.9946276526100822,5.59955124834158,1.7
121700,passing_waveforms_data_mldd/waveforms/event_2015-04-24T11:46:33.975000Z.mseed,AXEC1,2015-04-24T11:46:33.975000Z,2015-04-24T11:46:33.975000Z,0.92,0.45,45.94794,-129.99329,1.16,260.89419148855285,4.983113279301674,0.9849842281222299,3.8465140441860965,1.7
121701,passing_waveforms_data_mldd/waveforms/event_2015-04-24T11:46:42.573000Z.mseed,AXEC1,2015-04-24T11:46:42.573000Z,2015-04-24T11:46:42.573000Z,0.79,0.34,45.94348,-129.98907,0.224,227.6857224523047,5.112206900870198,0.9753670895290946,6.549491225681577,1.0
121704,passing_waveforms_data_mldd/waveforms/event_2015-04-24T11:47:07.474999Z.mseed,AXEC1,2015-04-24T11:47:07.474999Z,2015-04-24T11:47:07.474999Z,1.0,0.49,45.93846,-129.98091,1.871,185.04558517218697,4.155312467971038,0.9853787458492095,2.8913911100868606,2.4
121706,passing_waveforms_data_mldd/waveforms/event_2015-04-24T11:47:31.431999Z.mseed,AXEC1,2015-04-24T11:47:31.431999Z,2015-04-24T11:47:31.431999Z,0.9,0.42,45.94877,-129.99541,0.53,266.4825439187499,8.047592278250747,0.9763255833432475,3.5743619133581537,1.5
121707,passing_waveforms_data_mldd/waveforms/event_2015-04-24T11:47:41.006000Z.mseed,AXEC1,2015-04-24T11:47:41.006000Z,2015-04-24T11:47:41.006000Z,0.86,0.4,45.94956,-129.98533,1.743,270.4144112153657,3.503684597517797,0.9826004041789217,4.116674433407314,1.3
121715,passing_waveforms_data_mldd/waveforms/event_2015-04-24T11:48:54.563000Z.mseed,AXEC1,2015-04-24T11:48:54.563000Z,2015-04-24T11:48:54.563000Z,0.93,0.46,45.94292,-129.9887,1.657,224.0179401994491,5.554692192174619,0.9969247985576266,6.066398021861974,1.9
121717,passing_waveforms_data_mldd/waveforms/event_2015-04-24T11:49:11.455999Z.mseed,AXEC1,2015-04-24T11:49:11.455999Z,2015-04-24T11:49:11.455999Z,0.84,0.38,45.93984,-129.98623,1.649,205.77218530590315,3.034630263980524,0.7490102084715113,26.091740132240194,1.3
121718,passing_waveforms_data_mldd/waveforms/event_2015-04-24T11:49:26.853999Z.mseed,AXEC1,2015-04-24T11:49:26.853999Z,2015-04-24T11:49:26.853999Z,0.95,0.43,45.94499,-129.99539,0.382,247.9583062425903,6.181958320882291,0.9754929992700144,16.281470510927143,1.8
121720,passing_waveforms_data_mldd/waveforms/event_2015-04-24T11:50:10.585000Z.mseed,AXEC1,2015-04-24T11:50:10.585000Z,2015-04-24T11:50:10.585000Z,0.87,0.4,45.95359,-129.98268,1.859,333.304636990193,5.041447845264519,0.995477352126759,5.715200850275386,1.6
121721,passing_waveforms_data_mldd/waveforms/event_2015-04-24T11:50:26.196999Z.mseed,AXEC1,2015-04-24T11:50:26.196999Z,2015-04-24T11:50:26.196999Z,1.01,0.51,45.95689,-129.9959,1.35,303.6097501216107,9.089914755926797,0.9259166012717113,16.769799148544404,1.7
121722,passing_waveforms_data_mldd/waveforms/event_2015-04-24T11:50:32.793999Z.mseed,AXEC1,2015-04-24T11:50:32.793999Z,2015-04-24T11:50:32.793999Z,0.85,0.37,45.94213,-129.98992,0.433,224.44851006288542,4.464383170622365,0.9790834353279254,5.280056258532774,1.6
121723,passing_waveforms_data_mldd/waveforms/event_2015-04-24T11:50:43.277000Z.mseed,AXEC1,2015-04-24T11:50:43.277000Z,2015-04-24T11:50:43.277000Z,0.93,0.43,45.95587,-129.9935,1.67,303.8720589323153,12.443617086418023,0.9923388312433533,7.717091413911293,1.9
121724,passing_waveforms_data_mldd/waveforms/event_2015-04-24T11:51:08.025999Z.mseed,AXEC1,2015-04-24T11:51:08.025999Z,2015-04-24T11:51:08.025999Z,0.85,0.4,45.94649,-129.98798,1.267,242.56128988562656,2.487070318698782,0.9738582640678887,2.8349801801359606,2.0
121728,passing_waveforms_data_mldd/waveforms/event_2015-04-24T11:51:42.433999Z.mseed,AXEC1,2015-04-24T11:51:42.433999Z,2015-04-24T11:51:42.433999Z,1.07,0.52,45.95951,-129.99697,1.412,310.21123189629316,11.82495825338545,0.9815101952057752,8.474402919315072,1.9
121729,passing_waveforms_data_mldd/waveforms/event_2015-04-24T11:52:19.929999Z.mseed,AXEC1,2015-04-24T11:52:19.929999Z,2015-04-24T11:52:19.929999Z,1.55,0.8,45.9701,-129.99955,1.843,326.70567204972286,2.040427847728559,0.980348808301051,2.4407867228204334,1.9
121732,passing_waveforms_data_mldd/waveforms/event_2015-04-24T11:52:59.850999Z.mseed,AXEC1,2015-04-24T11:52:59.850999Z,2015-04-24T11:52:59.850999Z,1.12,0.55,45.96048,-129.99734,1.461,312.24875911128635,7.863704958096761,0.988779743075852,7.515510498361154,2.0
121734,passing_waveforms_data_mldd/waveforms/event_2015-04-24T11:53:24.364000Z.mseed,AXEC1,2015-04-24T11:53:24.364000Z,2015-04-24T11:53:24.364000Z,1.08,0.71,45.9331,-129.98095,1.644,183.73363154163326,5.724111095651876,0.9787268524316788,4.691239081403246,1.4
121736,passing_waveforms_data_mldd/waveforms/event_2015-04-24T11:53:43.457000Z.mseed,AXEC1,2015-04-24T11:53:43.457000Z,2015-04-24T11:53:43.457000Z,1.22,0.65,45.93146,-129.97879,1.553,178.69705282193974,2.262417231519021,0.9538800252288526,7.177135673153993,1.6
121742,passing_waveforms_data_mldd/waveforms/event_2015-04-24T11:54:25.766999Z.mseed,AXEC1,2015-04-24T11:54:25.766999Z,2015-04-24T11:54:25.766999Z,0.93,0.4,45.94226,-129.98952,0.207,223.80984590051077,3.88715398289172,0.9688266965678792,4.683667314287949,1.2
121751,passing_waveforms_data_mldd/waveforms/event_2015-04-24T11:56:14.733000Z.mseed,AXEC1,2015-04-24T11:56:14.733000Z,2015-04-24T11:56:14.733000Z,1.88,0.96,45.93945,-130.0291,0.622,254.3415317446729,3.11731182281968,0.9450500499853774,13.409366893925528,2.2
121752,passing_waveforms_data_mldd/waveforms/event_2015-04-24T11:56:33.994999Z.mseed,AXEC1,2015-04-24T11:56:33.994999Z,2015-04-24T11:56:33.994999Z,1.5,0.84,45.93715,-130.00544,0.162,236.02220278282587,4.232323711464855,0.969435955336139,5.718849754684021,1.7
121756,passing_waveforms_data_mldd/waveforms/event_2015-04-24T11:57:17.103000Z.mseed,AXEC1,2015-04-24T11:57:17.103000Z,2015-04-24T11:57:17.103000Z,0.94,0.46,45.94154,-129.98225,1.87,193.18108516476389,7.776409965647471,0.986048958876006,3.169067507626798,2.0
121759,passing_waveforms_data_mldd/waveforms/event_2015-04-24T11:58:01.867000Z.mseed,AXEC1,2015-04-24T11:58:01.867000Z,2015-04-24T11:58:01.867000Z,0.78,0.33,45.94489,-129.99031,0.406,238.34695837055688,9.185468791285382,0.993420362173209,4.3411604233598435,1.3
121762,passing_waveforms_data_mldd/waveforms/event_2015-04-24T11:58:22.158000Z.mseed,AXEC1,2015-04-24T11:58:22.158000Z,2015-04-24T11:58:22.158000Z,1.08,0.52,45.96017,-129.99757,1.434,311.0631444175767,11.297440287042233,0.9889625328793231,3.8851498454748143,1.7
121764,passing_waveforms_data_mldd/waveforms/event_2015-04-24T11:58:42.023000Z.mseed,AXEC1,2015-04-24T11:58:42.023000Z,2015-04-24T11:58:42.023000Z,0.9,0.41,45.9461,-129.99233,0.495,249.15531338602665,2.3062773773739496,0.9728831045466835,7.12289472377866,1.4
121766,passing_waveforms_data_mldd/waveforms/event_2015-04-24T11:59:21.934000Z.mseed,AXEC1,2015-04-24T11:59:21.934000Z,2015-04-24T11:59:21.934000Z,0.81,0.35,45.94783,-129.99479,0.511,261.27047259439547,10.644264954447536,0.9845771292180566,6.541086334039933,1.4
121769,passing_waveforms_data_mldd/waveforms/event_2015-04-24T11:59:41.305999Z.mseed,AXEC1,2015-04-24T11:59:41.305999Z,2015-04-24T11:59:41.305999Z,0.94,0.49,45.95171,-129.99362,1.134,283.0819557063917,2.347454183458247,0.9440981002987063,15.080074542077607,2.1
121770,passing_waveforms_data_mldd/waveforms/event_2015-04-24T11:59:56.299999Z.mseed,AXEC1,2015-04-24T11:59:56.299999Z,2015-04-24T11:59:56.299999Z,5.07,3.51,45.99473,-129.99787,0.218,345.0364855459213,2.2747670450216657,0.9114919011536385,6.926640605861711,1.6
121771,passing_waveforms_data_mldd/waveforms/event_2015-04-24T12:00:02.513999Z.mseed,AXEC1,2015-04-24T12:00:02.513999Z,2015-04-24T12:00:02.513999Z,0.9,0.5,45.9469,-129.9923,1.634,253.75159787771202,7.290781317756904,0.9643619240877844,6.572920191092563,1.8
121774,passing_waveforms_data_mldd/waveforms/event_2015-04-24T12:00:31.871999Z.mseed,AXEC1,2015-04-24T12:00:31.871999Z,2015-04-24T12:00:31.871999Z,0.86,0.4,45.94571,-129.99408,0.46,249.61291267804975,4.585034399592905,0.9856242883555262,5.625507774606525,1.2
121776,passing_waveforms_data_mldd/waveforms/event_2015-04-24T12:00:59.563000Z.mseed,AXEC1,2015-04-24T12:00:59.563000Z,2015-04-24T12:00:59.563000Z,0.89,0.36,45.94381,-129.98915,0.364,229.51285655395242,3.539701002431789,0.9908274265597485,4.261414128126021,1.8
121778,passing_waveforms_data_mldd/waveforms/event_2015-04-24T12:01:17.181999Z.mseed,AXEC1,2015-04-24T12:01:17.181999Z,2015-04-24T12:01:17.181999Z,1.18,0.56,45.95971,-129.99516,0.729,313.9207213442289,2.366205976726543,0.9718154566240443,9.284065165812851,1.4
121779,passing_waveforms_data_mldd/waveforms/event_2015-04-24T12:01:24.367000Z.mseed,AXEC1,2015-04-24T12:01:24.367000Z,2015-04-24T12:01:24.367000Z,0.83,0.37,45.94412,-129.9906,0.454,235.0271575674243,2.8579813630618345,0.9541303418208823,8.681619415929067,1.0
121781,passing_waveforms_data_mldd/waveforms/event_2015-04-24T12:01:50.427999Z.mseed,AXEC1,2015-04-24T12:01:50.427999Z,2015-04-24T12:01:50.427999Z,1.0,0.42,45.9499,-129.9972,0.319,272.21207282666285,7.806878715587685,0.9945282290814966,6.545208536111126,1.6
121786,passing_waveforms_data_mldd/waveforms/event_2015-04-24T12:02:48.274999Z.mseed,AXEC1,2015-04-24T12:02:48.274999Z,2015-04-24T12:02:48.274999Z,0.88,0.43,45.94316,-129.98978,0.519,228.31173853227247,2.9428729191743956,0.9499676661814432,5.957183026942654,1.6
121788,passing_waveforms_data_mldd/waveforms/event_2015-04-24T12:03:28.414999Z.mseed,AXEC1,2015-04-24T12:03:28.414999Z,2015-04-24T12:03:28.414999Z,0.78,0.34,45.94344,-129.98872,0.491,226.40927911422605,3.385081113069819,0.987907084200042,4.808662734353326,1.2
121791,passing_waveforms_data_mldd/waveforms/event_2015-04-24T12:03:48.679000Z.mseed,AXEC1,2015-04-24T12:03:48.679000Z,2015-04-24T12:03:48.679000Z,1.15,0.59,45.93214,-129.97687,1.63,174.24404764329915,4.396900602030188,0.9528294471714203,7.68646707331089,2.2
121792,passing_waveforms_data_mldd/waveforms/event_2015-04-24T12:03:57.340000Z.mseed,AXEC1,2015-04-24T12:03:57.340000Z,2015-04-24T12:03:57.340000Z,0.9,0.46,45.94913,-129.98993,1.641,267.09953675562,5.591408758646131,0.9911514487208215,3.790203528764438,1.9
121793,passing_waveforms_data_mldd/waveforms/event_2015-04-24T12:04:02.218999Z.mseed,AXEC1,2015-04-24T12:04:02.218999Z,2015-04-24T12:04:02.218999Z,0.81,0.38,45.94794,-129.99369,0.496,261.1697291244901,9.525471922488233,0.9883770555142758,7.462797913755658,1.8
121800,passing_waveforms_data_mldd/waveforms/event_2015-04-24T12:04:55.143000Z.mseed,AXEC1,2015-04-24T12:04:55.143000Z,2015-04-24T12:04:55.143000Z,0.82,0.4,45.94539,-129.99293,0.56,246.2907306989882,5.859640650827034,0.9939182193549263,10.479482844964764,1.7
121804,passing_waveforms_data_mldd/waveforms/event_2015-04-24T12:05:20.646999Z.mseed,AXEC1,2015-04-24T12:05:20.646999Z,2015-04-24T12:05:20.646999Z,1.05,0.52,45.95094,-129.99703,0.419,277.1293979879097,2.7086943425719494,0.719470225203279,7.5358407209562195,1.1
121807,passing_waveforms_data_mldd/waveforms/event_2015-04-24T12:06:01.068000Z.mseed,AXEC1,2015-04-24T12:06:01.068000Z,2015-04-24T12:06:01.068000Z,0.84,0.37,45.95001,-129.99424,0.744,273.1370665553536,15.139373295727118,0.9830708857221315,7.730571762939591,1.7
121810,passing_waveforms_data_mldd/waveforms/event_2015-04-24T12:06:18.493999Z.mseed,AXEC1,2015-04-24T12:06:18.493999Z,2015-04-24T12:06:18.493999Z,1.73,0.9,45.94715,-130.01718,0.296,265.40762789165956,2.155103996776721,0.981656212051603,3.021525898712454,1.7
121811,passing_waveforms_data_mldd/waveforms/event_2015-04-24T12:06:29.157000Z.mseed,AXEC1,2015-04-24T12:06:29.157000Z,2015-04-24T12:06:29.157000Z,0.85,0.38,45.94764,-129.99436,0.429,259.96772806379414,6.743785304994734,0.9945053968678301,10.930871190213068,2.1
121813,passing_waveforms_data_mldd/waveforms/event_2015-04-24T12:06:56.145000Z.mseed,AXEC1,2015-04-24T12:06:56.145000Z,2015-04-24T12:06:56.145000Z,1.05,0.52,45.95597,-129.99487,1.422,301.8372125620692,2.282736006023646,0.9568430982988562,4.476239432963606,1.8
121814,passing_waveforms_data_mldd/waveforms/event_2015-04-24T12:07:00.171000Z.mseed,AXEC1,2015-04-24T12:07:00.171000Z,2015-04-24T12:07:00.171000Z,1.66,0.57,45.93961,-130.0096,0.34,245.1682173537016,2.2354408391527456,0.926643787982409,16.271892297650304,1.8
121817,passing_waveforms_data_mldd/waveforms/event_2015-04-24T12:07:34.487999Z.mseed,AXEC1,2015-04-24T12:07:34.487999Z,2015-04-24T12:07:34.487999Z,0.99,0.48,45.95649,-129.99535,1.334,303.0441192798214,12.459417542438922,0.9740086538933713,4.278834805012532,1.8
121819,passing_waveforms_data_mldd/waveforms/event_2015-04-24T12:07:41.734000Z.mseed,AXEC1,2015-04-24T12:07:41.734000Z,2015-04-24T12:07:41.734000Z,0.83,0.39,45.94808,-129.988,1.556,256.1825065498331,3.9930021016309736,0.9898944787370565,6.120681186132739,1.6
121821,passing_waveforms_data_mldd/waveforms/event_2015-04-24T12:08:05.992000Z.mseed,AXEC1,2015-04-24T12:08:05.992000Z,2015-04-24T12:08:05.992000Z,0.98,0.48,45.95703,-129.99534,1.422,305.03977105914726,12.591215344944494,0.9669363590032094,9.292882513855556,1.6
121826,passing_waveforms_data_mldd/waveforms/event_2015-04-24T12:09:32.719000Z.mseed,AXEC1,2015-04-24T12:09:32.719000Z,2015-04-24T12:09:32.719000Z,0.99,0.42,45.95922,-129.99621,1.469,310.64359755862654,11.317243499905615,0.9095609937362471,2.4411284181615205,1.7
121827,passing_waveforms_data_mldd/waveforms/event_2015-04-24T12:09:39.905000Z.mseed,AXEC1,2015-04-24T12:09:39.905000Z,2015-04-24T12:09:39.905000Z,0.88,0.44,45.94486,-129.99203,0.519,241.95243852808704,4.191991646740402,0.983395063204027,7.409673801364878,1.8
121828,passing_waveforms_data_mldd/waveforms/event_2015-04-24T12:10:04.064000Z.mseed,AXEC1,2015-04-24T12:10:04.064000Z,2015-04-24T12:10:04.064000Z,0.93,0.46,45.94054,-129.98337,1.624,196.51822872745097,5.252873072975597,0.9565283635617425,3.8137279040308716,1.3
121829,passing_waveforms_data_mldd/waveforms/event_2015-04-24T12:10:08.772999Z.mseed,AXEC1,2015-04-24T12:10:08.772999Z,2015-04-24T12:10:08.772999Z,0.92,0.44,45.94163,-129.98993,0.463,222.62133420206405,6.738953587967276,0.9256426710256987,5.601709741900967,1.4
121833,passing_waveforms_data_mldd/waveforms/event_2015-04-24T12:10:42.951000Z.mseed,AXEC1,2015-04-24T12:10:42.951000Z,2015-04-24T12:10:42.951000Z,0.84,0.38,45.94427,-129.99211,0.368,239.18490055173345,6.64159655122471,0.9909588657417632,11.75571871443481,1.4
121835,passing_waveforms_data_mldd/waveforms/event_2015-04-24T12:10:54.249000Z.mseed,AXEC1,2015-04-24T12:10:54.249000Z,2015-04-24T12:10:54.249000Z,0.86,0.42,45.94932,-129.99402,0.473,269.21832745899883,3.5224493460496387,0.9668777795324844,3.8263469546452877,1.3
121841,passing_waveforms_data_mldd/waveforms/event_2015-04-24T12:11:41.445999Z.mseed,AXEC1,2015-04-24T12:11:41.445999Z,2015-04-24T12:11:41.445999Z,0.87,0.44,45.94705,-129.99232,1.531,254.67456366829524,7.271346502807205,0.9785165482917019,4.239905580184802,1.4
121844,passing_waveforms_data_mldd/waveforms/event_2015-04-24T12:11:57.612999Z.mseed,AXEC1,2015-04-24T12:11:57.612999Z,2015-04-24T12:11:57.612999Z,0.67,0.66,45.93488,-129.98346,0.308,190.8231650338334,2.204527879871697,0.9074172230683933,6.6517205619800475,1.1
121846,passing_waveforms_data_mldd/waveforms/event_2015-04-24T12:12:10.526999Z.mseed,AXEC1,2015-04-24T12:12:10.526999Z,2015-04-24T12:12:10.526999Z,1.42,0.7,45.96786,-129.99904,1.623,324.2882456500239,6.444710047842754,0.9932498068100994,6.894570252495794,2.3
121848,passing_waveforms_data_mldd/waveforms/event_2015-04-24T12:12:41.250000Z.mseed,AXEC1,2015-04-24T12:12:41.250000Z,2015-04-24T12:12:41.250000Z,1.33,0.62,45.96925,-129.99452,1.013,332.98916272642276,11.246616745710575,0.9952058420263753,8.369892244050325,1.8
121851,passing_waveforms_data_mldd/waveforms/event_2015-04-24T12:13:10.070000Z.mseed,AXEC1,2015-04-24T12:13:10.070000Z,2015-04-24T12:13:10.070000Z,0.92,0.48,45.94745,-129.99262,1.244,257.4117475559358,2.498399442378677,0.9783339917203496,6.755878829820907,1.8
121852,passing_waveforms_data_mldd/waveforms/event_2015-04-24T12:13:17.210000Z.mseed,AXEC1,2015-04-24T12:13:17.210000Z,2015-04-24T12:13:17.210000Z,0.87,0.35,45.94763,-129.97905,1.969,167.6139473900751,7.074824835786071,0.8006507663428541,17.133473331639426,1.5
121853,passing_waveforms_data_mldd/waveforms/event_2015-04-24T12:13:22.859000Z.mseed,AXEC1,2015-04-24T12:13:22.859000Z,2015-04-24T12:13:22.859000Z,0.9,0.42,45.95174,-129.99434,1.051,282.65235490159876,9.948690833448925,0.9836514943622292,4.964379948097369,1.5
121855,passing_waveforms_data_mldd/waveforms/event_2015-04-24T12:13:49.649000Z.mseed,AXEC1,2015-04-24T12:13:49.649000Z,2015-04-24T12:13:49.649000Z,0.86,0.31,45.94828,-129.98391,1.273,246.82830336179623,2.77248158860076,0.939184641183953,8.166708896809522,1.6
121860,passing_waveforms_data_mldd/waveforms/event_2015-04-24T12:14:34.286000Z.mseed,AXEC1,2015-04-24T12:14:34.286000Z,2015-04-24T12:14:34.286000Z,0.86,0.41,45.94348,-129.98365,1.587,205.01526680458235,4.309312513502876,0.9863318816761997,2.1788290740420218,1.7
121863,passing_waveforms_data_mldd/waveforms/event_2015-04-24T12:14:53.716000Z.mseed,AXEC1,2015-04-24T12:14:53.716000Z,2015-04-24T12:14:53.716000Z,0.84,0.4,45.9439,-129.98956,0.565,231.1581239673413,3.631858016834781,0.9379325824928475,8.407831359362179,1.6
121866,passing_waveforms_data_mldd/waveforms/event_2015-04-24T12:15:39.375999Z.mseed,AXEC1,2015-04-24T12:15:39.375999Z,2015-04-24T12:15:39.375999Z,0.96,0.43,45.95685,-129.99534,0.677,304.3900554176599,3.40550020117708,0.9484544283276454,8.915698492892634,0.8
121868,passing_waveforms_data_mldd/waveforms/event_2015-04-24T12:15:54.557000Z.mseed,AXEC1,2015-04-24T12:15:54.557000Z,2015-04-24T12:15:54.557000Z,0.93,0.43,45.94863,-129.99543,0.481,265.7615562696704,9.996872480891325,0.9832270550604761,2.4836689362961626,1.8
121870,passing_waveforms_data_mldd/waveforms/event_2015-04-24T12:16:20.344999Z.mseed,AXEC1,2015-04-24T12:16:20.344999Z,2015-04-24T12:16:20.344999Z,0.91,0.46,45.94196,-129.98752,0.925,216.30636223114766,2.3519303030309553,0.9755048816842691,9.40669263993671,1.9
121875,passing_waveforms_data_mldd/waveforms/event_2015-04-24T12:16:48.079999Z.mseed,AXEC1,2015-04-24T12:16:48.079999Z,2015-04-24T12:16:48.079999Z,1.43,0.73,45.92274,-129.97309,1.315,170.9516039167213,8.777744385704512,0.9749796803484604,11.98878770504859,2.2
121879,passing_waveforms_data_mldd/waveforms/event_2015-04-24T12:17:44.433999Z.mseed,AXEC1,2015-04-24T12:17:44.433999Z,2015-04-24T12:17:44.433999Z,0.99,0.51,45.95393,-129.98926,2.168,303.82535950132365,2.1064576513013082,0.9418326261052858,7.764994263403133,1.1
121884,passing_waveforms_data_mldd/waveforms/event_2015-04-24T12:18:20.160000Z.mseed,AXEC1,2015-04-24T12:18:20.160000Z,2015-04-24T12:18:20.160000Z,1.01,0.45,45.95156,-129.99662,0.482,280.2336314367037,4.5969366272176355,0.988352341582238,7.952465493948583,1.4
121889,passing_waveforms_data_mldd/waveforms/event_2015-04-24T12:19:06.455000Z.mseed,AXEC1,2015-04-24T12:19:06.455000Z,2015-04-24T12:19:06.455000Z,0.88,0.35,45.9464,-129.99412,0.421,253.16586541636542,6.872244164638181,0.9973150486005192,5.814902980028527,1.6
121890,passing_waveforms_data_mldd/waveforms/event_2015-04-24T12:19:11.157999Z.mseed,AXEC1,2015-04-24T12:19:11.157999Z,2015-04-24T12:19:11.157999Z,0.87,0.45,45.94399,-129.99206,0.571,237.75227975483511,4.040494462888345,0.9778361286647097,9.030589305052683,1.4
121897,passing_waveforms_data_mldd/waveforms/event_2015-04-24T12:20:27.242999Z.mseed,AXEC1,2015-04-24T12:20:27.242999Z,2015-04-24T12:20:27.242999Z,1.15,0.55,45.96072,-129.99611,1.578,314.9345711061407,7.123739720096671,0.9857486354176626,4.124286261670795,1.9
121901,passing_waveforms_data_mldd/waveforms/event_2015-04-24T12:21:28.762000Z.mseed,AXEC1,2015-04-24T12:21:28.762000Z,2015-04-24T12:21:28.762000Z,0.9,0.39,45.94216,-129.99084,0.447,227.03287195947328,9.1048571532851,0.97685454445187,8.742159371593782,1.3
121903,passing_waveforms_data_mldd/waveforms/event_2015-04-24T12:21:48.167000Z.mseed,AXEC1,2015-04-24T12:21:48.167000Z,2015-04-24T12:21:48.167000Z,0.98,0.54,45.9457,-129.99322,1.62,248.34692250437158,3.3714188823513975,0.9917278438026694,5.873152800958574,1.9
121905,passing_waveforms_data_mldd/waveforms/event_2015-04-24T12:22:19.900999Z.mseed,AXEC1,2015-04-24T12:22:19.900999Z,2015-04-24T12:22:19.900999Z,1.04,0.5,45.95657,-129.99165,1.549,310.691876411687,6.3477034637776075,0.985350695054438,3.4692862257727906,1.6
121906,passing_waveforms_data_mldd/waveforms/event_2015-04-24T12:22:28.490999Z.mseed,AXEC1,2015-04-24T12:22:28.490999Z,2015-04-24T12:22:28.490999Z,1.73,0.92,45.93368,-130.02027,1.369,241.3931620416346,4.381365644556384,0.9744567515104828,6.562318316936488,1.8
121907,passing_waveforms_data_mldd/waveforms/event_2015-04-24T12:22:37.595999Z.mseed,AXEC1,2015-04-24T12:22:37.595999Z,2015-04-24T12:22:37.595999Z,0.91,0.43,45.94512,-129.98924,1.551,236.87848756811846,4.5631293765576295,0.9793610599258673,8.80853763087206,1.5
121909,passing_waveforms_data_mldd/waveforms/event_2015-04-24T12:22:49.862999Z.mseed,AXEC1,2015-04-24T12:22:49.862999Z,2015-04-24T12:22:49.862999Z,1.07,0.57,45.9532,-130.00142,1.125,284.1501390647966,4.94397174424444,0.9678854367797962,2.544090488995117,1.0
121911,passing_waveforms_data_mldd/waveforms/event_2015-04-24T12:22:58.240000Z.mseed,AXEC1,2015-04-24T12:22:58.240000Z,2015-04-24T12:22:58.240000Z,0.89,0.36,45.94245,-129.98967,0.46,224.99623517061391,2.3310326754690607,0.9225910240065551,3.4153674488414465,1.2
121917,passing_waveforms_data_mldd/waveforms/event_2015-04-24T12:23:56.438000Z.mseed,AXEC1,2015-04-24T12:23:56.438000Z,2015-04-24T12:23:56.438000Z,0.91,0.45,45.95053,-129.99487,0.604,275.83968830357367,3.9585090395421982,0.9294972745090927,4.867570131917858,1.5
121920,passing_waveforms_data_mldd/waveforms/event_2015-04-24T12:24:20.824000Z.mseed,AXEC1,2015-04-24T12:24:20.824000Z,2015-04-24T12:24:20.824000Z,0.88,0.44,45.95156,-129.99173,1.33,283.98486700072874,4.369698613066899,0.9844579630392715,7.698376527605865,1.5
121921,passing_waveforms_data_mldd/waveforms/event_2015-04-24T12:24:38.512999Z.mseed,AXEC1,2015-04-24T12:24:38.512999Z,2015-04-24T12:24:38.512999Z,1.01,0.52,45.93772,-129.98236,1.674,189.59785854208633,2.1232958701375972,0.9167670204533818,9.983839600139301,2.5
121922,passing_waveforms_data_mldd/waveforms/event_2015-04-24T12:24:56.698000Z.mseed,AXEC1,2015-04-24T12:24:56.698000Z,2015-04-24T12:24:56.698000Z,0.92,0.46,45.94355,-129.99142,0.532,234.2980257007572,2.6771705499904153,0.986383156242429,6.394194805058478,1.9
121923,passing_waveforms_data_mldd/waveforms/event_2015-04-24T12:25:22.929999Z.mseed,AXEC1,2015-04-24T12:25:22.929999Z,2015-04-24T12:25:22.929999Z,0.9,0.4,45.94894,-129.99612,0.481,267.51193851412813,5.348011295072066,0.9980237373697073,6.910570720228211,1.5
121926,passing_waveforms_data_mldd/waveforms/event_2015-04-24T12:25:58.020000Z.mseed,AXEC1,2015-04-24T12:25:58.020000Z,2015-04-24T12:25:58.020000Z,1.33,0.55,45.94999,-129.99767,0.004,272.5840127240804,13.271690934688115,0.9823421767409617,9.486252816986344,1.9
121927,passing_waveforms_data_mldd/waveforms/event_2015-04-24T12:26:13.833999Z.mseed,AXEC1,2015-04-24T12:26:13.833999Z,2015-04-24T12:26:13.833999Z,0.82,0.37,45.94587,-129.9931,0.4,249.06110715373512,9.571672313821441,0.9193392068241615,16.203110325886275,1.9
121929,passing_waveforms_data_mldd/waveforms/event_2015-04-24T12:26:28.542999Z.mseed,AXEC1,2015-04-24T12:26:28.542999Z,2015-04-24T12:26:28.542999Z,0.81,0.37,45.94518,-129.99228,0.638,244.0799552177126,8.406642364660236,0.9910523354584252,6.198928763736036,2.0
121930,passing_waveforms_data_mldd/waveforms/event_2015-04-24T12:26:40.012000Z.mseed,AXEC1,2015-04-24T12:26:40.012000Z,2015-04-24T12:26:40.012000Z,0.79,0.52,45.9467,-129.9978,1.262,257.8613897970257,6.211422250923825,0.9784912856940033,6.786474968946043,1.4
121931,passing_waveforms_data_mldd/waveforms/event_2015-04-24T12:26:44.210000Z.mseed,AXEC1,2015-04-24T12:26:44.210000Z,2015-04-24T12:26:44.210000Z,1.44,0.73,45.96706,-129.99836,1.264,324.0422941183014,2.457382799342469,0.9226878549214375,12.31729879827421,1.9
121933,passing_waveforms_data_mldd/waveforms/event_2015-04-24T12:27:04.971000Z.mseed,AXEC1,2015-04-24T12:27:04.971000Z,2015-04-24T12:27:04.971000Z,0.94,0.49,45.94342,-129.98242,1.818,197.82547049883408,2.0671083080544626,0.9316317309433134,4.758562606207304,1.8
121935,passing_waveforms_data_mldd/waveforms/event_2015-04-24T12:27:27.076000Z.mseed,AXEC1,2015-04-24T12:27:27.076000Z,2015-04-24T12:27:27.076000Z,0.91,0.48,45.94334,-129.99188,0.757,234.41490846535686,5.629365514777561,0.988301573426227,4.4913779679598465,1.5
121937,passing_waveforms_data_mldd/waveforms/event_2015-04-24T12:27:39.920999Z.mseed,AXEC1,2015-04-24T12:27:39.920999Z,2015-04-24T12:27:39.920999Z,0.92,0.45,45.94221,-129.98345,1.611,200.24800158640525,4.626454628925281,0.9889599837187539,3.9284251283592986,1.5
121941,passing_waveforms_data_mldd/waveforms/event_2015-04-24T12:28:07.245000Z.mseed,AXEC1,2015-04-24T12:28:07.245000Z,2015-04-24T12:28:07.245000Z,0.96,0.4,45.94902,-129.99633,0.454,267.9463883774597,2.233166017783144,0.9932366102653689,7.434886265511622,1.2
121942,passing_waveforms_data_mldd/waveforms/event_2015-04-24T12:28:14.487999Z.mseed,AXEC1,2015-04-24T12:28:14.487999Z,2015-04-24T12:28:14.487999Z,1.12,0.55,45.95975,-129.99693,1.505,310.9498480162905,7.30772224133368,0.9775141854696364,7.361189791917155,1.7
121943,passing_waveforms_data_mldd/waveforms/event_2015-04-24T12:28:22.646000Z.mseed,AXEC1,2015-04-24T12:28:22.646000Z,2015-04-24T12:28:22.646000Z,0.89,0.45,45.94637,-129.99286,0.496,251.43573257176658,4.180849663837935,0.9846374384378768,3.6105963879919027,1.6
121944,passing_waveforms_data_mldd/waveforms/event_2015-04-24T12:28:36.423999Z.mseed,AXEC1,2015-04-24T12:28:36.423999Z,2015-04-24T12:28:36.423999Z,0.94,0.51,45.9454,-129.99816,1.194,252.72734148867494,3.9576454582754175,0.919792733300403,6.689654542913693,1.2
121945,passing_waveforms_data_mldd/waveforms/event_2015-04-24T12:28:46.151000Z.mseed,AXEC1,2015-04-24T12:28:46.151000Z,2015-04-24T12:28:46.151000Z,1.05,0.54,45.9427,-129.98925,1.904,224.78563506260664,2.2519260811474133,0.9687808561468398,0.8693053768020211,1.5
121946,passing_waveforms_data_mldd/waveforms/event_2015-04-24T12:29:01.733000Z.mseed,AXEC1,2015-04-24T12:29:01.733000Z,2015-04-24T12:29:01.733000Z,0.9,0.45,45.94223,-129.9888,0.607,221.52453511308792,2.848345069289086,0.9337400475560946,8.06686790762377,1.8
121948,passing_waveforms_data_mldd/waveforms/event_2015-04-24T12:29:18.868999Z.mseed,AXEC1,2015-04-24T12:29:18.868999Z,2015-04-24T12:29:18.868999Z,0.9,0.42,45.94958,-129.99511,0.596,270.7097101456505,4.818607949102317,0.9735036731281999,4.781988145223592,1.2
121951,passing_waveforms_data_mldd/waveforms/event_2015-04-24T12:30:18.257999Z.mseed,AXEC1,2015-04-24T12:30:18.257999Z,2015-04-24T12:30:18.257999Z,1.3,0.68,45.92778,-129.97517,1.593,172.45316992453309,4.201405553601562,0.9071074676501968,11.074105389309093,2.0
121952,passing_waveforms_data_mldd/waveforms/event_2015-04-24T12:30:30.524999Z.mseed,AXEC1,2015-04-24T12:30:30.524999Z,2015-04-24T12:30:30.524999Z,0.89,0.41,45.94244,-129.99014,0.534,226.2757814106741,3.95825444671167,0.9806395657473435,5.039134678611965,1.6
121957,passing_waveforms_data_mldd/waveforms/event_2015-04-24T12:31:12.394999Z.mseed,AXEC1,2015-04-24T12:31:12.394999Z,2015-04-24T12:31:12.394999Z,0.79,0.49,45.95153,-129.99748,1.222,279.6459509779763,2.8849419140834205,0.9882376250392197,5.6193808520486765,1.8
121960,passing_waveforms_data_mldd/waveforms/event_2015-04-24T12:31:40.484999Z.mseed,AXEC1,2015-04-24T12:31:40.484999Z,2015-04-24T12:31:40.484999Z,0.91,0.51,45.94187,-129.98261,1.573,195.4562674160333,2.0269157681750816,0.9892777546617312,5.630747197530344,1.3
121974,passing_waveforms_data_mldd/waveforms/event_2015-04-24T12:34:13.166999Z.mseed,AXEC1,2015-04-24T12:34:13.166999Z,2015-04-24T12:34:13.166999Z,0.97,0.44,45.95029,-129.99595,0.413,274.2941489377596,11.473795028137332,0.988572538296958,3.9191126371739293,1.4
121975,passing_waveforms_data_mldd/waveforms/event_2015-04-24T12:34:19.420000Z.mseed,AXEC1,2015-04-24T12:34:19.420000Z,2015-04-24T12:34:19.420000Z,0.87,0.41,45.94446,-129.99009,0.442,235.47023106389642,2.143212740600653,0.9905357447803554,2.335660726942301,2.1
121977,passing_waveforms_data_mldd/waveforms/event_2015-04-24T12:34:31.533999Z.mseed,AXEC1,2015-04-24T12:34:31.533999Z,2015-04-24T12:34:31.533999Z,1.13,0.59,45.93313,-129.97891,1.57,178.78483133438334,2.237393576398542,0.960549303256209,12.704013161677414,1.5
121978,passing_waveforms_data_mldd/waveforms/event_2015-04-24T12:35:04.910999Z.mseed,AXEC1,2015-04-24T12:35:04.910999Z,2015-04-24T12:35:04.910999Z,1.0,0.48,45.95331,-129.98613,1.986,310.45463080715524,3.5399733286172683,0.9883833426201531,5.765098048962958,1.5
121981,passing_waveforms_data_mldd/waveforms/event_2015-04-24T12:35:19.984999Z.mseed,AXEC1,2015-04-24T12:35:19.984999Z,2015-04-24T12:35:19.984999Z,0.9,0.2,45.94659,-129.99378,0.535,253.77776149050962,5.805154204524749,0.8902824658323822,3.765797881468105,1.4
121984,passing_waveforms_data_mldd/waveforms/event_2015-04-24T12:35:49.447000Z.mseed,AXEC1,2015-04-24T12:35:49.447000Z,2015-04-24T12:35:49.447000Z,0.9,0.51,45.94727,-129.99798,1.297,260.4427364039283,2.8412164224879826,0.974763682884949,4.03839776010896,1.0
121992,passing_waveforms_data_mldd/waveforms/event_2015-04-24T12:37:01.074999Z.mseed,AXEC1,2015-04-24T12:37:01.074999Z,2015-04-24T12:37:01.074999Z,0.91,0.39,45.95175,-129.98478,2.09,302.1887285052271,5.745466988562917,0.9984119471847863,4.610603244393993,1.7
121993,passing_waveforms_data_mldd/waveforms/event_2015-04-24T12:37:04.988000Z.mseed,AXEC1,2015-04-24T12:37:04.988000Z,2015-04-24T12:37:04.988000Z,0.89,0.42,45.94698,-129.98577,1.711,239.15484259293692,2.9440325507021,0.9915551988757777,5.37427354328111,1.9
121994,passing_waveforms_data_mldd/waveforms/event_2015-04-24T12:37:20.253000Z.mseed,AXEC1,2015-04-24T12:37:20.253000Z,2015-04-24T12:37:20.253000Z,0.88,0.43,45.94781,-129.99479,0.415,261.16457257548586,11.404970705369585,0.9785602617284619,7.5491611803215175,1.9
121995,passing_waveforms_data_mldd/waveforms/event_2015-04-24T12:37:29.158000Z.mseed,AXEC1,2015-04-24T12:37:29.158000Z,2015-04-24T12:37:29.158000Z,0.75,0.31,45.95033,-129.9661,0.854,86.17899856355729,2.803000287377074,0.9920529757822746,6.28470443777021,1.6
121998,passing_waveforms_data_mldd/waveforms/event_2015-04-24T12:37:56.225000Z.mseed,AXEC1,2015-04-24T12:37:56.225000Z,2015-04-24T12:37:56.225000Z,1.19,0.46,45.95879,-129.99739,0.54,307.44932887656853,4.0420193098843376,0.9935946736948681,4.543497472753912,1.3
122000,passing_waveforms_data_mldd/waveforms/event_2015-04-24T12:38:14.332000Z.mseed,AXEC1,2015-04-24T12:38:14.332000Z,2015-04-24T12:38:14.332000Z,0.97,0.5,45.95126,-129.99655,0.537,278.8446761062172,3.75684479582553,0.8488986256086116,8.097529888849847,1.2
122002,passing_waveforms_data_mldd/waveforms/event_2015-04-24T12:38:31.414999Z.mseed,AXEC1,2015-04-24T12:38:31.414999Z,2015-04-24T12:38:31.414999Z,0.96,0.51,45.93458,-129.98046,1.468,182.7287850342584,7.1646117937848715,0.9797272610897135,10.09565744968142,2.0
122003,passing_waveforms_data_mldd/waveforms/event_2015-04-24T12:38:47.662999Z.mseed,AXEC1,2015-04-24T12:38:47.662999Z,2015-04-24T12:38:47.662999Z,0.95,0.45,45.94722,-129.99427,0.432,257.6369235112079,2.0208826647277984,0.9571809014581704,7.762612984475768,1.4
122005,passing_waveforms_data_mldd/waveforms/event_2015-04-24T12:38:56.453000Z.mseed,AXEC1,2015-04-24T12:38:56.453000Z,2015-04-24T12:38:56.453000Z,1.51,1.02,45.94265,-130.01253,0.417,253.8805984390565,5.767616348632065,0.9892663720144084,6.454088614621683,2.2
122006,passing_waveforms_data_mldd/waveforms/event_2015-04-24T12:39:09.314999Z.mseed,AXEC1,2015-04-24T12:39:09.314999Z,2015-04-24T12:39:09.314999Z,1.0,0.52,45.94965,-129.99586,0.507,271.06577088822405,3.153358594235398,0.8985857917594746,1.054919569023096,1.6
122013,passing_waveforms_data_mldd/waveforms/event_2015-04-24T12:39:50.204000Z.mseed,AXEC1,2015-04-24T12:39:50.204000Z,2015-04-24T12:39:50.204000Z,0.92,0.47,45.9466,-129.99371,0.464,253.75163553147505,2.8752230069134734,0.9505310270312625,2.9867784539999103,1.4
122016,passing_waveforms_data_mldd/waveforms/event_2015-04-24T12:40:15.974000Z.mseed,AXEC1,2015-04-24T12:40:15.974000Z,2015-04-24T12:40:15.974000Z,0.94,0.47,45.95297,-129.99247,1.495,291.54446781071044,4.339149266325716,0.9836436962938435,6.730720630070947,2.3
122021,passing_waveforms_data_mldd/waveforms/event_2015-04-24T12:41:01.234000Z.mseed,AXEC1,2015-04-24T12:41:01.234000Z,2015-04-24T12:41:01.234000Z,1.47,0.76,45.96567,-130.00095,1.724,318.0629458507119,2.2782197850023094,0.9523503688345314,11.363212346995809,1.7
122022,passing_waveforms_data_mldd/waveforms/event_2015-04-24T12:41:13.836999Z.mseed,AXEC1,2015-04-24T12:41:13.836999Z,2015-04-24T12:41:13.836999Z,0.97,0.47,45.95532,-129.98295,2.084,339.15446044478495,5.314567471133817,0.9684390084299381,2.6827395092330364,1.1
122024,passing_waveforms_data_mldd/waveforms/event_2015-04-24T12:41:42.652999Z.mseed,AXEC1,2015-04-24T12:41:42.652999Z,2015-04-24T12:41:42.652999Z,1.02,0.49,45.94998,-129.99661,0.433,272.6524557421626,2.4678045356178204,0.9560328437580706,4.754186602498806,1.6
122026,passing_waveforms_data_mldd/waveforms/event_2015-04-24T12:42:04.222999Z.mseed,AXEC1,2015-04-24T12:42:04.222999Z,2015-04-24T12:42:04.222999Z,1.16,0.57,45.95655,-129.99995,0.844,296.97619391181104,2.1885509151131424,0.9056729748604904,6.892900049609439,1.2
122027,passing_waveforms_data_mldd/waveforms/event_2015-04-24T12:42:16.250000Z.mseed,AXEC1,2015-04-24T12:42:16.250000Z,2015-04-24T12:42:16.250000Z,0.92,0.4,45.95718,-129.99539,1.55,305.48792054924206,8.746460748891245,0.9929511438362961,13.500904167472042,1.5
122035,passing_waveforms_data_mldd/waveforms/event_2015-04-24T12:43:33.807000Z.mseed,AXEC1,2015-04-24T12:43:33.807000Z,2015-04-24T12:43:33.807000Z,0.87,0.4,45.94284,-129.98823,0.353,222.14740378154823,2.904432041972997,0.9600911893980638,5.976914498771127,1.4
122039,passing_waveforms_data_mldd/waveforms/event_2015-04-24T12:44:10.851000Z.mseed,AXEC1,2015-04-24T12:44:10.851000Z,2015-04-24T12:44:10.851000Z,1.05,0.48,45.95868,-129.99681,1.45,308.03641001441025,7.020669441447707,0.986641119979543,10.969997682209208,1.4
122044,passing_waveforms_data_mldd/waveforms/event_2015-04-24T12:44:33.976999Z.mseed,AXEC1,2015-04-24T12:44:33.976999Z,2015-04-24T12:44:33.976999Z,1.09,0.51,45.95901,-129.99566,1.583,310.9780276751898,10.7057420366877,0.9928235972646546,7.7012268550772065,1.7
122046,passing_waveforms_data_mldd/waveforms/event_2015-04-24T12:45:23.908999Z.mseed,AXEC1,2015-04-24T12:45:23.908999Z,2015-04-24T12:45:23.908999Z,1.74,0.63,45.94398,-130.02568,1.457,260.8172514535142,2.4142692638192065,0.9836233021646712,15.19842326854018,1.6
122047,passing_waveforms_data_mldd/waveforms/event_2015-04-24T12:45:45.741999Z.mseed,AXEC1,2015-04-24T12:45:45.741999Z,2015-04-24T12:45:45.741999Z,0.91,0.39,45.94734,-129.99487,0.337,258.7578200567068,6.545393993771718,0.870794744982586,13.431262114044596,1.8
122048,passing_waveforms_data_mldd/waveforms/event_2015-04-24T12:46:01.717000Z.mseed,AXEC1,2015-04-24T12:46:01.717000Z,2015-04-24T12:46:01.717000Z,1.33,0.82,45.94204,-130.01917,0.502,255.40392775116993,2.2949541509560536,0.9573730621940307,4.250817353851782,1.1
122049,passing_waveforms_data_mldd/waveforms/event_2015-04-24T12:46:19.265000Z.mseed,AXEC1,2015-04-24T12:46:19.265000Z,2015-04-24T12:46:19.265000Z,0.9,0.45,45.94751,-129.99038,1.688,255.18000485606822,10.422469558568288,0.9930832151162129,7.542661996860243,1.8
122050,passing_waveforms_data_mldd/waveforms/event_2015-04-24T12:46:58.220999Z.mseed,AXEC1,2015-04-24T12:46:58.220999Z,2015-04-24T12:46:58.220999Z,1.01,0.44,45.95294,-129.99623,1.169,286.95663757930214,2.3968741215084695,0.812586966320519,18.773507080529125,1.2
122052,passing_waveforms_data_mldd/waveforms/event_2015-04-24T12:47:10.130000Z.mseed,AXEC1,2015-04-24T12:47:10.130000Z,2015-04-24T12:47:10.130000Z,0.99,0.44,45.95699,-129.99472,1.608,305.9810413591716,15.540260879520599,0.9946323658059476,9.08086542171627,1.9
122055,passing_waveforms_data_mldd/waveforms/event_2015-04-24T12:47:51.073999Z.mseed,AXEC1,2015-04-24T12:47:51.073999Z,2015-04-24T12:47:51.073999Z,1.11,0.55,45.95942,-129.99748,1.41,309.1410712527756,7.086765430010229,0.9871060494189301,5.059778072420763,1.6
122056,passing_waveforms_data_mldd/waveforms/event_2015-04-24T12:48:07.129999Z.mseed,AXEC1,2015-04-24T12:48:07.129999Z,2015-04-24T12:48:07.129999Z,0.94,0.47,45.94019,-129.98179,1.652,189.5308962800077,4.8386253387749365,0.9554887750660374,3.3284256406675814,1.6
122058,passing_waveforms_data_mldd/waveforms/event_2015-04-24T12:48:29.839999Z.mseed,AXEC1,2015-04-24T12:48:29.839999Z,2015-04-24T12:48:29.839999Z,0.98,0.49,45.9393,-129.98263,1.807,191.9509382716829,2.8874143808976527,0.9789274211435142,8.873527153689004,2.4
122063,passing_waveforms_data_mldd/waveforms/event_2015-04-24T12:49:22.564000Z.mseed,AXEC1,2015-04-24T12:49:22.564000Z,2015-04-24T12:49:22.564000Z,1.78,0.95,45.91973,-129.99187,0.649,196.58806466094524,2.016912133404431,0.963660042048831,6.375040587805893,1.7
122064,passing_waveforms_data_mldd/waveforms/event_2015-04-24T12:49:38.311999Z.mseed,AXEC1,2015-04-24T12:49:38.311999Z,2015-04-24T12:49:38.311999Z,1.02,0.5,45.9566,-129.99417,1.444,305.52925112296214,4.785977835896168,0.9829150079360826,7.468172768116494,1.2
122065,passing_waveforms_data_mldd/waveforms/event_2015-04-24T12:49:47.716999Z.mseed,AXEC1,2015-04-24T12:49:47.716999Z,2015-04-24T12:49:47.716999Z,1.22,0.59,45.94163,-130.0103,0.621,250.28869757581606,3.128801559938339,0.9572402577102066,8.276602757613622,1.4
122066,passing_waveforms_data_mldd/waveforms/event_2015-04-24T12:49:52.543999Z.mseed,AXEC1,2015-04-24T12:49:52.543999Z,2015-04-24T12:49:52.543999Z,1.6,0.79,45.93771,-130.02122,1.292,248.43542269896415,2.844541483368986,0.8662479535295254,20.30873410426667,1.5
122067,passing_waveforms_data_mldd/waveforms/event_2015-04-24T12:50:17.410000Z.mseed,AXEC1,2015-04-24T12:50:17.410000Z,2015-04-24T12:50:17.410000Z,1.1,0.51,45.95003,-129.99757,0.265,272.77809201424407,8.96923075632017,0.9793952899222673,6.745016403589646,1.7
122068,passing_waveforms_data_mldd/waveforms/event_2015-04-24T12:50:23.019999Z.mseed,AXEC1,2015-04-24T12:50:23.019999Z,2015-04-24T12:50:23.019999Z,0.91,0.43,45.94265,-129.99017,0.483,227.21251168419417,3.7138731929160658,0.9610221483599913,0.13245358766883447,1.6
122071,passing_waveforms_data_mldd/waveforms/event_2015-04-24T12:51:17.181999Z.mseed,AXEC1,2015-04-24T12:51:17.181999Z,2015-04-24T12:51:17.181999Z,0.97,0.45,45.95064,-129.99757,0.568,275.57114847117185,7.945522907932435,0.9396879016731163,1.7980528696040539,1.8
122079,passing_waveforms_data_mldd/waveforms/event_2015-04-24T12:52:28.695000Z.mseed,AXEC1,2015-04-24T12:52:28.695000Z,2015-04-24T12:52:28.695000Z,1.21,0.66,45.92974,-129.97618,1.546,173.64647823256,2.7894327833121104,0.9761299544527389,7.722642202351524,2.0
122080,passing_waveforms_data_mldd/waveforms/event_2015-04-24T12:52:37.009999Z.mseed,AXEC1,2015-04-24T12:52:37.009999Z,2015-04-24T12:52:37.009999Z,1.68,0.85,45.93793,-130.0211,1.271,248.7514611672014,3.9875118837340495,0.9633924834053693,3.321707253443778,1.7
122084,passing_waveforms_data_mldd/waveforms/event_2015-04-24T12:53:36.911000Z.mseed,AXEC1,2015-04-24T12:53:36.911000Z,2015-04-24T12:53:36.911000Z,0.95,0.45,45.9415,-129.9895,1.204,220.9424805024434,2.175696825468042,0.9219574013516534,7.0996642722423555,1.5
122085,passing_waveforms_data_mldd/waveforms/event_2015-04-24T12:53:56.485999Z.mseed,AXEC1,2015-04-24T12:53:56.485999Z,2015-04-24T12:53:56.485999Z,1.03,0.52,45.95477,-129.99362,1.496,298.8348905704596,2.6974879875886475,0.9140052891038899,2.6352007454863062,1.6
122089,passing_waveforms_data_mldd/waveforms/event_2015-04-24T12:54:34.905999Z.mseed,AXEC1,2015-04-24T12:54:34.905999Z,2015-04-24T12:54:34.905999Z,0.97,0.54,45.94744,-129.99196,1.701,256.6600392936694,3.5456361454072867,0.9820046097517464,2.905865081846667,1.8
122093,passing_waveforms_data_mldd/waveforms/event_2015-04-24T12:55:03.367000Z.mseed,AXEC1,2015-04-24T12:55:03.367000Z,2015-04-24T12:55:03.367000Z,0.92,0.41,45.95073,-129.98844,1.757,281.3895275599335,3.5578036751755944,0.9919445026934697,4.61449548179398,1.5
122095,passing_waveforms_data_mldd/waveforms/event_2015-04-24T12:55:28.871999Z.mseed,AXEC1,2015-04-24T12:55:28.871999Z,2015-04-24T12:55:28.871999Z,1.23,0.52,45.94955,-129.99781,0.037,270.5746157884977,6.071751574957509,0.9566099226372642,6.619268810296873,1.4
122097,passing_waveforms_data_mldd/waveforms/event_2015-04-24T12:55:41.509000Z.mseed,AXEC1,2015-04-24T12:55:41.509000Z,2015-04-24T12:55:41.509000Z,1.47,0.74,45.94053,-130.01791,1.015,251.96482787981913,2.9639612330308576,0.9329027888690566,8.435186665436824,1.2
122100,passing_waveforms_data_mldd/waveforms/event_2015-04-24T12:55:58.682999Z.mseed,AXEC1,2015-04-24T12:55:58.682999Z,2015-04-24T12:55:58.682999Z,1.02,0.5,45.95569,-129.99538,1.327,299.8997583645715,3.1546976960492485,0.9595526565632039,1.457471616065825,1.5
122102,passing_waveforms_data_mldd/waveforms/event_2015-04-24T12:56:20.903999Z.mseed,AXEC1,2015-04-24T12:56:20.903999Z,2015-04-24T12:56:20.903999Z,0.97,0.43,45.94233,-129.9904,0.675,226.54254714573943,2.303231487447473,0.8976707174276243,12.752603985360642,1.4
122103,passing_waveforms_data_mldd/waveforms/event_2015-04-24T12:56:25.484000Z.mseed,AXEC1,2015-04-24T12:56:25.484000Z,2015-04-24T12:56:25.484000Z,0.91,0.4,45.94543,-129.99431,0.634,248.55350243630386,3.5828753434455063,0.9817490846138988,8.152732550367688,1.0
122104,passing_waveforms_data_mldd/waveforms/event_2015-04-24T12:56:41.186999Z.mseed,AXEC1,2015-04-24T12:56:41.186999Z,2015-04-24T12:56:41.186999Z,0.84,0.41,45.94336,-129.98901,1.362,226.94479290952395,5.789582387012584,0.9822105477306067,5.720189684928091,1.1
122108,passing_waveforms_data_mldd/waveforms/event_2015-04-24T12:57:06.027999Z.mseed,AXEC1,2015-04-24T12:57:06.027999Z,2015-04-24T12:57:06.027999Z,0.95,0.45,45.95047,-129.98952,1.914,278.1105605140566,3.019927626214415,0.967086743212918,2.7577363452331243,1.0
122114,passing_waveforms_data_mldd/waveforms/event_2015-04-24T12:57:50.109999Z.mseed,AXEC1,2015-04-24T12:57:50.109999Z,2015-04-24T12:57:50.109999Z,1.36,0.98,45.95505,-130.01056,3.206,284.97333191236896,2.6452831993194383,0.9591197792627388,1.0126863927712337,1.4
122115,passing_waveforms_data_mldd/waveforms/event_2015-04-24T12:57:57.901000Z.mseed,AXEC1,2015-04-24T12:57:57.901000Z,2015-04-24T12:57:57.901000Z,0.9,0.43,45.95359,-129.98616,1.677,312.3728688827183,2.5071395282042923,0.9558905962081787,4.454188416305599,1.5
122117,passing_waveforms_data_mldd/waveforms/event_2015-04-24T12:58:20.795000Z.mseed,AXEC1,2015-04-24T12:58:20.795000Z,2015-04-24T12:58:20.795000Z,0.99,0.45,45.95752,-129.99685,0.82,304.284833163846,8.693344985812987,0.9574140272583961,17.58184113096819,1.7
122124,passing_waveforms_data_mldd/waveforms/event_2015-04-24T12:59:30.371999Z.mseed,AXEC1,2015-04-24T12:59:30.371999Z,2015-04-24T12:59:30.371999Z,0.89,0.43,45.95137,-129.98702,1.705,290.0257392966091,4.560869256965923,0.9910350334772978,6.30683001153024,1.6
122125,passing_waveforms_data_mldd/waveforms/event_2015-04-24T12:59:38.975000Z.mseed,AXEC1,2015-04-24T12:59:38.975000Z,2015-04-24T12:59:38.975000Z,0.83,0.42,45.94243,-129.98984,0.41,225.40034959551468,4.050773495175898,0.9809929781653921,16.32687422536902,1.2
122127,passing_waveforms_data_mldd/waveforms/event_2015-04-24T12:59:52.549999Z.mseed,AXEC1,2015-04-24T12:59:52.549999Z,2015-04-24T12:59:52.549999Z,1.0,0.5,45.94819,-129.99581,0.368,263.658854159919,4.196718263851022,0.958209922209719,7.6665411376101105,1.6
122129,passing_waveforms_data_mldd/waveforms/event_2015-04-24T13:00:15.135999Z.mseed,AXEC1,2015-04-24T13:00:15.135999Z,2015-04-24T13:00:15.135999Z,0.88,0.45,45.94419,-129.99288,0.541,240.328493557836,5.7387419782260665,0.9733414118296552,10.01177702069305,1.5
122131,passing_waveforms_data_mldd/waveforms/event_2015-04-24T13:00:33.808999Z.mseed,AXEC1,2015-04-24T13:00:33.808999Z,2015-04-24T13:00:33.808999Z,0.8,0.37,45.94599,-129.99032,0.513,244.8534999633065,3.2833833961175887,0.9859001702781427,3.7602374131434635,1.2
122137,passing_waveforms_data_mldd/waveforms/event_2015-04-24T13:01:37.442999Z.mseed,AXEC1,2015-04-24T13:01:37.442999Z,2015-04-24T13:01:37.442999Z,0.77,0.36,45.94606,-129.9929,0.517,249.78830630909857,9.200546314765756,0.9455473631205012,1.4091376988064734,1.4
122138,passing_waveforms_data_mldd/waveforms/event_2015-04-24T13:01:46.594999Z.mseed,AXEC1,2015-04-24T13:01:46.594999Z,2015-04-24T13:01:46.594999Z,0.91,0.47,45.94413,-129.99231,0.531,238.92813676778957,4.420358260051514,0.9329471556107632,9.900545398386088,1.4
122139,passing_waveforms_data_mldd/waveforms/event_2015-04-24T13:01:51.923000Z.mseed,AXEC1,2015-04-24T13:01:51.923000Z,2015-04-24T13:01:51.923000Z,1.11,0.56,45.95773,-129.99664,1.461,305.30660557611793,4.246185168463114,0.9805179519090448,6.249840676168803,1.6
122140,passing_waveforms_data_mldd/waveforms/event_2015-04-24T13:02:01.002000Z.mseed,AXEC1,2015-04-24T13:02:01.002000Z,2015-04-24T13:02:01.002000Z,1.77,0.86,45.93624,-130.01977,1.142,245.20780498452586,2.088479227293731,0.9621625071630032,10.197788847015822,2.2
122143,passing_waveforms_data_mldd/waveforms/event_2015-04-24T13:02:31.719999Z.mseed,AXEC1,2015-04-24T13:02:31.719999Z,2015-04-24T13:02:31.719999Z,0.98,0.45,45.95678,-129.99534,1.379,304.13469937183777,12.134449368737819,0.9534481083193392,5.4919944348057825,1.6
122144,passing_waveforms_data_mldd/waveforms/event_2015-04-24T13:02:49.756000Z.mseed,AXEC1,2015-04-24T13:02:49.756000Z,2015-04-24T13:02:49.756000Z,1.03,0.5,45.95822,-129.99623,1.385,307.5569100867673,10.252607583556575,0.9909053923735522,7.864563651219332,1.6
122146,passing_waveforms_data_mldd/waveforms/event_2015-04-24T13:03:03.823000Z.mseed,AXEC1,2015-04-24T13:03:03.823000Z,2015-04-24T13:03:03.823000Z,0.64,0.23,45.95017,-129.98882,0.948,276.0060665406145,4.395193041056135,0.7739133291533693,9.942467266936655,1.4
122147,passing_waveforms_data_mldd/waveforms/event_2015-04-24T13:03:11.320999Z.mseed,AXEC1,2015-04-24T13:03:11.320999Z,2015-04-24T13:03:11.320999Z,1.09,0.55,45.94404,-129.99047,2.117,234.30359255168753,2.6028518760766923,0.9808406770043706,2.1936709304670385,1.8
122151,passing_waveforms_data_mldd/waveforms/event_2015-04-24T13:03:49.487000Z.mseed,AXEC1,2015-04-24T13:03:49.487000Z,2015-04-24T13:03:49.487000Z,1.08,0.47,45.96148,-129.9985,1.515,312.9354032909391,5.983363116250871,0.9367133171433899,5.635998740188631,1.4
122154,passing_waveforms_data_mldd/waveforms/event_2015-04-24T13:04:21.274000Z.mseed,AXEC1,2015-04-24T13:04:21.274000Z,2015-04-24T13:04:21.274000Z,0.98,0.42,45.94521,-129.99669,0.32,250.47053566037283,2.940754926595753,0.9840488752156022,10.508777020452282,1.1
122159,passing_waveforms_data_mldd/waveforms/event_2015-04-24T13:04:55.386000Z.mseed,AXEC1,2015-04-24T13:04:55.386000Z,2015-04-24T13:04:55.386000Z,1.06,0.61,45.94291,-130.01058,0.909,253.51114164744607,5.495488761439662,0.9503469775505142,3.5085396825747477,1.3
122160,passing_waveforms_data_mldd/waveforms/event_2015-04-24T13:04:59.598999Z.mseed,AXEC1,2015-04-24T13:04:59.598999Z,2015-04-24T13:04:59.598999Z,0.98,0.46,45.95672,-129.99458,1.435,305.23480219730277,6.2962613908117495,0.9927805603473799,2.7960300776348137,1.7
122164,passing_waveforms_data_mldd/waveforms/event_2015-04-24T13:05:31.141999Z.mseed,AXEC1,2015-04-24T13:05:31.141999Z,2015-04-24T13:05:31.141999Z,0.9,0.45,45.94697,-129.99365,0.509,255.6951724498651,4.2829864787871275,0.9392052197162244,12.423665289190927,1.1
122168,passing_waveforms_data_mldd/waveforms/event_2015-04-24T13:06:08.785999Z.mseed,AXEC1,2015-04-24T13:06:08.785999Z,2015-04-24T13:06:08.785999Z,0.89,0.49,45.94907,-129.9918,1.571,267.2507292325329,2.484597528837921,0.8952957344832846,8.341213398214226,1.0
122174,passing_waveforms_data_mldd/waveforms/event_2015-04-24T13:06:57.354999Z.mseed,AXEC1,2015-04-24T13:06:57.354999Z,2015-04-24T13:06:57.354999Z,0.91,0.49,45.94398,-129.99211,0.834,237.81111374268775,2.5082302521080657,0.9907423691762388,5.722673710403076,1.5
122175,passing_waveforms_data_mldd/waveforms/event_2015-04-24T13:07:03.358000Z.mseed,AXEC1,2015-04-24T13:07:03.358000Z,2015-04-24T13:07:03.358000Z,1.02,0.51,45.94902,-129.99604,0.441,267.89731146603157,3.2760411415132458,0.9639825467458423,5.804354435034269,1.7
122178,passing_waveforms_data_mldd/waveforms/event_2015-04-24T13:07:17.797000Z.mseed,AXEC1,2015-04-24T13:07:17.797000Z,2015-04-24T13:07:17.797000Z,0.86,0.4,45.94758,-129.99459,0.459,259.81048540557043,9.701978629838445,0.9868289445299121,3.944542284001867,1.9
122180,passing_waveforms_data_mldd/waveforms/event_2015-04-24T13:07:34.499000Z.mseed,AXEC1,2015-04-24T13:07:34.499000Z,2015-04-24T13:07:34.499000Z,0.84,0.4,45.94612,-129.99425,0.52,251.88541425339912,14.354545097576025,0.9953295050589149,4.921959685119143,1.7
122182,passing_waveforms_data_mldd/waveforms/event_2015-04-24T13:07:47.131999Z.mseed,AXEC1,2015-04-24T13:07:47.131999Z,2015-04-24T13:07:47.131999Z,0.93,0.45,45.94619,-129.99808,0.277,255.90065573949147,3.5743292807771776,0.8633539197944222,9.87279113241949,1.1
122185,passing_waveforms_data_mldd/waveforms/event_2015-04-24T13:08:06.314000Z.mseed,AXEC1,2015-04-24T13:08:06.314000Z,2015-04-24T13:08:06.314000Z,0.93,0.5,45.94535,-129.99413,0.658,247.91615171331648,2.5373869952133954,0.9825388655300871,1.761551727843408,1.3
122186,passing_waveforms_data_mldd/waveforms/event_2015-04-24T13:08:12.444000Z.mseed,AXEC1,2015-04-24T13:08:12.444000Z,2015-04-24T13:08:12.444000Z,1.61,0.83,45.93731,-130.02017,1.31,247.22917029569666,5.6959710127675995,0.9848787045816697,5.217545433133715,1.8
122187,passing_waveforms_data_mldd/waveforms/event_2015-04-24T13:08:19.934999Z.mseed,AXEC1,2015-04-24T13:08:19.934999Z,2015-04-24T13:08:19.934999Z,0.85,0.4,45.9445,-129.99124,0.491,238.45462638478136,2.6959788658485033,0.9871061764953298,7.938359102481647,1.6
122189,passing_waveforms_data_mldd/waveforms/event_2015-04-24T13:08:46.259000Z.mseed,AXEC1,2015-04-24T13:08:46.259000Z,2015-04-24T13:08:46.259000Z,0.89,0.47,45.94465,-129.98961,1.727,235.2135366356624,2.933237657567836,0.9241280708005546,2.3041277655763164,1.1
122190,passing_waveforms_data_mldd/waveforms/event_2015-04-24T13:08:57.843000Z.mseed,AXEC1,2015-04-24T13:08:57.843000Z,2015-04-24T13:08:57.843000Z,0.89,0.44,45.94754,-129.98684,1.912,248.43343105219247,2.0805770702750683,0.9825969208601064,4.059590955973355,1.1
122191,passing_waveforms_data_mldd/waveforms/event_2015-04-24T13:09:22.060999Z.mseed,AXEC1,2015-04-24T13:09:22.060999Z,2015-04-24T13:09:22.060999Z,0.73,0.31,45.94407,-129.98923,0.435,231.0551134177095,3.84372688996023,0.9935768266216647,6.710406498789793,1.0
122193,passing_waveforms_data_mldd/waveforms/event_2015-04-24T13:09:42.618000Z.mseed,AXEC1,2015-04-24T13:09:42.618000Z,2015-04-24T13:09:42.618000Z,1.52,0.83,45.92245,-129.98128,0.789,183.03147602869808,5.968751077060784,0.9680705541154844,15.106678656158248,2.2
122195,passing_waveforms_data_mldd/waveforms/event_2015-04-24T13:10:13.782999Z.mseed,AXEC1,2015-04-24T13:10:13.782999Z,2015-04-24T13:10:13.782999Z,0.9,0.45,45.94249,-129.98385,1.627,202.9171895794478,3.638936080827117,0.9282973947884332,8.793402556511003,1.9
122196,passing_waveforms_data_mldd/waveforms/event_2015-04-24T13:10:18.449999Z.mseed,AXEC1,2015-04-24T13:10:18.449999Z,2015-04-24T13:10:18.449999Z,0.92,0.43,45.94825,-129.99581,0.424,263.9603444365829,14.576072559588738,0.987619582029586,3.7853675813522454,1.7
122197,passing_waveforms_data_mldd/waveforms/event_2015-04-24T13:10:29.815000Z.mseed,AXEC1,2015-04-24T13:10:29.815000Z,2015-04-24T13:10:29.815000Z,0.85,0.39,45.94235,-129.98856,0.441,221.23366052279007,2.4381687386969246,0.9494196400734403,5.695411309393392,1.2
122201,passing_waveforms_data_mldd/waveforms/event_2015-04-24T13:11:00.612000Z.mseed,AXEC1,2015-04-24T13:11:00.612000Z,2015-04-24T13:11:00.612000Z,1.21,0.48,45.95514,-130.00044,0.33,291.735116206024,3.996163054235778,0.9449608691954842,4.796423629609181,1.3
122205,passing_waveforms_data_mldd/waveforms/event_2015-04-24T13:11:42.142000Z.mseed,AXEC1,2015-04-24T13:11:42.142000Z,2015-04-24T13:11:42.142000Z,0.87,0.45,45.94866,-129.99404,0.48,265.45449505419424,4.65393344039154,0.9463938599401208,14.157026647834616,1.4
122206,passing_waveforms_data_mldd/waveforms/event_2015-04-24T13:12:11.180999Z.mseed,AXEC1,2015-04-24T13:12:11.180999Z,2015-04-24T13:12:11.180999Z,1.02,0.46,45.95784,-129.99643,1.298,306.0027600418466,9.977633201387704,0.9410595269729645,8.463062945844902,1.8
122208,passing_waveforms_data_mldd/waveforms/event_2015-04-24T13:12:26.521999Z.mseed,AXEC1,2015-04-24T13:12:26.521999Z,2015-04-24T13:12:26.521999Z,0.98,0.45,45.95082,-129.99702,0.439,276.5704891341677,5.604898806059573,0.9784868814106327,7.925507758854541,1.2
122219,passing_waveforms_data_mldd/waveforms/event_2015-04-24T13:14:02.472000Z.mseed,AXEC1,2015-04-24T13:14:02.472000Z,2015-04-24T13:14:02.472000Z,1.73,0.92,45.94511,-130.02909,0.706,263.32967345593033,3.0292966500992855,0.9840369116514881,2.621780741098305,1.5
122220,passing_waveforms_data_mldd/waveforms/event_2015-04-24T13:14:07.963000Z.mseed,AXEC1,2015-04-24T13:14:07.963000Z,2015-04-24T13:14:07.963000Z,1.14,0.57,45.96097,-129.9978,1.527,312.7680413941428,9.75359138540937,0.9852811323035731,4.768780218694,2.0
122226,passing_waveforms_data_mldd/waveforms/event_2015-04-24T13:15:25.019999Z.mseed,AXEC1,2015-04-24T13:15:25.019999Z,2015-04-24T13:15:25.019999Z,0.89,0.44,45.94445,-129.99277,0.606,241.3443376818388,3.1467896175439396,0.9510554035677719,3.436915624159459,1.1
122230,passing_waveforms_data_mldd/waveforms/event_2015-04-24T13:16:25.411999Z.mseed,AXEC1,2015-04-24T13:16:25.411999Z,2015-04-24T13:16:25.411999Z,0.84,0.33,45.94394,-129.99112,0.431,235.41110736750156,6.738154080271515,0.9894393613601572,6.851100424967663,1.4
122231,passing_waveforms_data_mldd/waveforms/event_2015-04-24T13:16:30.847000Z.mseed,AXEC1,2015-04-24T13:16:30.847000Z,2015-04-24T13:16:30.847000Z,0.96,0.43,45.9575,-129.99617,1.112,305.29326988136125,3.161171455087742,0.9850965073274386,4.58341446249304,1.3
122232,passing_waveforms_data_mldd/waveforms/event_2015-04-24T13:16:38.844000Z.mseed,AXEC1,2015-04-24T13:16:38.844000Z,2015-04-24T13:16:38.844000Z,0.82,0.38,45.94794,-129.99444,0.474,261.64712032002166,4.49992565677232,0.9079445154722914,9.081678688954327,1.2
122233,passing_waveforms_data_mldd/waveforms/event_2015-04-24T13:16:43.686999Z.mseed,AXEC1,2015-04-24T13:16:43.686999Z,2015-04-24T13:16:43.686999Z,0.9,0.4,45.95285,-129.99452,0.803,288.26296695445455,4.442787194378868,0.9478733619916074,3.8930050684053965,1.4
122234,passing_waveforms_data_mldd/waveforms/event_2015-04-24T13:16:47.783000Z.mseed,AXEC1,2015-04-24T13:16:47.783000Z,2015-04-24T13:16:47.783000Z,0.89,0.46,45.94704,-129.99488,0.546,257.22102220332783,4.871682124206438,0.9920391542556553,7.826107010273537,1.2
122235,passing_waveforms_data_mldd/waveforms/event_2015-04-24T13:16:53.091999Z.mseed,AXEC1,2015-04-24T13:16:53.091999Z,2015-04-24T13:16:53.091999Z,0.88,0.41,45.95096,-129.99286,0.903,279.25823652081465,2.0950520671845,0.9567903822898003,11.448787845220952,1.0
122238,passing_waveforms_data_mldd/waveforms/event_2015-04-24T13:17:17.213000Z.mseed,AXEC1,2015-04-24T13:17:17.213000Z,2015-04-24T13:17:17.213000Z,0.89,0.43,45.95253,-129.98425,1.755,313.6128575345071,5.370349804604926,0.9772761078310703,5.143641186331391,1.5
122242,passing_waveforms_data_mldd/waveforms/event_2015-04-24T13:18:05.381999Z.mseed,AXEC1,2015-04-24T13:18:05.381999Z,2015-04-24T13:18:05.381999Z,1.72,0.89,45.94733,-130.01507,0.233,265.5063355302086,2.4338476481112914,0.9220988907132324,7.341298046920609,1.9
122247,passing_waveforms_data_mldd/waveforms/event_2015-04-24T13:19:03.145999Z.mseed,AXEC1,2015-04-24T13:19:03.145999Z,2015-04-24T13:19:03.145999Z,0.91,0.46,45.94253,-129.99007,0.462,226.44636142425938,2.3578636807939928,0.9323298704812621,0.617557358576454,1.1
122254,passing_waveforms_data_mldd/waveforms/event_2015-04-24T13:20:20.611000Z.mseed,AXEC1,2015-04-24T13:20:20.611000Z,2015-04-24T13:20:20.611000Z,0.72,0.29,45.94436,-129.98876,0.467,231.15313017587906,2.8250911356499673,0.9733617284733601,1.2363964867838977,0.9
122256,passing_waveforms_data_mldd/waveforms/event_2015-04-24T13:20:46.570999Z.mseed,AXEC1,2015-04-24T13:20:46.570999Z,2015-04-24T13:20:46.570999Z,0.9,0.46,45.94642,-129.98722,1.945,239.64253461042452,5.872976680656921,0.9939563997503033,5.641020453711249,1.4
122258,passing_waveforms_data_mldd/waveforms/event_2015-04-24T13:21:11.846000Z.mseed,AXEC1,2015-04-24T13:21:11.846000Z,2015-04-24T13:21:11.846000Z,0.85,0.39,45.94361,-129.98416,1.663,208.23204797343075,3.6379270082694894,0.9897941351091113,4.133940524958361,1.5
122260,passing_waveforms_data_mldd/waveforms/event_2015-04-24T13:21:41.487000Z.mseed,AXEC1,2015-04-24T13:21:41.487000Z,2015-04-24T13:21:41.487000Z,0.86,0.42,45.94377,-129.98367,1.625,206.191239738588,3.131371771526317,0.9847770096686271,2.2519963216134586,1.1
122261,passing_waveforms_data_mldd/waveforms/event_2015-04-24T13:21:47.409999Z.mseed,AXEC1,2015-04-24T13:21:47.409999Z,2015-04-24T13:21:47.409999Z,1.08,0.53,45.95924,-129.99658,1.502,310.0781945289736,12.870101534973204,0.9723927661988616,7.286862788190407,1.6
122262,passing_waveforms_data_mldd/waveforms/event_2015-04-24T13:21:53.548999Z.mseed,AXEC1,2015-04-24T13:21:53.548999Z,2015-04-24T13:21:53.548999Z,0.9,0.45,45.94926,-129.99457,0.553,268.9424866166322,3.3239171835401224,0.9595777190074548,3.639146357999346,1.5
122264,passing_waveforms_data_mldd/waveforms/event_2015-04-24T13:22:18.376000Z.mseed,AXEC1,2015-04-24T13:22:18.376000Z,2015-04-24T13:22:18.376000Z,1.1,0.52,45.95861,-129.99644,1.508,308.42761255236707,3.8448225060934766,0.9495246748211,11.556658049104133,1.2
122265,passing_waveforms_data_mldd/waveforms/event_2015-04-24T13:22:42.801000Z.mseed,AXEC1,2015-04-24T13:22:42.801000Z,2015-04-24T13:22:42.801000Z,1.11,0.65,45.9491,-130.00519,1.33,269.1669818390893,3.5303494696809077,0.8312755924627647,21.20239434978163,1.3
122272,passing_waveforms_data_mldd/waveforms/event_2015-04-24T13:23:32.634000Z.mseed,AXEC1,2015-04-24T13:23:32.634000Z,2015-04-24T13:23:32.634000Z,0.93,0.49,45.947,-129.99043,1.641,251.6893798168578,3.6239350602960343,0.9845867580118708,7.656400429198305,2.1
122274,passing_waveforms_data_mldd/waveforms/event_2015-04-24T13:24:18.179999Z.mseed,AXEC1,2015-04-24T13:24:18.179999Z,2015-04-24T13:24:18.179999Z,0.9,0.48,45.94408,-129.99264,0.586,239.35506037462028,4.094533464677831,0.9440131750114735,13.26433642280896,1.3
122275,passing_waveforms_data_mldd/waveforms/event_2015-04-24T13:24:23.140999Z.mseed,AXEC1,2015-04-24T13:24:23.140999Z,2015-04-24T13:24:23.140999Z,0.97,0.47,45.93987,-129.98977,1.421,216.59280275607682,3.185420289542554,0.9605137455617732,8.031508632270766,1.1
122278,passing_waveforms_data_mldd/waveforms/event_2015-04-24T13:24:54.651000Z.mseed,AXEC1,2015-04-24T13:24:54.651000Z,2015-04-24T13:24:54.651000Z,1.47,0.76,45.96681,-129.99568,0.95,327.8132516781279,2.048633182326367,0.8852445888707479,17.708783782903165,1.7
122281,passing_waveforms_data_mldd/waveforms/event_2015-04-24T13:25:35.744999Z.mseed,AXEC1,2015-04-24T13:25:35.744999Z,2015-04-24T13:25:35.744999Z,0.92,0.44,45.94602,-129.98739,1.807,237.13720956826162,2.679548847827286,0.9871308050504396,7.5485537610481455,1.2
122285,passing_waveforms_data_mldd/waveforms/event_2015-04-24T13:26:39.414999Z.mseed,AXEC1,2015-04-24T13:26:39.414999Z,2015-04-24T13:26:39.414999Z,0.89,0.42,45.9421,-129.98943,0.534,222.92962299618696,3.2948705754970478,0.9788486884129656,7.360914086743667,1.4
122289,passing_waveforms_data_mldd/waveforms/event_2015-04-24T13:27:21.530000Z.mseed,AXEC1,2015-04-24T13:27:21.530000Z,2015-04-24T13:27:21.530000Z,0.88,0.4,45.94753,-129.99458,0.468,259.53746133758176,7.0777067344383235,0.9829265682018261,2.2066709628821455,1.2
122290,passing_waveforms_data_mldd/waveforms/event_2015-04-24T13:27:35.728000Z.mseed,AXEC1,2015-04-24T13:27:35.728000Z,2015-04-24T13:27:35.728000Z,1.81,0.94,45.93061,-130.02085,1.428,237.2637368128609,2.2270205199642223,0.9763569708682641,7.091340194063162,1.6
122291,passing_waveforms_data_mldd/waveforms/event_2015-04-24T13:27:50.479999Z.mseed,AXEC1,2015-04-24T13:27:50.479999Z,2015-04-24T13:27:50.479999Z,2.61,1.49,45.96899,-130.00636,0.019,316.94455545970027,2.2808791019821304,0.8939539660026152,1.002574072125012,1.7
122294,passing_waveforms_data_mldd/waveforms/event_2015-04-24T13:28:23.626000Z.mseed,AXEC1,2015-04-24T13:28:23.626000Z,2015-04-24T13:28:23.626000Z,1.99,0.97,45.95694,-130.02908,0.809,282.7838740434189,2.025592677091961,0.9409667834768249,5.716306058372854,1.3
122299,passing_waveforms_data_mldd/waveforms/event_2015-04-24T13:29:35.162999Z.mseed,AXEC1,2015-04-24T13:29:35.162999Z,2015-04-24T13:29:35.162999Z,0.94,0.41,45.957,-129.99558,1.31,304.52764823366067,6.168047502778143,0.9929996073742443,7.381909697498406,1.3
122307,passing_waveforms_data_mldd/waveforms/event_2015-04-24T13:31:11.734999Z.mseed,AXEC1,2015-04-24T13:31:11.734999Z,2015-04-24T13:31:11.734999Z,0.89,0.42,45.94598,-129.99218,0.495,248.24266231672158,2.560709997711945,0.9712428448032485,3.6410737046461845,1.4
122308,passing_waveforms_data_mldd/waveforms/event_2015-04-24T13:31:28.050000Z.mseed,AXEC1,2015-04-24T13:31:28.050000Z,2015-04-24T13:31:28.050000Z,0.82,0.37,45.94392,-129.99022,0.464,233.06646706629226,2.443366371914254,0.8549770758546633,8.383981472525653,1.2
122315,passing_waveforms_data_mldd/waveforms/event_2015-04-24T13:32:27.969000Z.mseed,AXEC1,2015-04-24T13:32:27.969000Z,2015-04-24T13:32:27.969000Z,0.87,0.4,45.94552,-129.98665,1.717,230.763000007219,3.1520098503812948,0.9764094735416832,3.0501515302655178,1.4
122317,passing_waveforms_data_mldd/waveforms/event_2015-04-24T13:33:01.708000Z.mseed,AXEC1,2015-04-24T13:33:01.708000Z,2015-04-24T13:33:01.708000Z,1.59,0.84,45.92931,-130.00662,0.901,223.53114171667517,2.416572249236868,0.9716862678802126,10.420461480248319,1.5
122319,passing_waveforms_data_mldd/waveforms/event_2015-04-24T13:33:27.336999Z.mseed,AXEC1,2015-04-24T13:33:27.336999Z,2015-04-24T13:33:27.336999Z,0.97,0.47,45.95139,-129.99739,0.589,279.0553245253062,4.839486891123181,0.9451837801384714,6.777024486317556,1.2
122320,passing_waveforms_data_mldd/waveforms/event_2015-04-24T13:33:32.003000Z.mseed,AXEC1,2015-04-24T13:33:32.003000Z,2015-04-24T13:33:32.003000Z,0.88,0.41,45.94243,-129.98916,0.565,223.41394259207362,2.501938041397617,0.9516260641835904,8.461171206798488,1.0
122322,passing_waveforms_data_mldd/waveforms/event_2015-04-24T13:33:43.502000Z.mseed,AXEC1,2015-04-24T13:33:43.502000Z,2015-04-24T13:33:43.502000Z,3.4,0.95,45.9435,-130.0249,2.332,259.8063105226323,6.150911504581938,0.9791086241592597,9.505912259458782,2.1
122329,passing_waveforms_data_mldd/waveforms/event_2015-04-24T13:34:45.856000Z.mseed,AXEC1,2015-04-24T13:34:45.856000Z,2015-04-24T13:34:45.856000Z,0.97,0.65,45.94913,-129.99716,0.222,268.5944607252892,3.187935173620875,0.8511752899665407,15.257062760532017,1.3
122330,passing_waveforms_data_mldd/waveforms/event_2015-04-24T13:34:57.261000Z.mseed,AXEC1,2015-04-24T13:34:57.261000Z,2015-04-24T13:34:57.261000Z,0.95,0.46,45.95409,-129.99423,1.205,294.69796333426495,4.234604589727605,0.9760549480377951,3.6350536226715207,1.2
122332,passing_waveforms_data_mldd/waveforms/event_2015-04-24T13:35:15.682999Z.mseed,AXEC1,2015-04-24T13:35:15.682999Z,2015-04-24T13:35:15.682999Z,0.91,0.42,45.94434,-129.98968,1.521,233.74029294934832,2.1225666820201674,0.8386702657165134,2.740262167996907,1.1
122335,passing_waveforms_data_mldd/waveforms/event_2015-04-24T13:35:33.243999Z.mseed,AXEC1,2015-04-24T13:35:33.243999Z,2015-04-24T13:35:33.243999Z,1.65,0.84,45.94768,-130.01961,0.471,266.8142800839579,2.772261450525681,0.9467234076857681,13.267869158535975,1.7
122337,passing_waveforms_data_mldd/waveforms/event_2015-04-24T13:35:42.631000Z.mseed,AXEC1,2015-04-24T13:35:42.631000Z,2015-04-24T13:35:42.631000Z,1.17,0.56,45.9548,-130.00122,0.502,289.88715220390543,10.347295475893088,0.9857585809324564,8.34130385511511,1.7
122341,passing_waveforms_data_mldd/waveforms/event_2015-04-24T13:36:18.033000Z.mseed,AXEC1,2015-04-24T13:36:18.033000Z,2015-04-24T13:36:18.033000Z,0.71,0.31,45.94537,-129.98985,0.55,239.97235583644755,2.592298570589769,0.9937226951052941,4.202869141179263,1.0
122342,passing_waveforms_data_mldd/waveforms/event_2015-04-24T13:36:23.657000Z.mseed,AXEC1,2015-04-24T13:36:23.657000Z,2015-04-24T13:36:23.657000Z,0.95,0.48,45.94601,-129.98563,1.896,229.91148112812252,2.9469365284097897,0.984753789573306,4.70607450285987,2.5
122345,passing_waveforms_data_mldd/waveforms/event_2015-04-24T13:36:43.237000Z.mseed,AXEC1,2015-04-24T13:36:43.237000Z,2015-04-24T13:36:43.237000Z,0.93,0.5,45.95114,-129.99965,1.229,277.10754736927345,4.45494514401393,0.9951097406318634,2.006298095733331,1.4
122346,passing_waveforms_data_mldd/waveforms/event_2015-04-24T13:36:48.415999Z.mseed,AXEC1,2015-04-24T13:36:48.415999Z,2015-04-24T13:36:48.415999Z,0.99,0.47,45.94921,-130.00224,0.976,269.3642097228027,4.637505435760046,0.993012548550847,11.65584398073154,1.6
122349,passing_waveforms_data_mldd/waveforms/event_2015-04-24T13:37:06.091000Z.mseed,AXEC1,2015-04-24T13:37:06.091000Z,2015-04-24T13:37:06.091000Z,0.82,0.38,45.94447,-129.98949,0.527,233.90249410378297,3.6790338755111547,0.9779034841607567,4.085992734155504,1.4
122351,passing_waveforms_data_mldd/waveforms/event_2015-04-24T13:37:15.195999Z.mseed,AXEC1,2015-04-24T13:37:15.195999Z,2015-04-24T13:37:15.195999Z,0.86,0.42,45.94935,-129.98115,1.995,257.89380170644586,2.574604369651056,0.9831096326959075,4.757801076625789,1.0
122353,passing_waveforms_data_mldd/waveforms/event_2015-04-24T13:37:36.387000Z.mseed,AXEC1,2015-04-24T13:37:36.387000Z,2015-04-24T13:37:36.387000Z,1.19,0.58,45.96202,-129.99896,1.405,313.51235672459575,6.224210070564645,0.9864134535176432,6.507694961882711,1.2
122354,passing_waveforms_data_mldd/waveforms/event_2015-04-24T13:37:49.265000Z.mseed,AXEC1,2015-04-24T13:37:49.265000Z,2015-04-24T13:37:49.265000Z,0.87,0.41,45.94384,-129.98903,0.462,229.29783528891932,2.1351883910024836,0.9735098087872549,2.157365075492709,1.4
122356,passing_waveforms_data_mldd/waveforms/event_2015-04-24T13:38:03.012999Z.mseed,AXEC1,2015-04-24T13:38:03.012999Z,2015-04-24T13:38:03.012999Z,0.93,0.5,45.93649,-129.98737,1.112,202.94047490660142,4.437991863433379,0.9950644397023403,4.177557267419821,1.2
122360,passing_waveforms_data_mldd/waveforms/event_2015-04-24T13:38:42.814999Z.mseed,AXEC1,2015-04-24T13:38:42.814999Z,2015-04-24T13:38:42.814999Z,0.99,0.49,45.94454,-129.98755,1.919,228.0814794936331,4.225866715935792,0.9900060071722722,3.9944136114529414,1.6
122362,passing_waveforms_data_mldd/waveforms/event_2015-04-24T13:39:07.727000Z.mseed,AXEC1,2015-04-24T13:39:07.727000Z,2015-04-24T13:39:07.727000Z,0.83,0.4,45.94667,-129.99357,0.487,253.969749005634,10.746024316863576,0.9948443060987441,7.782784708195391,1.8
122363,passing_waveforms_data_mldd/waveforms/event_2015-04-24T13:39:23.272999Z.mseed,AXEC1,2015-04-24T13:39:23.272999Z,2015-04-24T13:39:23.272999Z,0.91,0.48,45.95117,-129.9916,1.405,281.5519914146603,2.188219799129765,0.9670309546513598,4.300436015941408,1.7
122365,passing_waveforms_data_mldd/waveforms/event_2015-04-24T13:39:34.152999Z.mseed,AXEC1,2015-04-24T13:39:34.152999Z,2015-04-24T13:39:34.152999Z,0.87,0.41,45.94841,-129.9947,0.473,264.3293749755195,5.146699327605756,0.9763593733075795,2.1039061164043447,1.3
122367,passing_waveforms_data_mldd/waveforms/event_2015-04-24T13:39:54.762000Z.mseed,AXEC1,2015-04-24T13:39:54.762000Z,2015-04-24T13:39:54.762000Z,0.84,0.37,45.94253,-129.98765,0.387,218.89757788093598,3.1551213385762114,0.95552325373002,2.451806353948751,1.1
122369,passing_waveforms_data_mldd/waveforms/event_2015-04-24T13:40:22.056999Z.mseed,AXEC1,2015-04-24T13:40:22.056999Z,2015-04-24T13:40:22.056999Z,0.84,0.4,45.94762,-129.99442,0.51,259.9028091223467,9.281601505494141,0.973790253127274,8.443464795437778,2.2
122371,passing_waveforms_data_mldd/waveforms/event_2015-04-24T13:40:46.738999Z.mseed,AXEC1,2015-04-24T13:40:46.738999Z,2015-04-24T13:40:46.738999Z,0.88,0.43,45.94799,-129.99516,0.494,262.3227093691428,16.9127349593222,0.9818377312422587,10.269614855118807,1.6
122375,passing_waveforms_data_mldd/waveforms/event_2015-04-24T13:41:23.466999Z.mseed,AXEC1,2015-04-24T13:41:23.466999Z,2015-04-24T13:41:23.466999Z,1.04,0.54,45.95535,-129.9941,1.423,300.58485151926055,3.0036590014832654,0.9548755369762495,3.3124865222929127,1.4
122377,passing_waveforms_data_mldd/waveforms/event_2015-04-24T13:41:54.283000Z.mseed,AXEC1,2015-04-24T13:41:54.283000Z,2015-04-24T13:41:54.283000Z,0.99,0.46,45.95787,-129.99484,1.473,308.8423675804604,10.160108996187208,0.9954593405578109,5.5531475420169265,1.3
122378,passing_waveforms_data_mldd/waveforms/event_2015-04-24T13:42:01.225999Z.mseed,AXEC1,2015-04-24T13:42:01.225999Z,2015-04-24T13:42:01.225999Z,0.79,0.37,45.94359,-129.98377,1.609,206.06615252678134,4.6295779197505915,0.9760517191196664,3.2196449914446834,1.3
122379,passing_waveforms_data_mldd/waveforms/event_2015-04-24T13:42:19.387000Z.mseed,AXEC1,2015-04-24T13:42:19.387000Z,2015-04-24T13:42:19.387000Z,1.0,0.51,45.93822,-129.98117,1.589,185.8629746823505,2.163167312176567,0.9654626350052217,1.0095304202143414,1.5
122380,passing_waveforms_data_mldd/waveforms/event_2015-04-24T13:42:26.513999Z.mseed,AXEC1,2015-04-24T13:42:26.513999Z,2015-04-24T13:42:26.513999Z,0.8,0.36,45.94634,-129.99348,0.504,252.08234283661696,12.549233187543724,0.9873361255573294,3.418560511028688,1.4
122383,passing_waveforms_data_mldd/waveforms/event_2015-04-24T13:42:54.497999Z.mseed,AXEC1,2015-04-24T13:42:54.497999Z,2015-04-24T13:42:54.497999Z,0.93,0.45,45.94192,-129.9898,0.452,223.31617981356942,2.2780852242450704,0.9751302976403252,7.193392072595214,1.5
122388,passing_waveforms_data_mldd/waveforms/event_2015-04-24T13:43:32.851999Z.mseed,AXEC1,2015-04-24T13:43:32.851999Z,2015-04-24T13:43:32.851999Z,0.93,0.46,45.94223,-129.99041,0.444,226.17699150948005,2.9645398044594904,0.9361733076167056,6.828096222094352,1.4
122395,passing_waveforms_data_mldd/waveforms/event_2015-04-24T13:44:45.534999Z.mseed,AXEC1,2015-04-24T13:44:45.534999Z,2015-04-24T13:44:45.534999Z,0.85,0.39,45.94662,-129.99358,0.48,253.71016774449618,9.1976149330326,0.9920943819842871,3.3911986779093097,1.3
122399,passing_waveforms_data_mldd/waveforms/event_2015-04-24T13:45:11.882999Z.mseed,AXEC1,2015-04-24T13:45:11.882999Z,2015-04-24T13:45:11.882999Z,0.84,0.38,45.94318,-129.98803,1.105,222.94550928215793,2.0496703810882098,0.8373185352588057,9.891037839705096,0.9
122404,passing_waveforms_data_mldd/waveforms/event_2015-04-24T13:46:23.672999Z.mseed,AXEC1,2015-04-24T13:46:23.672999Z,2015-04-24T13:46:23.672999Z,0.83,0.38,45.94782,-129.99428,0.433,260.8916591871848,8.685366465410738,0.9750936682340382,7.554155706264396,1.8
122406,passing_waveforms_data_mldd/waveforms/event_2015-04-24T13:47:31.824999Z.mseed,AXEC1,2015-04-24T13:47:31.824999Z,2015-04-24T13:47:31.824999Z,0.94,0.46,45.93968,-129.98803,1.29,211.1194691473839,2.299391610410085,0.9301408885292355,1.5875534695270395,1.4
122409,passing_waveforms_data_mldd/waveforms/event_2015-04-24T13:47:52.037999Z.mseed,AXEC1,2015-04-24T13:47:52.037999Z,2015-04-24T13:47:52.037999Z,2.0,1.27,45.94181,-130.02212,1.049,256.0074680995319,3.554991312404192,0.9393286605831944,5.175288215630335,1.2
122412,passing_waveforms_data_mldd/waveforms/event_2015-04-24T13:48:25.977000Z.mseed,AXEC1,2015-04-24T13:48:25.977000Z,2015-04-24T13:48:25.977000Z,0.93,0.49,45.94939,-129.99518,0.896,269.7016881212248,2.880591171858911,0.8954339530230255,6.320743595542433,1.1
122415,passing_waveforms_data_mldd/waveforms/event_2015-04-24T13:48:47.945000Z.mseed,AXEC1,2015-04-24T13:48:47.945000Z,2015-04-24T13:48:47.945000Z,0.91,0.44,45.94414,-129.98164,1.816,194.67490605728813,2.1484305803238666,0.957654121855621,2.773054982258345,1.0
122420,passing_waveforms_data_mldd/waveforms/event_2015-04-24T13:49:30.847999Z.mseed,AXEC1,2015-04-24T13:49:30.847999Z,2015-04-24T13:49:30.847999Z,0.83,0.4,45.94356,-129.98446,1.528,209.5863772964593,3.994992515303417,0.9824514652958338,2.750549222605825,1.3
122424,passing_waveforms_data_mldd/waveforms/event_2015-04-24T13:50:04.059999Z.mseed,AXEC1,2015-04-24T13:50:04.059999Z,2015-04-24T13:50:04.059999Z,1.09,0.51,45.95174,-129.99812,0.391,280.25356475203125,2.342178485893493,0.9493848364168195,9.248048165040903,0.9
122426,passing_waveforms_data_mldd/waveforms/event_2015-04-24T13:50:16.176999Z.mseed,AXEC1,2015-04-24T13:50:16.176999Z,2015-04-24T13:50:16.176999Z,0.99,0.45,45.94779,-129.99429,0.532,260.73435970613014,2.211811344828171,0.96255060652745,10.521705218732702,1.4
122430,passing_waveforms_data_mldd/waveforms/event_2015-04-24T13:50:58.314000Z.mseed,AXEC1,2015-04-24T13:50:58.314000Z,2015-04-24T13:50:58.314000Z,0.94,0.43,45.94393,-129.98887,1.98,229.2552850804993,7.131276807736464,0.9927120917386936,7.095333369182174,1.3
122431,passing_waveforms_data_mldd/waveforms/event_2015-04-24T13:51:06.208000Z.mseed,AXEC1,2015-04-24T13:51:06.208000Z,2015-04-24T13:51:06.208000Z,1.04,0.54,45.95486,-129.997,1.156,294.34228125758307,3.29664599133732,0.9681361838194499,5.26178074030984,1.8
122434,passing_waveforms_data_mldd/waveforms/event_2015-04-24T13:52:11.205999Z.mseed,AXEC1,2015-04-24T13:52:11.205999Z,2015-04-24T13:52:11.205999Z,0.88,0.46,45.94516,-129.99339,0.577,245.87292271966152,5.0508037132842745,0.9627920409501012,5.9651665194584504,1.1
122437,passing_waveforms_data_mldd/waveforms/event_2015-04-24T13:52:25.946000Z.mseed,AXEC1,2015-04-24T13:52:25.946000Z,2015-04-24T13:52:25.946000Z,3.09,0.34,45.94818,-129.99361,0.551,262.49899826768984,2.5123717325615877,0.9937758266155796,5.122410333013884,1.0
122439,passing_waveforms_data_mldd/waveforms/event_2015-04-24T13:52:43.540999Z.mseed,AXEC1,2015-04-24T13:52:43.540999Z,2015-04-24T13:52:43.540999Z,0.85,0.41,45.95155,-129.99523,0.794,281.01660590768824,2.432436837414458,0.9236801971786053,2.0317673231163114,1.0
122443,passing_waveforms_data_mldd/waveforms/event_2015-04-24T13:53:12.239000Z.mseed,AXEC1,2015-04-24T13:53:12.239000Z,2015-04-24T13:53:12.239000Z,0.8,0.35,45.94336,-129.99118,0.597,232.87232777671616,2.0443043392538818,0.8590428502209763,9.68248340267988,0.9
122445,passing_waveforms_data_mldd/waveforms/event_2015-04-24T13:53:32.777999Z.mseed,AXEC1,2015-04-24T13:53:32.777999Z,2015-04-24T13:53:32.777999Z,1.03,0.53,45.95432,-129.98648,2.02,315.77180892933757,3.049776773147193,0.9690016988104789,2.534652863259381,1.7
122446,passing_waveforms_data_mldd/waveforms/event_2015-04-24T13:53:50.692000Z.mseed,AXEC1,2015-04-24T13:53:50.692000Z,2015-04-24T13:53:50.692000Z,0.88,0.42,45.94206,-129.98281,1.735,196.79829642062836,5.60691080808667,0.9767143922161089,5.36261803858873,1.3
122447,passing_waveforms_data_mldd/waveforms/event_2015-04-24T13:53:58.145000Z.mseed,AXEC1,2015-04-24T13:53:58.145000Z,2015-04-24T13:53:58.145000Z,0.92,0.43,45.94278,-129.9897,0.414,226.43966617804693,2.660825696986622,0.9808816549974044,5.171788144470685,1.8
122453,passing_waveforms_data_mldd/waveforms/event_2015-04-24T13:54:39.689000Z.mseed,AXEC1,2015-04-24T13:54:39.689000Z,2015-04-24T13:54:39.689000Z,0.94,0.52,45.9421,-129.99751,0.861,239.66070124667468,5.743537853130274,0.914814674321096,10.186483599842186,1.1
122461,passing_waveforms_data_mldd/waveforms/event_2015-04-24T13:55:54.255000Z.mseed,AXEC1,2015-04-24T13:55:54.255000Z,2015-04-24T13:55:54.255000Z,1.13,0.47,45.94924,-129.99725,0.12,269.1196166834659,2.294859383494966,0.9934078049695719,6.218316160122932,1.0
122462,passing_waveforms_data_mldd/waveforms/event_2015-04-24T13:56:01.693000Z.mseed,AXEC1,2015-04-24T13:56:01.693000Z,2015-04-24T13:56:01.693000Z,0.98,0.48,45.94078,-129.98543,1.81,205.13565769067878,3.586045418131955,0.9938476785155854,6.940825824108046,1.8
122465,passing_waveforms_data_mldd/waveforms/event_2015-04-24T13:56:31.551999Z.mseed,AXEC1,2015-04-24T13:56:31.551999Z,2015-04-24T13:56:31.551999Z,0.94,0.48,45.94155,-129.98632,1.57,210.61028531196078,2.298130141890262,0.9570067768571048,7.641943188432113,1.3
122472,passing_waveforms_data_mldd/waveforms/event_2015-04-24T13:57:22.936000Z.mseed,AXEC1,2015-04-24T13:57:22.936000Z,2015-04-24T13:57:22.936000Z,0.96,0.46,45.95132,-129.98637,2.257,291.21148127891746,2.2256588233469907,0.9755562038699721,5.9220181054355665,1.2
122478,passing_waveforms_data_mldd/waveforms/event_2015-04-24T13:58:26.338999Z.mseed,AXEC1,2015-04-24T13:58:26.338999Z,2015-04-24T13:58:26.338999Z,0.89,0.46,45.94387,-129.99237,0.52,237.84472073662388,4.752301192484694,0.9843813279379728,12.737029192623089,1.5
122483,passing_waveforms_data_mldd/waveforms/event_2015-04-24T13:59:15.705000Z.mseed,AXEC1,2015-04-24T13:59:15.705000Z,2015-04-24T13:59:15.705000Z,0.91,0.44,45.94222,-129.98945,0.473,223.44972056675354,2.7476958197131824,0.9814756816673683,5.63073744935347,1.4
122485,passing_waveforms_data_mldd/waveforms/event_2015-04-24T13:59:32.771000Z.mseed,AXEC1,2015-04-24T13:59:32.771000Z,2015-04-24T13:59:32.771000Z,0.92,0.43,45.95152,-129.98828,1.622,288.66724190504294,3.294843809589519,0.978280863501409,5.864877741807973,1.4
122487,passing_waveforms_data_mldd/waveforms/event_2015-04-24T14:00:07.660000Z.mseed,AXEC1,2015-04-24T14:00:07.660000Z,2015-04-24T14:00:07.660000Z,1.1,0.5,45.95798,-129.99683,1.022,305.8188620129681,3.4124681695665093,0.9900163080281027,8.374906915049642,1.7
122493,passing_waveforms_data_mldd/waveforms/event_2015-04-24T14:01:34.293999Z.mseed,AXEC1,2015-04-24T14:01:34.293999Z,2015-04-24T14:01:34.293999Z,0.89,0.44,45.94408,-129.99195,1.452,237.94263639358618,4.34846451937978,0.9766840208380414,8.657364336211884,1.1
122494,passing_waveforms_data_mldd/waveforms/event_2015-04-24T14:01:39.234000Z.mseed,AXEC1,2015-04-24T14:01:39.234000Z,2015-04-24T14:01:39.234000Z,1.26,0.84,45.94195,-130.0151,0.858,253.5474349062483,2.2114368573348333,0.9723556771245925,1.0653744903684805,1.6
122495,passing_waveforms_data_mldd/waveforms/event_2015-04-24T14:01:52.142000Z.mseed,AXEC1,2015-04-24T14:01:52.142000Z,2015-04-24T14:01:52.142000Z,0.99,0.48,45.93813,-129.98106,1.75,185.44144082174,5.431375081253314,0.971735949298179,5.028005300255675,1.7
122496,passing_waveforms_data_mldd/waveforms/event_2015-04-24T14:02:02.971000Z.mseed,AXEC1,2015-04-24T14:02:02.971000Z,2015-04-24T14:02:02.971000Z,0.95,0.45,45.9561,-129.99528,1.259,301.67212686243033,10.85299836746815,0.9919632654965498,4.329087194534515,1.4
122501,passing_waveforms_data_mldd/waveforms/event_2015-04-24T14:02:57.408999Z.mseed,AXEC1,2015-04-24T14:02:57.408999Z,2015-04-24T14:02:57.408999Z,0.94,0.42,45.94888,-129.99576,0.424,267.1345054617152,4.085810836065748,0.8732818337504854,5.127021018181396,1.4
122503,passing_waveforms_data_mldd/waveforms/event_2015-04-24T14:03:55.841999Z.mseed,AXEC1,2015-04-24T14:03:55.841999Z,2015-04-24T14:03:55.841999Z,1.1,0.56,45.95046,-129.99672,0.365,274.94942094147245,2.1097791666610863,0.9202373067698338,3.0464783129929476,1.9
122505,passing_waveforms_data_mldd/waveforms/event_2015-04-24T14:04:31.358000Z.mseed,AXEC1,2015-04-24T14:04:31.358000Z,2015-04-24T14:04:31.358000Z,1.08,0.54,45.95903,-129.99594,1.429,310.54710445266767,7.596308301204216,0.9623540716053465,4.595277677354007,1.6
122506,passing_waveforms_data_mldd/waveforms/event_2015-04-24T14:04:40.409999Z.mseed,AXEC1,2015-04-24T14:04:40.409999Z,2015-04-24T14:04:40.409999Z,0.83,0.4,45.94719,-129.99389,0.506,257.13501000399464,10.114400110706875,0.9789257895930629,9.722901369383957,1.4
122507,passing_waveforms_data_mldd/waveforms/event_2015-04-24T14:04:48.091999Z.mseed,AXEC1,2015-04-24T14:04:48.091999Z,2015-04-24T14:04:48.091999Z,0.93,0.41,45.94856,-129.99538,0.375,265.3821084568422,4.074424724197991,0.9164997375994595,7.594079989243459,1.2
122512,passing_waveforms_data_mldd/waveforms/event_2015-04-24T14:05:33.969999Z.mseed,AXEC1,2015-04-24T14:05:33.969999Z,2015-04-24T14:05:33.969999Z,1.23,0.59,45.96108,-129.99926,1.39,310.84004159591694,4.781880151738861,0.9804797829596996,8.365338685559477,1.7
122518,passing_waveforms_data_mldd/waveforms/event_2015-04-24T14:06:37.130000Z.mseed,AXEC1,2015-04-24T14:06:37.130000Z,2015-04-24T14:06:37.130000Z,0.91,0.39,45.95577,-129.99472,1.248,301.2856624174292,5.069550160675098,0.9855222286200604,9.246616535156415,1.2
122519,passing_waveforms_data_mldd/waveforms/event_2015-04-24T14:06:45.529000Z.mseed,AXEC1,2015-04-24T14:06:45.529000Z,2015-04-24T14:06:45.529000Z,0.95,0.48,45.94932,-129.99525,0.512,269.33665923128785,2.457727050913768,0.9605400936028069,6.255228660027784,1.2
122521,passing_waveforms_data_mldd/waveforms/event_2015-04-24T14:07:09.544000Z.mseed,AXEC1,2015-04-24T14:07:09.544000Z,2015-04-24T14:07:09.544000Z,0.99,0.47,45.94931,-129.99627,0.458,269.3719763521998,3.0150815283915167,0.976590219671975,7.2782313323625765,1.5
122526,passing_waveforms_data_mldd/waveforms/event_2015-04-24T14:07:54.988999Z.mseed,AXEC1,2015-04-24T14:07:54.988999Z,2015-04-24T14:07:54.988999Z,1.48,0.77,45.92531,-129.98244,0.606,185.20884855435838,2.981152486747824,0.9582128299370946,9.396292453064374,1.9
122528,passing_waveforms_data_mldd/waveforms/event_2015-04-24T14:08:05.094000Z.mseed,AXEC1,2015-04-24T14:08:05.094000Z,2015-04-24T14:08:05.094000Z,0.87,0.42,45.94289,-129.98982,0.39,227.24795780953534,3.5562312196928496,0.9944836105409732,4.011285527891276,1.5
122534,passing_waveforms_data_mldd/waveforms/event_2015-04-24T14:09:22.716999Z.mseed,AXEC1,2015-04-24T14:09:22.716999Z,2015-04-24T14:09:22.716999Z,0.86,0.4,45.94883,-129.99449,0.467,266.5516202893281,5.408992959086388,0.9074101651951014,6.851307414311027,1.3
122535,passing_waveforms_data_mldd/waveforms/event_2015-04-24T14:09:34.520000Z.mseed,AXEC1,2015-04-24T14:09:34.520000Z,2015-04-24T14:09:34.520000Z,0.9,0.4,45.94863,-129.99575,0.4,265.85985287717887,4.041851012155951,0.9927012184213273,5.762701478619255,0.9
122537,passing_waveforms_data_mldd/waveforms/event_2015-04-24T14:09:56.037999Z.mseed,AXEC1,2015-04-24T14:09:56.037999Z,2015-04-24T14:09:56.037999Z,0.95,0.5,45.94896,-129.99108,2.12,266.24235258061594,3.010459029381326,0.9046806917137897,11.730730177739245,0.8
122540,passing_waveforms_data_mldd/waveforms/event_2015-04-24T14:10:37.673999Z.mseed,AXEC1,2015-04-24T14:10:37.673999Z,2015-04-24T14:10:37.673999Z,0.91,0.4,45.94685,-129.99288,0.383,254.17104866582676,4.837800405262341,0.9722439230683316,2.2522063304885123,0.7
122542,passing_waveforms_data_mldd/waveforms/event_2015-04-24T14:10:49.279000Z.mseed,AXEC1,2015-04-24T14:10:49.279000Z,2015-04-24T14:10:49.279000Z,0.93,0.4,45.9451,-129.99104,2.047,241.18413287206403,13.684720478568053,0.9667165111710051,4.508170713299247,1.8
122543,passing_waveforms_data_mldd/waveforms/event_2015-04-24T14:11:00.118000Z.mseed,AXEC1,2015-04-24T14:11:00.118000Z,2015-04-24T14:11:00.118000Z,0.86,0.48,45.95891,-129.99729,1.032,307.9618879352695,2.117390639204422,0.9757360688145855,5.788890578144542,1.1
122549,passing_waveforms_data_mldd/waveforms/event_2015-04-24T14:11:55.027999Z.mseed,AXEC1,2015-04-24T14:11:55.027999Z,2015-04-24T14:11:55.027999Z,1.1,0.54,45.95947,-129.99618,1.379,311.4187486982331,4.056644529562545,0.9651906630630784,7.048384804425435,1.3
122550,passing_waveforms_data_mldd/waveforms/event_2015-04-24T14:12:01.427000Z.mseed,AXEC1,2015-04-24T14:12:01.427000Z,2015-04-24T14:12:01.427000Z,0.93,0.43,45.94778,-129.99631,0.356,261.879712133619,9.954164034888784,0.9738827813697217,5.910645903876856,1.1
122551,passing_waveforms_data_mldd/waveforms/event_2015-04-24T14:12:07.921999Z.mseed,AXEC1,2015-04-24T14:12:07.921999Z,2015-04-24T14:12:07.921999Z,0.8,0.39,45.94444,-129.98931,0.47,233.22927868836913,3.6897541091462784,0.9852879931722397,5.015191369560773,1.2
122555,passing_waveforms_data_mldd/waveforms/event_2015-04-24T14:12:42.107999Z.mseed,AXEC1,2015-04-24T14:12:42.107999Z,2015-04-24T14:12:42.107999Z,0.82,0.4,45.94607,-129.99271,0.581,249.56456798285998,5.0867150875197025,0.9840582846365331,6.445519774030989,1.2
122560,passing_waveforms_data_mldd/waveforms/event_2015-04-24T14:13:14.593999Z.mseed,AXEC1,2015-04-24T14:13:14.593999Z,2015-04-24T14:13:14.593999Z,0.83,0.39,45.94623,-129.99269,0.503,250.41973939440373,3.0983560308651548,0.9918063149065831,3.9629388764951616,1.1
122561,passing_waveforms_data_mldd/waveforms/event_2015-04-24T14:13:30.035000Z.mseed,AXEC1,2015-04-24T14:13:30.035000Z,2015-04-24T14:13:30.035000Z,1.01,0.52,45.95579,-129.99274,1.581,305.03204593163525,3.2445952154136326,0.9336614931698528,6.420212958352646,1.8
122563,passing_waveforms_data_mldd/waveforms/event_2015-04-24T14:14:12.000000Z.mseed,AXEC1,2015-04-24T14:14:12.000000Z,2015-04-24T14:14:12.000000Z,1.0,0.48,45.95594,-129.99544,1.28,300.793270372851,4.3601618340048685,0.9847407825294945,5.572612424902364,1.3
122564,passing_waveforms_data_mldd/waveforms/event_2015-04-24T14:14:24.278999Z.mseed,AXEC1,2015-04-24T14:14:24.278999Z,2015-04-24T14:14:24.278999Z,0.92,0.46,45.94123,-129.98779,1.486,214.76129214558583,3.2746278755922225,0.9822373597433262,7.731899377087697,1.5
122565,passing_waveforms_data_mldd/waveforms/event_2015-04-24T14:14:35.195000Z.mseed,AXEC1,2015-04-24T14:14:35.195000Z,2015-04-24T14:14:35.195000Z,0.73,0.36,45.94306,-129.98939,0.06,226.74179065192274,3.1381609113275255,0.7154803179518936,12.768737894897374,0.9
122567,passing_waveforms_data_mldd/waveforms/event_2015-04-24T14:15:03.369000Z.mseed,AXEC1,2015-04-24T14:15:03.369000Z,2015-04-24T14:15:03.369000Z,1.03,0.52,45.95623,-129.99382,1.562,304.73659324965126,3.1729967436013258,0.9816542698776118,3.2874608326204666,1.2
122568,passing_waveforms_data_mldd/waveforms/event_2015-04-24T14:15:13.343999Z.mseed,AXEC1,2015-04-24T14:15:13.343999Z,2015-04-24T14:15:13.343999Z,0.9,0.41,45.94896,-129.99561,0.476,267.5123816177543,6.030953775700786,0.9813593867775576,3.160881031775778,1.3
122572,passing_waveforms_data_mldd/waveforms/event_2015-04-24T14:15:48.491999Z.mseed,AXEC1,2015-04-24T14:15:48.491999Z,2015-04-24T14:15:48.491999Z,1.41,0.7,45.96811,-129.99573,1.712,329.6056521354516,3.6560545128290096,0.9846964546684106,4.005379729586979,1.6
122573,passing_waveforms_data_mldd/waveforms/event_2015-04-24T14:16:01.742000Z.mseed,AXEC1,2015-04-24T14:16:01.742000Z,2015-04-24T14:16:01.742000Z,1.59,0.84,45.94314,-130.02106,0.849,258.13663530622694,2.152711928609729,0.9714575934009176,10.952626476064502,1.8
122577,passing_waveforms_data_mldd/waveforms/event_2015-04-24T14:16:40.697000Z.mseed,AXEC1,2015-04-24T14:16:40.697000Z,2015-04-24T14:16:40.697000Z,1.03,0.53,45.93743,-129.98078,1.612,184.25296115827712,2.558272856007006,0.9040217853934305,6.613073523841482,1.7
122578,passing_waveforms_data_mldd/waveforms/event_2015-04-24T14:16:46.156999Z.mseed,AXEC1,2015-04-24T14:16:46.156999Z,2015-04-24T14:16:46.156999Z,1.26,0.62,45.95188,-130.00591,0.426,277.8839107827748,2.922627457814306,0.968059984472084,7.166295279791423,1.1
122579,passing_waveforms_data_mldd/waveforms/event_2015-04-24T14:16:52.334000Z.mseed,AXEC1,2015-04-24T14:16:52.334000Z,2015-04-24T14:16:52.334000Z,1.57,0.84,45.94682,-130.02182,0.795,265.352923709824,2.481152390373163,0.9348766625440073,13.147883412865971,1.5
122581,passing_waveforms_data_mldd/waveforms/event_2015-04-24T14:17:10.740999Z.mseed,AXEC1,2015-04-24T14:17:10.740999Z,2015-04-24T14:17:10.740999Z,1.09,0.56,45.95677,-129.99229,1.929,310.01769687472756,3.7586898181296453,0.9893874946779405,3.7657519800989068,1.5
122585,passing_waveforms_data_mldd/waveforms/event_2015-04-24T14:17:43.039000Z.mseed,AXEC1,2015-04-24T14:17:43.039000Z,2015-04-24T14:17:43.039000Z,0.89,0.44,45.94268,-129.98322,1.776,200.29487854249012,7.126147236690818,0.960117601385834,3.360727987863844,1.6
122588,passing_waveforms_data_mldd/waveforms/event_2015-04-24T14:18:15.740999Z.mseed,AXEC1,2015-04-24T14:18:15.740999Z,2015-04-24T14:18:15.740999Z,0.84,0.39,45.94427,-129.99251,0.486,239.9892402887011,10.659428441984167,0.9876437501406379,9.840258169980483,1.3
122590,passing_waveforms_data_mldd/waveforms/event_2015-04-24T14:18:38.570000Z.mseed,AXEC1,2015-04-24T14:18:38.570000Z,2015-04-24T14:18:38.570000Z,1.26,0.61,45.96473,-129.99612,1.487,323.62352871336606,5.258644376314173,0.9876807522060803,5.2573438715921545,1.4
122591,passing_waveforms_data_mldd/waveforms/event_2015-04-24T14:18:46.950000Z.mseed,AXEC1,2015-04-24T14:18:46.950000Z,2015-04-24T14:18:46.950000Z,1.12,0.53,45.95848,-129.99432,1.688,311.8228666407128,5.064242133433575,0.9873280183519879,5.058270994979508,2.2
122594,passing_waveforms_data_mldd/waveforms/event_2015-04-24T14:19:30.099000Z.mseed,AXEC1,2015-04-24T14:19:30.099000Z,2015-04-24T14:19:30.099000Z,0.94,0.43,45.95821,-129.99657,1.482,306.9672056871987,6.85690308107727,0.9829098281111359,5.700735015373447,1.8
122595,passing_waveforms_data_mldd/waveforms/event_2015-04-24T14:19:38.761000Z.mseed,AXEC1,2015-04-24T14:19:38.761000Z,2015-04-24T14:19:38.761000Z,0.97,0.39,45.9578,-129.9957,1.44,307.0836430384097,6.4477014447200025,0.7874203127118664,12.982728466683044,1.5
122596,passing_waveforms_data_mldd/waveforms/event_2015-04-24T14:19:46.000999Z.mseed,AXEC1,2015-04-24T14:19:46.000999Z,2015-04-24T14:19:46.000999Z,0.89,0.44,45.94264,-129.98286,1.568,198.32716277826972,2.4645332192174614,0.9626054196492287,3.8611883476585454,1.5
122598,passing_waveforms_data_mldd/waveforms/event_2015-04-24T14:20:00.929000Z.mseed,AXEC1,2015-04-24T14:20:00.929000Z,2015-04-24T14:20:00.929000Z,0.87,0.37,45.94794,-129.99452,0.375,261.6952632076426,4.206815531957472,0.9991952584385169,11.979950268577921,2.4
122599,passing_waveforms_data_mldd/waveforms/event_2015-04-24T14:20:12.570999Z.mseed,AXEC1,2015-04-24T14:20:12.570999Z,2015-04-24T14:20:12.570999Z,0.83,0.36,45.94335,-129.99196,0.529,234.637455955728,7.247165456039321,0.9182350081666835,21.424975269303086,1.7
122600,passing_waveforms_data_mldd/waveforms/event_2015-04-24T14:20:41.337000Z.mseed,AXEC1,2015-04-24T14:20:41.337000Z,2015-04-24T14:20:41.337000Z,2.79,2.29,45.94342,-130.01503,0.766,256.6838966646076,11.366989971001008,0.9766741545084529,6.41484964713753,1.4
122604,passing_waveforms_data_mldd/waveforms/event_2015-04-24T14:21:23.689000Z.mseed,AXEC1,2015-04-24T14:21:23.689000Z,2015-04-24T14:21:23.689000Z,0.78,0.34,45.94642,-129.99287,0.477,251.7276549851174,3.0650801671161405,0.9968452985736194,6.9588302933130795,1.2
122605,passing_waveforms_data_mldd/waveforms/event_2015-04-24T14:21:34.247999Z.mseed,AXEC1,2015-04-24T14:21:34.247999Z,2015-04-24T14:21:34.247999Z,1.15,0.69,45.93796,-129.97976,2.57,180.91051516357123,3.5233163765891327,0.9736326495177539,5.848045452545539,1.2
122608,passing_waveforms_data_mldd/waveforms/event_2015-04-24T14:22:10.265000Z.mseed,AXEC1,2015-04-24T14:22:10.265000Z,2015-04-24T14:22:10.265000Z,0.83,0.43,45.94391,-129.9918,0.521,236.817968408928,9.896103091066621,0.9635466270356433,7.508935916088023,1.3
122614,passing_waveforms_data_mldd/waveforms/event_2015-04-24T14:22:50.564000Z.mseed,AXEC1,2015-04-24T14:22:50.564000Z,2015-04-24T14:22:50.564000Z,0.87,0.4,45.94644,-129.99321,0.476,252.28182240034502,4.51907806549774,0.9951512287384328,1.8733942108359645,1.8
122624,passing_waveforms_data_mldd/waveforms/event_2015-04-24T14:24:22.794000Z.mseed,AXEC1,2015-04-24T14:24:22.794000Z,2015-04-24T14:24:22.794000Z,1.23,0.6,45.9626,-129.99819,1.589,315.9843837929232,9.16314734170409,0.9876527982867386,6.845956524460107,1.6
122632,passing_waveforms_data_mldd/waveforms/event_2015-04-24T14:25:46.067999Z.mseed,AXEC1,2015-04-24T14:25:46.067999Z,2015-04-24T14:25:46.067999Z,0.82,0.35,45.94749,-129.99387,0.541,258.77042925939134,3.298593919142534,0.995961337135987,7.219132324863403,1.1
122641,passing_waveforms_data_mldd/waveforms/event_2015-04-24T14:27:00.861000Z.mseed,AXEC1,2015-04-24T14:27:00.861000Z,2015-04-24T14:27:00.861000Z,0.89,0.4,45.94702,-129.99301,0.45,255.29420126829453,2.5712471945930395,0.9801518203932961,5.863937062530509,1.2
122642,passing_waveforms_data_mldd/waveforms/event_2015-04-24T14:27:16.277999Z.mseed,AXEC1,2015-04-24T14:27:16.277999Z,2015-04-24T14:27:16.277999Z,1.63,0.8,45.94958,-130.02389,0.931,270.72005419687275,2.3298997414434677,0.9922324197010162,6.90004764288873,1.4
122643,passing_waveforms_data_mldd/waveforms/event_2015-04-24T14:27:21.876000Z.mseed,AXEC1,2015-04-24T14:27:21.876000Z,2015-04-24T14:27:21.876000Z,1.17,0.52,45.96305,-129.9975,1.507,318.0446063751449,5.032164710116067,0.9963863928230782,6.452498943334027,1.6
122644,passing_waveforms_data_mldd/waveforms/event_2015-04-24T14:27:43.220999Z.mseed,AXEC1,2015-04-24T14:27:43.220999Z,2015-04-24T14:27:43.220999Z,1.03,0.5,45.95832,-129.99659,1.333,307.2814797619561,10.378902650118679,0.982089388048392,5.161905301006869,2.0
122645,passing_waveforms_data_mldd/waveforms/event_2015-04-24T14:27:47.237999Z.mseed,AXEC1,2015-04-24T14:27:47.237999Z,2015-04-24T14:27:47.237999Z,0.93,0.45,45.94018,-129.98608,1.706,206.04341488079572,3.6304674000249957,0.8748338607994904,14.2366550632169,1.8
122650,passing_waveforms_data_mldd/waveforms/event_2015-04-24T14:28:43.283000Z.mseed,AXEC1,2015-04-24T14:28:43.283000Z,2015-04-24T14:28:43.283000Z,0.93,0.45,45.94353,-129.99224,0.631,236.04092954093502,4.4188603205763295,0.9768048619444715,4.9523783773735515,1.4
122651,passing_waveforms_data_mldd/waveforms/event_2015-04-24T14:28:55.709000Z.mseed,AXEC1,2015-04-24T14:28:55.709000Z,2015-04-24T14:28:55.709000Z,1.54,0.78,45.92353,-129.9816,0.63,183.61793798404818,2.7041501000227255,0.973486997588141,6.387974669898381,1.5
122652,passing_waveforms_data_mldd/waveforms/event_2015-04-24T14:29:00.270000Z.mseed,AXEC1,2015-04-24T14:29:00.270000Z,2015-04-24T14:29:00.270000Z,1.57,0.83,45.94284,-130.0222,1.062,257.9117829347009,4.92214592326364,0.9846261948479241,13.971203861620033,1.9
122653,passing_waveforms_data_mldd/waveforms/event_2015-04-24T14:29:05.995000Z.mseed,AXEC1,2015-04-24T14:29:05.995000Z,2015-04-24T14:29:05.995000Z,0.92,0.45,45.94097,-129.99221,1.188,226.0956461478814,3.0810810623147007,0.9230409575272036,15.82814699694283,1.5
122654,passing_waveforms_data_mldd/waveforms/event_2015-04-24T14:29:30.736999Z.mseed,AXEC1,2015-04-24T14:29:30.736999Z,2015-04-24T14:29:30.736999Z,0.89,0.44,45.94226,-129.98909,0.5,222.5320910055319,3.628515378708397,0.9736430828294546,6.818374457637342,1.6
122655,passing_waveforms_data_mldd/waveforms/event_2015-04-24T14:29:39.104999Z.mseed,AXEC1,2015-04-24T14:29:39.104999Z,2015-04-24T14:29:39.104999Z,0.95,0.44,45.94855,-129.9954,0.443,265.33700164177674,2.600660394990662,0.9718220731484087,6.240803673160918,1.1
122658,passing_waveforms_data_mldd/waveforms/event_2015-04-24T14:29:58.893000Z.mseed,AXEC1,2015-04-24T14:29:58.893000Z,2015-04-24T14:29:58.893000Z,0.83,0.43,45.94571,-129.99417,0.717,249.7327140769737,5.020914086422313,0.9911268402496514,1.7938889961047944,1.0
122667,passing_waveforms_data_mldd/waveforms/event_2015-04-24T14:31:44.351999Z.mseed,AXEC1,2015-04-24T14:31:44.351999Z,2015-04-24T14:31:44.351999Z,1.47,0.83,45.93412,-130.01862,1.3,241.06207689408149,3.5698017566815112,0.9758522489937415,11.455634106759666,1.6
122668,passing_waveforms_data_mldd/waveforms/event_2015-04-24T14:31:58.267000Z.mseed,AXEC1,2015-04-24T14:31:58.267000Z,2015-04-24T14:31:58.267000Z,0.82,0.39,45.94858,-129.9898,1.262,262.62937103978425,3.8116568416249677,0.9790041752779004,10.076109094914635,1.3
122672,passing_waveforms_data_mldd/waveforms/event_2015-04-24T14:32:27.265999Z.mseed,AXEC1,2015-04-24T14:32:27.265999Z,2015-04-24T14:32:27.265999Z,0.93,0.43,45.94858,-129.99521,0.43,265.42899289324566,2.935717652388157,0.975727946171758,3.187341909874571,1.2
122674,passing_waveforms_data_mldd/waveforms/event_2015-04-24T14:32:35.792000Z.mseed,AXEC1,2015-04-24T14:32:35.792000Z,2015-04-24T14:32:35.792000Z,0.94,0.47,45.94026,-129.98384,1.62,197.92302731723981,4.385236398835123,0.9779123211241242,3.948149868647603,1.9
122681,passing_waveforms_data_mldd/waveforms/event_2015-04-24T14:33:41.896000Z.mseed,AXEC1,2015-04-24T14:33:41.896000Z,2015-04-24T14:33:41.896000Z,0.83,0.38,45.94626,-129.99377,0.562,252.02055060696495,8.189559977223848,0.9829563361195197,3.1160403498400697,1.3
122682,passing_waveforms_data_mldd/waveforms/event_2015-04-24T14:33:56.328000Z.mseed,AXEC1,2015-04-24T14:33:56.328000Z,2015-04-24T14:33:56.328000Z,1.22,0.61,45.96275,-129.99824,1.316,316.2352106398124,5.7147350530976935,0.9826317199944693,4.54862244151266,2.0
122688,passing_waveforms_data_mldd/waveforms/event_2015-04-24T14:34:58.069000Z.mseed,AXEC1,2015-04-24T14:34:58.069000Z,2015-04-24T14:34:58.069000Z,0.89,0.45,45.94602,-129.98978,1.468,243.85530919564292,5.538007902699695,0.9821748613504716,8.30954222902353,1.9
122703,passing_waveforms_data_mldd/waveforms/event_2015-04-24T14:36:57.609000Z.mseed,AXEC1,2015-04-24T14:36:57.609000Z,2015-04-24T14:36:57.609000Z,1.02,0.52,45.9419,-129.98813,1.895,218.14953989607199,4.808844525208467,0.9562693348021716,5.046228974442616,1.5
122704,passing_waveforms_data_mldd/waveforms/event_2015-04-24T14:37:06.642000Z.mseed,AXEC1,2015-04-24T14:37:06.642000Z,2015-04-24T14:37:06.642000Z,1.48,0.78,45.92333,-129.97099,0.692,167.66592314735823,2.161681343658121,0.8961408435002458,20.56338581668144,1.2
122705,passing_waveforms_data_mldd/waveforms/event_2015-04-24T14:37:22.551999Z.mseed,AXEC1,2015-04-24T14:37:22.551999Z,2015-04-24T14:37:22.551999Z,0.99,0.47,45.94174,-129.99027,1.493,223.95234270230742,5.374432724032557,0.9710612752024925,11.25127031697676,1.7
122713,passing_waveforms_data_mldd/waveforms/event_2015-04-24T14:38:29.201000Z.mseed,AXEC1,2015-04-24T14:38:29.201000Z,2015-04-24T14:38:29.201000Z,1.01,0.46,45.95829,-129.99653,1.323,307.28474950221903,7.421427723663431,0.9948600167476385,7.575460352238632,1.2
122721,passing_waveforms_data_mldd/waveforms/event_2015-04-24T14:39:53.475000Z.mseed,AXEC1,2015-04-24T14:39:53.475000Z,2015-04-24T14:39:53.475000Z,0.86,0.41,45.9425,-129.99017,0.585,226.59962935626575,2.4563921132196684,0.9575170593272657,6.6474455524223695,0.8
122729,passing_waveforms_data_mldd/waveforms/event_2015-04-24T14:41:10.247999Z.mseed,AXEC1,2015-04-24T14:41:10.247999Z,2015-04-24T14:41:10.247999Z,0.96,0.45,45.94969,-129.99602,0.407,271.2636463585984,5.7683751082900745,0.9845922500748933,8.63642339255452,0.9
122734,passing_waveforms_data_mldd/waveforms/event_2015-04-24T14:41:41.554999Z.mseed,AXEC1,2015-04-24T14:41:41.554999Z,2015-04-24T14:41:41.554999Z,0.89,0.37,45.94765,-129.99573,0.26,260.9172413704518,8.31718000583243,0.9945009751372371,8.741776072540949,1.5
122740,passing_waveforms_data_mldd/waveforms/event_2015-04-24T14:42:59.762999Z.mseed,AXEC1,2015-04-24T14:42:59.762999Z,2015-04-24T14:42:59.762999Z,1.11,0.56,45.95221,-130.00725,0.567,278.50697243990857,2.2864479243598366,0.7455909439329209,10.974513647827003,0.7
122741,passing_waveforms_data_mldd/waveforms/event_2015-04-24T14:43:08.992000Z.mseed,AXEC1,2015-04-24T14:43:08.992000Z,2015-04-24T14:43:08.992000Z,0.97,0.49,45.93734,-129.98259,1.411,190.05885531392977,2.193115361211432,0.958056606036995,3.3962488343389676,1.4
122742,passing_waveforms_data_mldd/waveforms/event_2015-04-24T14:43:19.902000Z.mseed,AXEC1,2015-04-24T14:43:19.902000Z,2015-04-24T14:43:19.902000Z,0.97,0.47,45.94837,-129.99589,0.451,264.5946028865698,3.7331493742552695,0.9753255405034211,5.162189274025408,2.0
122749,passing_waveforms_data_mldd/waveforms/event_2015-04-24T14:44:40.335000Z.mseed,AXEC1,2015-04-24T14:44:40.335000Z,2015-04-24T14:44:40.335000Z,1.07,0.49,45.95842,-129.99589,1.52,308.7645307526252,10.571887639261412,0.9923512856245211,3.6422679107041054,1.6
122750,passing_waveforms_data_mldd/waveforms/event_2015-04-24T14:44:51.043999Z.mseed,AXEC1,2015-04-24T14:44:51.043999Z,2015-04-24T14:44:51.043999Z,0.86,0.37,45.95104,-129.98781,1.691,285.17835073530176,6.350357387552995,0.9977394740352106,4.988955369053302,1.4
122751,passing_waveforms_data_mldd/waveforms/event_2015-04-24T14:45:01.493000Z.mseed,AXEC1,2015-04-24T14:45:01.493000Z,2015-04-24T14:45:01.493000Z,1.6,0.79,45.97243,-129.99697,1.518,332.91667409731957,2.7194661926052133,0.9490482372998896,5.303873636275136,1.6
122752,passing_waveforms_data_mldd/waveforms/event_2015-04-24T14:45:35.865999Z.mseed,AXEC1,2015-04-24T14:45:35.865999Z,2015-04-24T14:45:35.865999Z,1.55,0.79,45.96967,-129.99895,2.157,326.95765682286765,3.0779501871125863,0.9631909986427344,9.561062919692922,2.8
122755,passing_waveforms_data_mldd/waveforms/event_2015-04-24T14:46:19.429999Z.mseed,AXEC1,2015-04-24T14:46:19.429999Z,2015-04-24T14:46:19.429999Z,0.68,0.27,45.94381,-129.98795,0.431,225.63323759674768,3.3469967753959673,0.9592568513697635,9.776670626331962,1.4
122759,passing_waveforms_data_mldd/waveforms/event_2015-04-24T14:47:25.042000Z.mseed,AXEC1,2015-04-24T14:47:25.042000Z,2015-04-24T14:47:25.042000Z,0.97,0.43,45.94902,-129.99623,0.391,267.9296589518424,3.0840467591658673,0.9822953743861361,5.4528514045642265,1.2
122761,passing_waveforms_data_mldd/waveforms/event_2015-04-24T14:48:03.181000Z.mseed,AXEC1,2015-04-24T14:48:03.181000Z,2015-04-24T14:48:03.181000Z,0.91,0.46,45.94417,-129.99257,0.632,239.63624434550673,2.294748721455592,0.9752953114226217,10.171366961485536,1.3
122763,passing_waveforms_data_mldd/waveforms/event_2015-04-24T14:48:20.521000Z.mseed,AXEC1,2015-04-24T14:48:20.521000Z,2015-04-24T14:48:20.521000Z,0.95,0.44,45.94917,-129.99626,0.353,268.67737589501155,2.0561627858612015,0.9770946569169989,5.704674094761928,1.0
122768,passing_waveforms_data_mldd/waveforms/event_2015-04-24T14:48:55.194000Z.mseed,AXEC1,2015-04-24T14:48:55.194000Z,2015-04-24T14:48:55.194000Z,0.85,0.37,45.94866,-129.98661,1.844,259.9008436549607,4.084751785336007,0.9967228977275288,4.578198356260873,1.3
122771,passing_waveforms_data_mldd/waveforms/event_2015-04-24T14:49:41.698000Z.mseed,AXEC1,2015-04-24T14:49:41.698000Z,2015-04-24T14:49:41.698000Z,0.88,0.42,45.94158,-129.983,1.602,196.7591666749479,7.537693716570292,0.9809499535960017,5.39580259720602,1.7
122772,passing_waveforms_data_mldd/waveforms/event_2015-04-24T14:49:54.341999Z.mseed,AXEC1,2015-04-24T14:49:54.341999Z,2015-04-24T14:49:54.341999Z,0.84,0.42,45.94477,-129.99178,0.564,240.9909946318215,3.9527795286178735,0.98042580993007,3.4890597411205597,1.2
122775,passing_waveforms_data_mldd/waveforms/event_2015-04-24T14:50:11.105000Z.mseed,AXEC1,2015-04-24T14:50:11.105000Z,2015-04-24T14:50:11.105000Z,0.91,0.42,45.9491,-129.99612,0.473,268.3103786441151,3.2794325074467996,0.9910656430634309,6.373930452372619,0.9
122781,passing_waveforms_data_mldd/waveforms/event_2015-04-24T14:51:37.731000Z.mseed,AXEC1,2015-04-24T14:51:37.731000Z,2015-04-24T14:51:37.731000Z,0.96,0.47,45.95455,-129.99333,1.4,298.30778410773087,3.419183875872888,0.9559742886542181,4.2093000651707015,1.2
122783,passing_waveforms_data_mldd/waveforms/event_2015-04-24T14:51:53.460999Z.mseed,AXEC1,2015-04-24T14:51:53.460999Z,2015-04-24T14:51:53.460999Z,0.94,0.43,45.95724,-129.99489,1.477,306.57557650517765,4.5010208183089375,0.9733479171544296,8.092099766999269,1.0
122793,passing_waveforms_data_mldd/waveforms/event_2015-04-24T14:54:20.609000Z.mseed,AXEC1,2015-04-24T14:54:20.609000Z,2015-04-24T14:54:20.609000Z,0.87,0.43,45.94262,-129.9889,0.316,223.3870730309145,4.382110592122013,0.9666776024573958,5.103361876347419,0.9
122803,passing_waveforms_data_mldd/waveforms/event_2015-04-24T14:56:40.847000Z.mseed,AXEC1,2015-04-24T14:56:40.847000Z,2015-04-24T14:56:40.847000Z,1.05,0.53,45.9565,-129.98466,2.136,334.14318001569757,5.087219966221166,0.9665022214065552,3.012380497243454,1.3
122805,passing_waveforms_data_mldd/waveforms/event_2015-04-24T14:57:02.201999Z.mseed,AXEC1,2015-04-24T14:57:02.201999Z,2015-04-24T14:57:02.201999Z,0.93,0.47,45.94942,-129.99528,0.524,269.86631160583534,2.7589125000089187,0.9402987382248011,3.9632975881053305,1.6
122810,passing_waveforms_data_mldd/waveforms/event_2015-04-24T14:57:39.271999Z.mseed,AXEC1,2015-04-24T14:57:39.271999Z,2015-04-24T14:57:39.271999Z,0.96,0.47,45.94424,-129.9888,1.768,230.63685047557084,5.325699191777191,0.9958065339782466,5.769638560369626,1.7
122813,passing_waveforms_data_mldd/waveforms/event_2015-04-24T14:58:06.569000Z.mseed,AXEC1,2015-04-24T14:58:06.569000Z,2015-04-24T14:58:06.569000Z,0.87,0.35,45.94327,-129.99012,0.437,229.74743665023897,2.4403558556251363,0.9748323110553557,4.6556729456146595,0.5
122827,passing_waveforms_data_mldd/waveforms/event_2015-04-24T15:01:09.679999Z.mseed,AXEC1,2015-04-24T15:01:09.679999Z,2015-04-24T15:01:09.679999Z,0.89,0.39,45.94859,-129.99609,0.416,265.76109934955366,12.066881031615171,0.9945901723723206,6.850966510322009,1.7
122829,passing_waveforms_data_mldd/waveforms/event_2015-04-24T15:01:32.002000Z.mseed,AXEC1,2015-04-24T15:01:32.002000Z,2015-04-24T15:01:32.002000Z,1.06,0.56,45.95531,-129.99412,1.633,300.3787814821271,2.743533738409732,0.9789228188685396,5.504508454613106,1.8
122830,passing_waveforms_data_mldd/waveforms/event_2015-04-24T15:01:40.459000Z.mseed,AXEC1,2015-04-24T15:01:40.459000Z,2015-04-24T15:01:40.459000Z,0.98,0.48,45.94255,-129.99914,0.19,243.30959318515215,5.064138402658882,0.7172124530057872,8.975267610859174,1.4
122832,passing_waveforms_data_mldd/waveforms/event_2015-04-24T15:02:20.986999Z.mseed,AXEC1,2015-04-24T15:02:20.986999Z,2015-04-24T15:02:20.986999Z,0.95,0.5,45.93947,-129.98505,1.672,200.96847154085873,2.21181165862425,0.9588771980775929,4.908685495551831,1.2
122833,passing_waveforms_data_mldd/waveforms/event_2015-04-24T15:02:32.133000Z.mseed,AXEC1,2015-04-24T15:02:32.133000Z,2015-04-24T15:02:32.133000Z,0.78,0.34,45.9466,-129.99239,0.547,252.1035096981524,2.278876821320768,0.981984722504173,8.822100626909043,1.1
122836,passing_waveforms_data_mldd/waveforms/event_2015-04-24T15:03:02.741000Z.mseed,AXEC1,2015-04-24T15:03:02.741000Z,2015-04-24T15:03:02.741000Z,1.07,0.51,45.95878,-129.99637,1.48,309.0627323851518,12.742491162514238,0.9838848602261077,6.150092820834409,1.6
122837,passing_waveforms_data_mldd/waveforms/event_2015-04-24T15:03:10.823000Z.mseed,AXEC1,2015-04-24T15:03:10.823000Z,2015-04-24T15:03:10.823000Z,0.84,0.4,45.94284,-129.98889,0.512,224.27407208449137,2.07425550517822,0.9801980903742448,4.734402310625993,1.3
122839,passing_waveforms_data_mldd/waveforms/event_2015-04-24T15:03:33.402000Z.mseed,AXEC1,2015-04-24T15:03:33.402000Z,2015-04-24T15:03:33.402000Z,1.61,0.83,45.9463,-130.01629,0.328,263.3946548005462,5.017425600831399,0.9929437069221251,10.44337962283023,2.1
122840,passing_waveforms_data_mldd/waveforms/event_2015-04-24T15:03:49.066000Z.mseed,AXEC1,2015-04-24T15:03:49.066000Z,2015-04-24T15:03:49.066000Z,0.99,0.42,45.94826,-129.99615,0.329,264.1479980657685,4.644547105239285,0.9928395549303267,4.867600626812649,1.1
122843,passing_waveforms_data_mldd/waveforms/event_2015-04-24T15:04:10.695999Z.mseed,AXEC1,2015-04-24T15:04:10.695999Z,2015-04-24T15:04:10.695999Z,0.79,0.36,45.94593,-129.99092,0.639,245.70647820907462,2.4837725663723513,0.9316258060240192,5.904842319575163,0.6
122844,passing_waveforms_data_mldd/waveforms/event_2015-04-24T15:04:20.832000Z.mseed,AXEC1,2015-04-24T15:04:20.832000Z,2015-04-24T15:04:20.832000Z,0.82,0.37,45.94508,-129.99141,0.427,241.85877854543006,3.013033937192888,0.9471598831747493,4.269473528889875,0.8
122846,passing_waveforms_data_mldd/waveforms/event_2015-04-24T15:04:43.447000Z.mseed,AXEC1,2015-04-24T15:04:43.447000Z,2015-04-24T15:04:43.447000Z,1.05,0.53,45.95578,-129.99564,1.265,299.85541824688255,2.48331861496734,0.9699968267022818,10.82478111861472,1.6
122854,passing_waveforms_data_mldd/waveforms/event_2015-04-24T15:06:12.223000Z.mseed,AXEC1,2015-04-24T15:06:12.223000Z,2015-04-24T15:06:12.223000Z,1.03,0.43,45.94848,-129.98658,1.558,257.79724353843284,2.0793400738160113,0.971664304008028,8.248353104717287,1.2
122857,passing_waveforms_data_mldd/waveforms/event_2015-04-24T15:06:45.405999Z.mseed,AXEC1,2015-04-24T15:06:45.405999Z,2015-04-24T15:06:45.405999Z,0.84,0.43,45.94513,-129.99255,0.503,244.3074787849689,2.0190333896582935,0.9916229131434171,5.143436027484392,0.8
122858,passing_waveforms_data_mldd/waveforms/event_2015-04-24T15:06:55.741999Z.mseed,AXEC1,2015-04-24T15:06:55.741999Z,2015-04-24T15:06:55.741999Z,1.64,0.99,45.9515,-130.02493,0.659,274.2029324895417,7.634430930101436,0.9780232175455545,9.881964638868299,1.2
122860,passing_waveforms_data_mldd/waveforms/event_2015-04-24T15:07:16.736000Z.mseed,AXEC1,2015-04-24T15:07:16.736000Z,2015-04-24T15:07:16.736000Z,1.07,0.53,45.94356,-129.99002,1.944,230.80524648499437,2.549823094756924,0.9769476479281276,3.816935124562562,1.9
122862,passing_waveforms_data_mldd/waveforms/event_2015-04-24T15:07:38.597999Z.mseed,AXEC1,2015-04-24T15:07:38.597999Z,2015-04-24T15:07:38.597999Z,0.85,0.38,45.94595,-129.99274,0.439,248.95399964146281,3.350275814175883,0.9941283829354572,3.6845133105346894,1.0
122864,passing_waveforms_data_mldd/waveforms/event_2015-04-24T15:07:52.112000Z.mseed,AXEC1,2015-04-24T15:07:52.112000Z,2015-04-24T15:07:52.112000Z,0.84,0.4,45.94747,-129.99355,0.506,258.3893981429642,4.116240816545294,0.9778100295270816,9.762645545889361,1.2
122869,passing_waveforms_data_mldd/waveforms/event_2015-04-24T15:08:43.982999Z.mseed,AXEC1,2015-04-24T15:08:43.982999Z,2015-04-24T15:08:43.982999Z,0.89,0.45,45.94509,-129.99294,0.556,244.78266552189635,3.144335003241289,0.9826380634200237,9.200388806194564,1.1
122871,passing_waveforms_data_mldd/waveforms/event_2015-04-24T15:09:10.859000Z.mseed,AXEC1,2015-04-24T15:09:10.859000Z,2015-04-24T15:09:10.859000Z,1.22,0.57,45.94949,-130.00543,2.206,270.4261145617322,2.396147125081171,0.9848828001093317,5.4585498444932865,0.8
122874,passing_waveforms_data_mldd/waveforms/event_2015-04-24T15:09:33.435000Z.mseed,AXEC1,2015-04-24T15:09:33.435000Z,2015-04-24T15:09:33.435000Z,0.85,0.43,45.95048,-129.98747,1.794,280.1350561832696,8.662344784468946,0.9862820473046663,3.5854505329542765,1.1
122875,passing_waveforms_data_mldd/waveforms/event_2015-04-24T15:09:40.862999Z.mseed,AXEC1,2015-04-24T15:09:40.862999Z,2015-04-24T15:09:40.862999Z,0.85,0.38,45.94601,-129.99217,0.468,248.39533965382608,4.147571396485795,0.9883060609126814,8.063432916812834,1.9
122876,passing_waveforms_data_mldd/waveforms/event_2015-04-24T15:09:54.573999Z.mseed,AXEC1,2015-04-24T15:09:54.573999Z,2015-04-24T15:09:54.573999Z,0.9,0.43,45.9425,-129.99099,0.477,228.7544580138597,4.05202635016354,0.9931603693464958,7.770304839818558,1.2
122877,passing_waveforms_data_mldd/waveforms/event_2015-04-24T15:10:03.971000Z.mseed,AXEC1,2015-04-24T15:10:03.971000Z,2015-04-24T15:10:03.971000Z,1.73,0.89,45.93173,-130.0165,1.321,235.90835110690261,2.1224418398009925,0.8940628857042068,4.567966546020153,1.4
122882,passing_waveforms_data_mldd/waveforms/event_2015-04-24T15:11:01.707000Z.mseed,AXEC1,2015-04-24T15:11:01.707000Z,2015-04-24T15:11:01.707000Z,0.9,0.46,45.94544,-129.99386,0.565,247.96956090967026,4.410242316622592,0.9812438284218487,2.026691812115189,1.1
122885,passing_waveforms_data_mldd/waveforms/event_2015-04-24T15:11:15.278000Z.mseed,AXEC1,2015-04-24T15:11:15.278000Z,2015-04-24T15:11:15.278000Z,0.85,0.41,45.94457,-129.99084,0.525,237.89852411740995,2.367449810415958,0.9499949556005732,3.5072611397164573,1.2
122887,passing_waveforms_data_mldd/waveforms/event_2015-04-24T15:11:29.722000Z.mseed,AXEC1,2015-04-24T15:11:29.722000Z,2015-04-24T15:11:29.722000Z,1.03,0.5,45.95075,-129.99709,0.383,276.2196832757095,2.084184814537494,0.9615272612794965,3.2247390405428016,1.0
122889,passing_waveforms_data_mldd/waveforms/event_2015-04-24T15:12:07.141000Z.mseed,AXEC1,2015-04-24T15:12:07.141000Z,2015-04-24T15:12:07.141000Z,1.0,0.47,45.94965,-129.99701,0.43,271.0425475984564,3.270543991265105,0.903072889972325,7.048416561071979,0.8
122890,passing_waveforms_data_mldd/waveforms/event_2015-04-24T15:12:17.500000Z.mseed,AXEC1,2015-04-24T15:12:17.500000Z,2015-04-24T15:12:17.500000Z,0.9,0.43,45.94202,-129.98345,1.545,199.79282806308086,2.6706553066480843,0.9772546429260461,1.2742730902632542,1.1
122900,passing_waveforms_data_mldd/waveforms/event_2015-04-24T15:14:14.476000Z.mseed,AXEC1,2015-04-24T15:14:14.476000Z,2015-04-24T15:14:14.476000Z,1.33,0.63,45.96684,-129.99715,1.466,325.5219389504519,5.0665679766379,0.9927564846319376,5.268468862893423,1.1
122907,passing_waveforms_data_mldd/waveforms/event_2015-04-24T15:15:35.976999Z.mseed,AXEC1,2015-04-24T15:15:35.976999Z,2015-04-24T15:15:35.976999Z,0.91,0.41,45.94941,-129.99524,0.522,269.8112830704374,3.8883013386070426,0.9836689482349624,4.613580287283572,1.1
122918,passing_waveforms_data_mldd/waveforms/event_2015-04-24T15:17:27.301999Z.mseed,AXEC1,2015-04-24T15:17:27.301999Z,2015-04-24T15:17:27.301999Z,0.87,0.41,45.94149,-129.98934,0.416,220.44316619264623,3.751593603221754,0.9658303847501045,5.155806363450707,1.8
122919,passing_waveforms_data_mldd/waveforms/event_2015-04-24T15:17:33.158000Z.mseed,AXEC1,2015-04-24T15:17:33.158000Z,2015-04-24T15:17:33.158000Z,0.93,0.46,45.94988,-129.98717,1.663,274.001938140544,3.3499520462667736,0.948778526078602,0.714202448361142,1.6
122922,passing_waveforms_data_mldd/waveforms/event_2015-04-24T15:18:01.074000Z.mseed,AXEC1,2015-04-24T15:18:01.074000Z,2015-04-24T15:18:01.074000Z,0.84,0.43,45.94874,-129.99437,0.534,266.0168065310344,8.406521731515362,0.9720212478060138,10.791993952068209,1.3
122931,passing_waveforms_data_mldd/waveforms/event_2015-04-24T15:19:28.068000Z.mseed,AXEC1,2015-04-24T15:19:28.068000Z,2015-04-24T15:19:28.068000Z,0.93,0.01,45.95596,-129.99424,1.428,302.88238725170504,6.2639303546910385,0.8047067791287075,25.399043256609723,0.7
122938,passing_waveforms_data_mldd/waveforms/event_2015-04-24T15:21:44.587000Z.mseed,AXEC1,2015-04-24T15:21:44.587000Z,2015-04-24T15:21:44.587000Z,0.89,0.44,45.94342,-129.98685,1.536,219.70410773000657,3.7770356286651925,0.9681339257286301,5.592223870698981,1.9
122940,passing_waveforms_data_mldd/waveforms/event_2015-04-24T15:22:25.298999Z.mseed,AXEC1,2015-04-24T15:22:25.298999Z,2015-04-24T15:22:25.298999Z,1.27,0.66,45.9302,-129.97607,1.025,173.25753844461963,3.5700309139864324,0.9202412985446641,6.65441089113031,2.1
122943,passing_waveforms_data_mldd/waveforms/event_2015-04-24T15:23:00.080000Z.mseed,AXEC1,2015-04-24T15:23:00.080000Z,2015-04-24T15:23:00.080000Z,1.01,0.5,45.95449,-129.99559,0.832,294.60295601055583,3.5720481577775027,0.9201524930232929,8.993448129605435,1.1
122946,passing_waveforms_data_mldd/waveforms/event_2015-04-24T15:24:31.533999Z.mseed,AXEC1,2015-04-24T15:24:31.533999Z,2015-04-24T15:24:31.533999Z,0.99,0.46,45.94924,-129.99629,0.397,269.0272661013563,2.1029664691491834,0.9866164094373729,4.633328556136328,1.0
122952,passing_waveforms_data_mldd/waveforms/event_2015-04-24T15:25:29.998999Z.mseed,AXEC1,2015-04-24T15:25:29.998999Z,2015-04-24T15:25:29.998999Z,0.81,0.39,45.94325,-129.9886,0.398,225.15264773851416,2.0161183459014445,0.9697930597508599,4.586382835739975,1.0
122953,passing_waveforms_data_mldd/waveforms/event_2015-04-24T15:25:34.427999Z.mseed,AXEC1,2015-04-24T15:25:34.427999Z,2015-04-24T15:25:34.427999Z,1.1,0.58,45.93748,-130.0023,0.269,233.2077989815456,2.0639594307070364,0.9749753100867091,2.163045012882183,1.0
122955,passing_waveforms_data_mldd/waveforms/event_2015-04-24T15:25:55.457999Z.mseed,AXEC1,2015-04-24T15:25:55.457999Z,2015-04-24T15:25:55.457999Z,0.92,0.49,45.9457,-129.99163,1.626,245.71227173198452,5.862348736662044,0.9823829573083561,6.7831256465605945,1.6
122959,passing_waveforms_data_mldd/waveforms/event_2015-04-24T15:26:37.091999Z.mseed,AXEC1,2015-04-24T15:26:37.091999Z,2015-04-24T15:26:37.091999Z,1.85,0.97,45.92675,-130.01706,1.164,229.50396636827196,2.080717945087078,0.9812431037620364,1.9116767839566235,1.1
122961,passing_waveforms_data_mldd/waveforms/event_2015-04-24T15:26:59.307000Z.mseed,AXEC1,2015-04-24T15:26:59.307000Z,2015-04-24T15:26:59.307000Z,0.81,0.4,45.94607,-129.99161,0.497,247.8055341353896,3.738558773994139,0.9739094729632292,6.6553323127999855,0.9
122971,passing_waveforms_data_mldd/waveforms/event_2015-04-24T15:28:17.786000Z.mseed,AXEC1,2015-04-24T15:28:17.786000Z,2015-04-24T15:28:17.786000Z,0.83,0.4,45.947,-129.98382,1.703,228.79119995797578,4.764528449528484,0.9484460966829944,4.1739938863999955,1.2
122972,passing_waveforms_data_mldd/waveforms/event_2015-04-24T15:28:31.193999Z.mseed,AXEC1,2015-04-24T15:28:31.193999Z,2015-04-24T15:28:31.193999Z,1.05,0.45,45.94665,-129.99702,0.197,257.07876813895393,2.7858907033278246,0.9328823386034679,8.333805455269463,0.9
122974,passing_waveforms_data_mldd/waveforms/event_2015-04-24T15:28:58.167999Z.mseed,AXEC1,2015-04-24T15:28:58.167999Z,2015-04-24T15:28:58.167999Z,0.86,0.45,45.9444,-129.99215,0.503,239.89542974507458,3.3938090353552863,0.925561757240677,5.076778528230347,1.1
122976,passing_waveforms_data_mldd/waveforms/event_2015-04-24T15:29:26.876999Z.mseed,AXEC1,2015-04-24T15:29:26.876999Z,2015-04-24T15:29:26.876999Z,0.82,0.39,45.9457,-129.99286,0.506,247.79751307711592,10.555131424337015,0.992881711816458,7.4650204270561495,1.4
122977,passing_waveforms_data_mldd/waveforms/event_2015-04-24T15:29:48.534999Z.mseed,AXEC1,2015-04-24T15:29:48.534999Z,2015-04-24T15:29:48.534999Z,1.2,0.58,45.9531,-129.99812,0.336,286.0316655161055,2.7985428018985434,0.8479951005053299,13.399176405622917,1.0
122978,passing_waveforms_data_mldd/waveforms/event_2015-04-24T15:30:02.124000Z.mseed,AXEC1,2015-04-24T15:30:02.124000Z,2015-04-24T15:30:02.124000Z,0.87,0.4,45.9531,-129.98427,1.842,318.5416768739858,6.49739798923378,0.9820573728726859,3.2392669611013427,1.1
122982,passing_waveforms_data_mldd/waveforms/event_2015-04-24T15:30:56.256999Z.mseed,AXEC1,2015-04-24T15:30:56.256999Z,2015-04-24T15:30:56.256999Z,0.98,0.45,45.95698,-129.99565,1.323,304.3398909674107,4.999675955689377,0.9499326440625749,5.841657129499479,1.0
122985,passing_waveforms_data_mldd/waveforms/event_2015-04-24T15:31:26.210999Z.mseed,AXEC1,2015-04-24T15:31:26.210999Z,2015-04-24T15:31:26.210999Z,0.89,0.41,45.94447,-129.99123,0.638,238.27969900416147,2.41238159272771,0.9775190235016669,8.152069659785955,1.0
122989,passing_waveforms_data_mldd/waveforms/event_2015-04-24T15:32:07.472999Z.mseed,AXEC1,2015-04-24T15:32:07.472999Z,2015-04-24T15:32:07.472999Z,0.93,0.48,45.94673,-129.99415,0.509,254.92165660604672,3.0143017669564296,0.9836723495260322,5.997508212728085,1.4
122991,passing_waveforms_data_mldd/waveforms/event_2015-04-24T15:32:21.795999Z.mseed,AXEC1,2015-04-24T15:32:21.795999Z,2015-04-24T15:32:21.795999Z,0.92,0.43,45.94351,-129.9912,0.425,233.5957711303281,2.040054097336671,0.9763461810802412,7.968073765251949,1.0
122992,passing_waveforms_data_mldd/waveforms/event_2015-04-24T15:32:25.951000Z.mseed,AXEC1,2015-04-24T15:32:25.951000Z,2015-04-24T15:32:25.951000Z,0.95,0.46,45.94154,-129.99101,0.464,225.16847487503358,3.033878075203941,0.9396799455920276,5.238145405894268,1.1
122996,passing_waveforms_data_mldd/waveforms/event_2015-04-24T15:33:26.024000Z.mseed,AXEC1,2015-04-24T15:33:26.024000Z,2015-04-24T15:33:26.024000Z,0.96,0.44,45.94972,-129.9961,0.483,271.4112093976519,2.1243216998349723,0.981060648178834,6.797223278934777,0.9
122998,passing_waveforms_data_mldd/waveforms/event_2015-04-24T15:33:53.356999Z.mseed,AXEC1,2015-04-24T15:33:53.356999Z,2015-04-24T15:33:53.356999Z,0.91,0.45,45.94241,-129.98342,1.629,200.6024634881813,2.397292230756913,0.9653417622449266,5.496413746423959,1.8
123000,passing_waveforms_data_mldd/waveforms/event_2015-04-24T15:34:16.887000Z.mseed,AXEC1,2015-04-24T15:34:16.887000Z,2015-04-24T15:34:16.887000Z,0.78,0.36,45.94533,-129.98497,1.522,221.56595536798514,3.7931444182715572,0.990198090589089,2.642338205243415,0.9
123003,passing_waveforms_data_mldd/waveforms/event_2015-04-24T15:34:58.408999Z.mseed,AXEC1,2015-04-24T15:34:58.408999Z,2015-04-24T15:34:58.408999Z,1.01,0.46,45.95212,-129.99719,0.488,282.47127823918436,4.9866542132687455,0.9727212108056306,1.331074305405752,1.1
123016,passing_waveforms_data_mldd/waveforms/event_2015-04-24T15:37:20.992999Z.mseed,AXEC1,2015-04-24T15:37:20.992999Z,2015-04-24T15:37:20.992999Z,0.74,0.28,45.94247,-129.98789,0.133,219.49125589109173,2.534940389159989,0.8608175053798071,3.3692111721090026,0.8
123022,passing_waveforms_data_mldd/waveforms/event_2015-04-24T15:38:06.782000Z.mseed,AXEC1,2015-04-24T15:38:06.782000Z,2015-04-24T15:38:06.782000Z,0.9,0.43,45.947,-129.99242,0.504,254.49611254309534,2.8223834753966646,0.9142425507093789,13.225922968101743,1.2
123027,passing_waveforms_data_mldd/waveforms/event_2015-04-24T15:38:56.256000Z.mseed,AXEC1,2015-04-24T15:38:56.256000Z,2015-04-24T15:38:56.256000Z,0.85,0.4,45.94351,-129.98867,0.514,226.57841615655548,2.2900300063832617,0.9836891857341274,2.879578229023272,1.4
123032,passing_waveforms_data_mldd/waveforms/event_2015-04-24T15:39:45.093000Z.mseed,AXEC1,2015-04-24T15:39:45.093000Z,2015-04-24T15:39:45.093000Z,0.87,0.44,45.94465,-129.99306,0.521,242.8308665578869,5.934345215111327,0.9745732507264513,2.4060963829320743,1.4
123034,passing_waveforms_data_mldd/waveforms/event_2015-04-24T15:40:45.591999Z.mseed,AXEC1,2015-04-24T15:40:45.591999Z,2015-04-24T15:40:45.591999Z,0.93,0.52,45.94509,-129.99058,1.828,240.0999451629546,6.749802433975775,0.9637583739677644,2.3358919762822037,1.3
123035,passing_waveforms_data_mldd/waveforms/event_2015-04-24T15:40:52.835999Z.mseed,AXEC1,2015-04-24T15:40:52.835999Z,2015-04-24T15:40:52.835999Z,0.88,0.4,45.95071,-129.99553,0.459,276.5528704353531,4.633526781551051,0.983650455967821,7.759086789274513,0.9
123043,passing_waveforms_data_mldd/waveforms/event_2015-04-24T15:41:52.743999Z.mseed,AXEC1,2015-04-24T15:41:52.743999Z,2015-04-24T15:41:52.743999Z,1.0,0.47,45.95077,-129.99715,0.391,276.29414421188847,7.991267478469602,0.9709101149241027,5.877556066720138,1.2
123045,passing_waveforms_data_mldd/waveforms/event_2015-04-24T15:42:06.544999Z.mseed,AXEC1,2015-04-24T15:42:06.544999Z,2015-04-24T15:42:06.544999Z,0.89,0.43,45.9497,-129.99492,0.511,271.3572202408517,3.990108004263509,0.9623644359868099,6.711435807591189,1.1
123046,passing_waveforms_data_mldd/waveforms/event_2015-04-24T15:42:26.568999Z.mseed,AXEC1,2015-04-24T15:42:26.568999Z,2015-04-24T15:42:26.568999Z,1.12,0.67,45.93525,-129.98647,0.651,198.94839064732005,2.58300854144339,0.9521159838153302,5.612440746899522,0.9
123050,passing_waveforms_data_mldd/waveforms/event_2015-04-24T15:43:06.389999Z.mseed,AXEC1,2015-04-24T15:43:06.389999Z,2015-04-24T15:43:06.389999Z,0.88,0.48,45.94521,-129.99098,1.219,241.66209285714191,2.1972326058918132,0.9679805446505819,15.841696529433893,1.4
123059,passing_waveforms_data_mldd/waveforms/event_2015-04-24T15:44:50.643999Z.mseed,AXEC1,2015-04-24T15:44:50.643999Z,2015-04-24T15:44:50.643999Z,0.95,0.43,45.95027,-129.99664,0.425,274.0521285203898,4.877285636308674,0.9910134548956825,8.44647335042031,1.1
123066,passing_waveforms_data_mldd/waveforms/event_2015-04-24T15:46:42.582000Z.mseed,AXEC1,2015-04-24T15:46:42.582000Z,2015-04-24T15:46:42.582000Z,0.98,0.5,45.93994,-129.98816,1.511,212.18314244910923,3.4631192103236064,0.9869866355669864,5.018025699448353,1.5
123070,passing_waveforms_data_mldd/waveforms/event_2015-04-24T15:47:22.000000Z.mseed,AXEC1,2015-04-24T15:47:22.000000Z,2015-04-24T15:47:22.000000Z,0.97,0.45,45.95356,-129.98617,2.025,312.1153166488198,5.515417832949362,0.9887685401314206,4.05820388358979,1.5
123073,passing_waveforms_data_mldd/waveforms/event_2015-04-24T15:47:50.600999Z.mseed,AXEC1,2015-04-24T15:47:50.600999Z,2015-04-24T15:47:50.600999Z,0.85,0.31,45.94446,-129.99221,0.501,240.30865960480472,2.7434540516677886,0.9826649967207032,9.356372668427936,0.8
123074,passing_waveforms_data_mldd/waveforms/event_2015-04-24T15:47:57.368000Z.mseed,AXEC1,2015-04-24T15:47:57.368000Z,2015-04-24T15:47:57.368000Z,0.91,0.46,45.94276,-129.99027,0.427,227.94164154055375,2.764769635734449,0.9647596511616464,4.375606085896061,1.4
123085,passing_waveforms_data_mldd/waveforms/event_2015-04-24T15:49:35.850000Z.mseed,AXEC1,2015-04-24T15:49:35.850000Z,2015-04-24T15:49:35.850000Z,0.94,0.47,45.94798,-129.99499,0.447,262.1782030836421,2.134005456804621,0.9098063313062307,7.973530908057263,1.4
123092,passing_waveforms_data_mldd/waveforms/event_2015-04-24T15:50:57.781999Z.mseed,AXEC1,2015-04-24T15:50:57.781999Z,2015-04-24T15:50:57.781999Z,0.77,0.34,45.94812,-129.98666,1.598,253.96971904466236,6.163656927103074,0.9981229254481336,4.824282096396584,1.3
123093,passing_waveforms_data_mldd/waveforms/event_2015-04-24T15:51:10.929999Z.mseed,AXEC1,2015-04-24T15:51:10.929999Z,2015-04-24T15:51:10.929999Z,1.03,0.49,45.95873,-129.99651,1.427,308.6782885465456,11.42318767349975,0.9914402989393508,7.243078783791676,1.8
123095,passing_waveforms_data_mldd/waveforms/event_2015-04-24T15:51:42.997999Z.mseed,AXEC1,2015-04-24T15:51:42.997999Z,2015-04-24T15:51:42.997999Z,0.92,0.46,45.94158,-129.98977,0.466,221.99452912695023,4.145123579450888,0.9578202546854725,4.542126186032655,1.2
123096,passing_waveforms_data_mldd/waveforms/event_2015-04-24T15:51:49.408999Z.mseed,AXEC1,2015-04-24T15:51:49.408999Z,2015-04-24T15:51:49.408999Z,0.97,0.45,45.95067,-129.99685,0.454,275.9164413530102,4.4905225486104685,0.9722645803352382,7.063188131933457,1.1
123098,passing_waveforms_data_mldd/waveforms/event_2015-04-24T15:52:04.964000Z.mseed,AXEC1,2015-04-24T15:52:04.964000Z,2015-04-24T15:52:04.964000Z,1.64,0.84,45.93957,-130.02133,1.149,251.7013188345553,2.3718171375241694,0.9943702116184235,12.160385207026094,1.6
123100,passing_waveforms_data_mldd/waveforms/event_2015-04-24T15:52:30.054999Z.mseed,AXEC1,2015-04-24T15:52:30.054999Z,2015-04-24T15:52:30.054999Z,1.0,0.51,45.93883,-130.01406,1.346,246.56164360660415,2.524803039299732,0.9809073173538198,5.559871073830349,0.9
123103,passing_waveforms_data_mldd/waveforms/event_2015-04-24T15:52:54.762999Z.mseed,AXEC1,2015-04-24T15:52:54.762999Z,2015-04-24T15:52:54.762999Z,0.85,0.41,45.94881,-129.99441,0.529,266.41799358293207,3.9134997877033495,0.9646159761918697,4.981411416833863,1.0
123108,passing_waveforms_data_mldd/waveforms/event_2015-04-24T15:53:28.347999Z.mseed,AXEC1,2015-04-24T15:53:28.347999Z,2015-04-24T15:53:28.347999Z,1.1,0.53,45.95929,-129.99642,1.478,310.4913611949215,8.198583134140874,0.9842440888996827,7.012169259989296,1.7
123110,passing_waveforms_data_mldd/waveforms/event_2015-04-24T15:53:45.045999Z.mseed,AXEC1,2015-04-24T15:53:45.045999Z,2015-04-24T15:53:45.045999Z,1.08,0.55,45.94792,-129.99879,0.232,263.6053639018936,2.194955992695391,0.9191526281747684,6.603968918901285,0.9
123112,passing_waveforms_data_mldd/waveforms/event_2015-04-24T15:54:00.963000Z.mseed,AXEC1,2015-04-24T15:54:00.963000Z,2015-04-24T15:54:00.963000Z,1.5,0.77,45.94298,-130.02309,1.123,258.41911734286276,5.023105266589617,0.9874767232309107,14.952365576982464,1.9
123113,passing_waveforms_data_mldd/waveforms/event_2015-04-24T15:54:26.507999Z.mseed,AXEC1,2015-04-24T15:54:26.507999Z,2015-04-24T15:54:26.507999Z,1.0,0.52,45.93896,-129.98109,1.641,185.92173638156822,2.8699899439731045,0.9483312786386143,5.4913110482979635,1.6
123133,passing_waveforms_data_mldd/waveforms/event_2015-04-24T15:58:44.737000Z.mseed,AXEC1,2015-04-24T15:58:44.737000Z,2015-04-24T15:58:44.737000Z,1.0,0.49,45.94736,-129.98775,1.95,249.1362617401773,2.209481095535409,0.9846705433411096,3.017072795776975,1.2
123137,passing_waveforms_data_mldd/waveforms/event_2015-04-24T15:59:24.961999Z.mseed,AXEC1,2015-04-24T15:59:24.961999Z,2015-04-24T15:59:24.961999Z,0.92,0.44,45.94653,-129.98204,2.086,208.86020561164642,4.304864127022631,0.9884488113769483,2.2520032523494264,0.8
123138,passing_waveforms_data_mldd/waveforms/event_2015-04-24T15:59:43.154000Z.mseed,AXEC1,2015-04-24T15:59:43.154000Z,2015-04-24T15:59:43.154000Z,0.78,0.33,45.9466,-129.99266,0.506,252.4652988413683,3.6223166311386326,0.9803902638297168,5.88732357616926,0.7
123139,passing_waveforms_data_mldd/waveforms/event_2015-04-24T15:59:54.265999Z.mseed,AXEC1,2015-04-24T15:59:54.265999Z,2015-04-24T15:59:54.265999Z,0.87,0.42,45.94352,-129.99092,0.533,232.9596394658646,4.0268366417384875,0.9796553934918452,5.671479024361315,1.2
123141,passing_waveforms_data_mldd/waveforms/event_2015-04-24T16:00:06.976000Z.mseed,AXEC1,2015-04-24T16:00:06.976000Z,2015-04-24T16:00:06.976000Z,1.02,0.45,45.9476,-129.99473,0.368,260.0151526160612,2.4273464478079307,0.9813361375297123,2.866416761182994,1.3
123142,passing_waveforms_data_mldd/waveforms/event_2015-04-24T16:00:12.467000Z.mseed,AXEC1,2015-04-24T16:00:12.467000Z,2015-04-24T16:00:12.467000Z,0.94,0.48,45.94369,-129.9884,1.494,226.5651001417707,2.3197569231160955,0.9676983788908317,1.658949025078787,1.7
123150,passing_waveforms_data_mldd/waveforms/event_2015-04-24T16:02:21.521999Z.mseed,AXEC1,2015-04-24T16:02:21.521999Z,2015-04-24T16:02:21.521999Z,1.7,0.88,45.93814,-130.02281,1.369,249.89352496382983,2.0433579580823,0.9715585627094848,5.543238869672517,1.6
123155,passing_waveforms_data_mldd/waveforms/event_2015-04-24T16:03:14.769000Z.mseed,AXEC1,2015-04-24T16:03:14.769000Z,2015-04-24T16:03:14.769000Z,0.92,0.46,45.94237,-129.99054,0.471,227.07308468381737,3.80509872387122,0.9717934300992336,7.152401868907863,1.2
123156,passing_waveforms_data_mldd/waveforms/event_2015-04-24T16:03:20.783999Z.mseed,AXEC1,2015-04-24T16:03:20.783999Z,2015-04-24T16:03:20.783999Z,1.03,0.48,45.95847,-129.99775,1.322,305.93750140855315,2.110834660542426,0.9510603571350734,5.544260474018136,1.0
123161,passing_waveforms_data_mldd/waveforms/event_2015-04-24T16:04:05.056000Z.mseed,AXEC1,2015-04-24T16:04:05.056000Z,2015-04-24T16:04:05.056000Z,1.12,0.63,45.95643,-130.00382,0.588,292.8668770710897,3.2816600924213226,0.9089285608611353,6.499506067366014,1.0
123162,passing_waveforms_data_mldd/waveforms/event_2015-04-24T16:04:13.244999Z.mseed,AXEC1,2015-04-24T16:04:13.244999Z,2015-04-24T16:04:13.244999Z,0.95,0.43,45.94205,-129.99033,0.412,225.26912563265896,2.506471564316266,0.9803025783059448,5.084994373222216,1.3
123164,passing_waveforms_data_mldd/waveforms/event_2015-04-24T16:04:39.212000Z.mseed,AXEC1,2015-04-24T16:04:39.212000Z,2015-04-24T16:04:39.212000Z,0.81,0.37,45.94342,-129.99085,0.451,232.33039310082353,2.7850627348680863,0.9258625536458558,9.21555260533997,0.8
123165,passing_waveforms_data_mldd/waveforms/event_2015-04-24T16:04:45.710000Z.mseed,AXEC1,2015-04-24T16:04:45.710000Z,2015-04-24T16:04:45.710000Z,0.91,0.44,45.94515,-129.98816,1.61,233.8135198384222,2.4955790039002483,0.9908452310375755,5.619868489770351,1.1
123173,passing_waveforms_data_mldd/waveforms/event_2015-04-24T16:05:45.920000Z.mseed,AXEC1,2015-04-24T16:05:45.920000Z,2015-04-24T16:05:45.920000Z,0.85,0.43,45.94573,-129.9924,0.513,247.2202608938772,4.317811746387751,0.9784194371653319,4.903674624180727,0.7
123179,passing_waveforms_data_mldd/waveforms/event_2015-04-24T16:07:04.448999Z.mseed,AXEC1,2015-04-24T16:07:04.448999Z,2015-04-24T16:07:04.448999Z,0.85,0.37,45.95443,-129.98833,1.661,309.56552520424293,2.611587843410198,0.9966526823187762,6.075320801781698,1.0
123184,passing_waveforms_data_mldd/waveforms/event_2015-04-24T16:07:44.667000Z.mseed,AXEC1,2015-04-24T16:07:44.667000Z,2015-04-24T16:07:44.667000Z,0.89,0.48,45.94581,-129.99158,1.574,246.24689665385048,4.783309206089092,0.9412006094576533,5.027076240574727,1.1
123187,passing_waveforms_data_mldd/waveforms/event_2015-04-24T16:08:01.298999Z.mseed,AXEC1,2015-04-24T16:08:01.298999Z,2015-04-24T16:08:01.298999Z,1.08,0.43,45.95476,-129.99393,0.451,298.26821756896084,2.4132262835588536,0.909251601526778,17.55100228522013,0.7
123190,passing_waveforms_data_mldd/waveforms/event_2015-04-24T16:08:22.966000Z.mseed,AXEC1,2015-04-24T16:08:22.966000Z,2015-04-24T16:08:22.966000Z,0.77,0.34,45.94446,-129.9889,0.371,232.12531717733327,3.927135691977447,0.9849365044281891,3.9077018379302397,0.9
123192,passing_waveforms_data_mldd/waveforms/event_2015-04-24T16:08:39.966000Z.mseed,AXEC1,2015-04-24T16:08:39.966000Z,2015-04-24T16:08:39.966000Z,1.4,0.7,45.96732,-129.99625,1.519,327.6598041066246,2.204027891454924,0.9436213113627138,7.56433810161017,0.9
123193,passing_waveforms_data_mldd/waveforms/event_2015-04-24T16:08:47.899000Z.mseed,AXEC1,2015-04-24T16:08:47.899000Z,2015-04-24T16:08:47.899000Z,0.93,0.38,45.94779,-129.99443,0.374,260.8273392425352,3.4499283598639554,0.9940253320901467,5.17735677631251,1.2
123199,passing_waveforms_data_mldd/waveforms/event_2015-04-24T16:09:51.267000Z.mseed,AXEC1,2015-04-24T16:09:51.267000Z,2015-04-24T16:09:51.267000Z,0.8,0.38,45.94741,-129.9934,0.518,257.916103853612,2.370746460774858,0.9127157433065989,6.25353646870758,0.7
123201,passing_waveforms_data_mldd/waveforms/event_2015-04-24T16:10:35.780999Z.mseed,AXEC1,2015-04-24T16:10:35.780999Z,2015-04-24T16:10:35.780999Z,0.86,0.46,45.9414,-129.99087,1.004,224.31759523653815,2.0523725159641812,0.9647460854079692,5.323281793661865,0.9
123202,passing_waveforms_data_mldd/waveforms/event_2015-04-24T16:10:46.545000Z.mseed,AXEC1,2015-04-24T16:10:46.545000Z,2015-04-24T16:10:46.545000Z,0.89,0.45,45.94273,-129.98466,1.571,207.50532073095405,2.659707960108197,0.9695998276367347,5.589766719451524,1.0
123214,passing_waveforms_data_mldd/waveforms/event_2015-04-24T16:13:01.082999Z.mseed,AXEC1,2015-04-24T16:13:01.082999Z,2015-04-24T16:13:01.082999Z,0.74,0.31,45.94706,-129.99218,0.555,254.56474060999275,2.5615012527147805,0.9910057113354774,7.084989503033407,0.9
123224,passing_waveforms_data_mldd/waveforms/event_2015-04-24T16:15:39.164000Z.mseed,AXEC1,2015-04-24T16:15:39.164000Z,2015-04-24T16:15:39.164000Z,1.65,0.84,45.93797,-130.02258,1.278,249.50789360770375,3.4479772054159703,0.9919042057295514,6.342433682980812,1.6
123225,passing_waveforms_data_mldd/waveforms/event_2015-04-24T16:15:47.502000Z.mseed,AXEC1,2015-04-24T16:15:47.502000Z,2015-04-24T16:15:47.502000Z,0.79,0.36,45.95293,-129.98447,1.693,315.9011778485176,3.8614911647596957,0.954092851632616,5.249793238527451,1.0
123232,passing_waveforms_data_mldd/waveforms/event_2015-04-24T16:16:51.609000Z.mseed,AXEC1,2015-04-24T16:16:51.609000Z,2015-04-24T16:16:51.609000Z,0.81,0.37,45.95296,-129.98371,1.687,321.0962119154715,2.3494048762859485,0.9508827889841033,4.799714609953584,0.6
123235,passing_waveforms_data_mldd/waveforms/event_2015-04-24T16:17:22.731999Z.mseed,AXEC1,2015-04-24T16:17:22.731999Z,2015-04-24T16:17:22.731999Z,1.74,0.87,45.94247,-130.02927,1.342,259.1033056563085,4.236495261109781,0.9826274167623008,6.368214294186488,1.9
123236,passing_waveforms_data_mldd/waveforms/event_2015-04-24T16:17:39.637000Z.mseed,AXEC1,2015-04-24T16:17:39.637000Z,2015-04-24T16:17:39.637000Z,0.9,0.46,45.94191,-129.98958,0.715,222.65085283096593,2.235660619696187,0.9611983027613386,9.403323801425024,1.4
123250,passing_waveforms_data_mldd/waveforms/event_2015-04-24T16:19:56.176000Z.mseed,AXEC1,2015-04-24T16:19:56.176000Z,2015-04-24T16:19:56.176000Z,0.91,0.48,45.94689,-129.98989,1.487,249.9795588126632,2.2893666667993178,0.986741659805301,6.691338938804994,1.6
123251,passing_waveforms_data_mldd/waveforms/event_2015-04-24T16:20:06.891000Z.mseed,AXEC1,2015-04-24T16:20:06.891000Z,2015-04-24T16:20:06.891000Z,1.16,0.59,45.96117,-129.99671,1.569,315.0405812919829,2.5103247487003757,0.9404009880332411,6.640120746396299,0.8
123252,passing_waveforms_data_mldd/waveforms/event_2015-04-24T16:20:22.102000Z.mseed,AXEC1,2015-04-24T16:20:22.102000Z,2015-04-24T16:20:22.102000Z,1.3,0.69,45.92922,-129.97573,1.556,172.95556242390205,2.8818025799500813,0.9814940635342918,7.750055315581064,2.1
123256,passing_waveforms_data_mldd/waveforms/event_2015-04-24T16:21:05.330000Z.mseed,AXEC1,2015-04-24T16:21:05.330000Z,2015-04-24T16:21:05.330000Z,0.9,0.44,45.94981,-129.99522,0.547,271.9268194615393,3.3644043734268334,0.9468329242021104,4.934940933621802,0.9
123258,passing_waveforms_data_mldd/waveforms/event_2015-04-24T16:21:18.553000Z.mseed,AXEC1,2015-04-24T16:21:18.553000Z,2015-04-24T16:21:18.553000Z,0.74,0.32,45.94492,-129.98972,0.535,237.01696289347865,3.1126728942999735,0.9866955935020499,3.6485140460602326,0.7
123260,passing_waveforms_data_mldd/waveforms/event_2015-04-24T16:21:47.838999Z.mseed,AXEC1,2015-04-24T16:21:47.838999Z,2015-04-24T16:21:47.838999Z,0.81,0.38,45.94704,-129.99318,0.493,255.59309360281623,4.1471736763116205,0.9732534463929614,6.308688972504585,1.1
123261,passing_waveforms_data_mldd/waveforms/event_2015-04-24T16:21:55.310000Z.mseed,AXEC1,2015-04-24T16:21:55.310000Z,2015-04-24T16:21:55.310000Z,0.9,0.47,45.9477,-129.99199,1.398,258.3399562147531,3.5529004170163234,0.9722585468658501,2.106346241122887,1.5
123263,passing_waveforms_data_mldd/waveforms/event_2015-04-24T16:22:29.536999Z.mseed,AXEC1,2015-04-24T16:22:29.536999Z,2015-04-24T16:22:29.536999Z,1.72,0.85,45.93251,-130.02428,1.559,241.96029006425871,2.8705756410531627,0.9831911548659281,19.111315797192137,1.6
123270,passing_waveforms_data_mldd/waveforms/event_2015-04-24T16:23:36.289999Z.mseed,AXEC1,2015-04-24T16:23:36.289999Z,2015-04-24T16:23:36.289999Z,0.86,0.44,45.9474,-129.99021,1.376,254.1481660879421,3.647284906161514,0.9940008316072177,3.812538436643025,1.2
123271,passing_waveforms_data_mldd/waveforms/event_2015-04-24T16:23:41.786999Z.mseed,AXEC1,2015-04-24T16:23:41.786999Z,2015-04-24T16:23:41.786999Z,1.03,0.47,45.9509,-129.99646,0.405,277.1520891082455,3.3351483656602996,0.9533809184937868,9.534002184067695,0.8
123273,passing_waveforms_data_mldd/waveforms/event_2015-04-24T16:24:05.334999Z.mseed,AXEC1,2015-04-24T16:24:05.334999Z,2015-04-24T16:24:05.334999Z,0.92,0.43,45.94226,-129.98973,0.454,224.4151449797522,4.155163624509429,0.9873902095052576,9.028481527901105,2.2
123284,passing_waveforms_data_mldd/waveforms/event_2015-04-24T16:26:37.462000Z.mseed,AXEC1,2015-04-24T16:26:37.462000Z,2015-04-24T16:26:37.462000Z,0.9,0.45,45.94537,-129.99315,0.604,246.54282241559224,3.28919216909358,0.9561924528398857,6.10514222851055,1.1
123291,passing_waveforms_data_mldd/waveforms/event_2015-04-24T16:27:33.774000Z.mseed,AXEC1,2015-04-24T16:27:33.774000Z,2015-04-24T16:27:33.774000Z,0.92,0.44,45.93954,-129.98596,1.107,204.2139682092863,2.493840102435409,0.9527605875228714,4.809102386127728,1.0
123292,passing_waveforms_data_mldd/waveforms/event_2015-04-24T16:27:50.365999Z.mseed,AXEC1,2015-04-24T16:27:50.365999Z,2015-04-24T16:27:50.365999Z,0.91,0.44,45.94279,-129.99242,0.599,233.28538505833174,4.316777365582946,0.9546916798523923,1.3466110894896806,0.8
123301,passing_waveforms_data_mldd/waveforms/event_2015-04-24T16:29:06.424000Z.mseed,AXEC1,2015-04-24T16:29:06.424000Z,2015-04-24T16:29:06.424000Z,1.69,0.87,45.94609,-130.01151,0.176,261.77742338840346,2.0008319978252054,0.9677071672248391,6.2850757525174075,1.8
123302,passing_waveforms_data_mldd/waveforms/event_2015-04-24T16:29:31.086999Z.mseed,AXEC1,2015-04-24T16:29:31.086999Z,2015-04-24T16:29:31.086999Z,1.03,0.49,45.95405,-129.99732,0.598,290.69671394600437,2.911116284170006,0.981139224385287,6.164958485110427,1.0
123306,passing_waveforms_data_mldd/waveforms/event_2015-04-24T16:30:21.981999Z.mseed,AXEC1,2015-04-24T16:30:21.981999Z,2015-04-24T16:30:21.981999Z,0.85,0.44,45.94418,-129.99254,0.52,239.62398145666367,7.7762766146614055,0.9779147741116065,8.654441857465935,1.2
123308,passing_waveforms_data_mldd/waveforms/event_2015-04-24T16:30:58.779000Z.mseed,AXEC1,2015-04-24T16:30:58.779000Z,2015-04-24T16:30:58.779000Z,0.79,0.42,45.94445,-129.99304,0.611,241.84243908451026,3.0299608769583815,0.9792940416294967,5.233455898016995,0.8
123315,passing_waveforms_data_mldd/waveforms/event_2015-04-24T16:32:25.329999Z.mseed,AXEC1,2015-04-24T16:32:25.329999Z,2015-04-24T16:32:25.329999Z,0.82,0.42,45.95033,-129.99204,1.026,275.6882396330617,2.1523549672167803,0.969103146526417,6.321651064322753,0.6
123316,passing_waveforms_data_mldd/waveforms/event_2015-04-24T16:32:29.516999Z.mseed,AXEC1,2015-04-24T16:32:29.516999Z,2015-04-24T16:32:29.516999Z,0.88,0.42,45.94862,-129.99459,0.523,265.4289094476011,2.0488827950128137,0.9708075379430016,7.232860544954822,0.9
123323,passing_waveforms_data_mldd/waveforms/event_2015-04-24T16:33:52.057000Z.mseed,AXEC1,2015-04-24T16:33:52.057000Z,2015-04-24T16:33:52.057000Z,0.88,0.38,45.94832,-129.99527,0.491,264.09242373051035,5.588387105775974,0.9976100660382745,7.025624099229185,1.1
123324,passing_waveforms_data_mldd/waveforms/event_2015-04-24T16:34:10.141999Z.mseed,AXEC1,2015-04-24T16:34:10.141999Z,2015-04-24T16:34:10.141999Z,0.92,0.48,45.94438,-129.99326,0.555,241.91041236879758,4.026355517800025,0.9817232555610005,10.200105750770083,2.0
123332,passing_waveforms_data_mldd/waveforms/event_2015-04-24T16:35:43.957999Z.mseed,AXEC1,2015-04-24T16:35:43.957999Z,2015-04-24T16:35:43.957999Z,0.96,0.47,45.95448,-129.9877,1.87,311.9935810607726,7.384104702886257,0.9853996297104511,5.602413213414155,1.2
123336,passing_waveforms_data_mldd/waveforms/event_2015-04-24T16:36:23.996999Z.mseed,AXEC1,2015-04-24T16:36:23.996999Z,2015-04-24T16:36:23.996999Z,0.92,0.36,45.9477,-129.99575,0.329,261.1778882962723,11.2829771054532,0.9997830243429913,8.140972511600975,1.6
123339,passing_waveforms_data_mldd/waveforms/event_2015-04-24T16:37:01.824000Z.mseed,AXEC1,2015-04-24T16:37:01.824000Z,2015-04-24T16:37:01.824000Z,1.17,0.57,45.96247,-129.99829,1.51,315.54239411090896,13.388835216412573,0.9888074552490593,10.435355194902947,1.4
123340,passing_waveforms_data_mldd/waveforms/event_2015-04-24T16:37:10.401999Z.mseed,AXEC1,2015-04-24T16:37:10.401999Z,2015-04-24T16:37:10.401999Z,0.87,0.4,45.94143,-129.99113,1.547,225.08162748721875,2.703745676261268,0.9231657544084684,12.085739136689712,1.0
123341,passing_waveforms_data_mldd/waveforms/event_2015-04-24T16:37:14.487999Z.mseed,AXEC1,2015-04-24T16:37:14.487999Z,2015-04-24T16:37:14.487999Z,1.04,0.53,45.95465,-129.99334,1.69,298.76162918204324,2.7214635019762907,0.9610602772714179,1.6586343991691361,1.8
123342,passing_waveforms_data_mldd/waveforms/event_2015-04-24T16:37:23.010000Z.mseed,AXEC1,2015-04-24T16:37:23.010000Z,2015-04-24T16:37:23.010000Z,1.01,0.51,45.95127,-129.997,0.345,278.68254438480125,4.372949805049335,0.9833198115348626,5.164185565754349,1.5
123349,passing_waveforms_data_mldd/waveforms/event_2015-04-24T16:38:39.966000Z.mseed,AXEC1,2015-04-24T16:38:39.966000Z,2015-04-24T16:38:39.966000Z,0.83,0.4,45.95056,-129.98433,1.716,287.58561924390267,3.438417787968813,0.9841412844963374,2.787189217936208,0.9
123351,passing_waveforms_data_mldd/waveforms/event_2015-04-24T16:39:13.679999Z.mseed,AXEC1,2015-04-24T16:39:13.679999Z,2015-04-24T16:39:13.679999Z,0.81,0.37,45.94734,-129.99441,0.336,258.39514636279364,2.007014854120816,0.9953074548033931,8.835299582745632,0.9
123355,passing_waveforms_data_mldd/waveforms/event_2015-04-24T16:40:42.777999Z.mseed,AXEC1,2015-04-24T16:40:42.777999Z,2015-04-24T16:40:42.777999Z,0.9,0.47,45.94537,-129.9936,0.582,247.23954659764522,3.571836371111229,0.9738083807233812,2.843725508681214,1.1
123360,passing_waveforms_data_mldd/waveforms/event_2015-04-24T16:41:38.776000Z.mseed,AXEC1,2015-04-24T16:41:38.776000Z,2015-04-24T16:41:38.776000Z,0.83,0.41,45.94785,-129.9917,1.635,259.0315204531662,10.701510190014341,0.9105191544269949,16.219863159134395,1.7
123363,passing_waveforms_data_mldd/waveforms/event_2015-04-24T16:42:03.353000Z.mseed,AXEC1,2015-04-24T16:42:03.353000Z,2015-04-24T16:42:03.353000Z,0.91,0.48,45.94662,-129.99131,1.522,250.63177278566727,4.839114604335838,0.9697385208351366,4.539890634395827,1.3
123364,passing_waveforms_data_mldd/waveforms/event_2015-04-24T16:42:25.440000Z.mseed,AXEC1,2015-04-24T16:42:25.440000Z,2015-04-24T16:42:25.440000Z,0.91,0.38,45.94188,-129.99019,0.538,224.25035108668922,2.454630349116091,0.9574669161765864,5.527348736279321,0.8
123368,passing_waveforms_data_mldd/waveforms/event_2015-04-24T16:43:12.535000Z.mseed,AXEC1,2015-04-24T16:43:12.535000Z,2015-04-24T16:43:12.535000Z,0.91,0.42,45.95585,-129.99551,1.27,300.33098900778646,10.916247691246584,0.9802750222453216,5.452209235079039,1.4
123369,passing_waveforms_data_mldd/waveforms/event_2015-04-24T16:43:24.277000Z.mseed,AXEC1,2015-04-24T16:43:24.277000Z,2015-04-24T16:43:24.277000Z,0.97,0.45,45.95532,-129.98911,1.858,311.87765939499116,8.058417531539678,0.9929108662192864,4.760448881977047,1.3
123370,passing_waveforms_data_mldd/waveforms/event_2015-04-24T16:43:46.898000Z.mseed,AXEC1,2015-04-24T16:43:46.898000Z,2015-04-24T16:43:46.898000Z,0.95,0.5,45.94579,-129.99417,0.512,250.12964916927876,3.135703459698714,0.976835860150175,3.19277475115604,1.8
123371,passing_waveforms_data_mldd/waveforms/event_2015-04-24T16:44:02.595000Z.mseed,AXEC1,2015-04-24T16:44:02.595000Z,2015-04-24T16:44:02.595000Z,0.87,0.41,45.94582,-129.99372,0.565,249.67967606081805,5.7230962700639845,0.989989161034311,6.032997260960988,1.2
123376,passing_waveforms_data_mldd/waveforms/event_2015-04-24T16:44:45.066000Z.mseed,AXEC1,2015-04-24T16:44:45.066000Z,2015-04-24T16:44:45.066000Z,0.95,0.45,45.95599,-129.99588,1.251,300.3053035002562,2.4325084490106357,0.974539232663978,1.080346957114158,0.8
123384,passing_waveforms_data_mldd/waveforms/event_2015-04-24T16:46:19.960999Z.mseed,AXEC1,2015-04-24T16:46:19.960999Z,2015-04-24T16:46:19.960999Z,0.87,0.44,45.94511,-129.99362,0.61,245.9910118691383,4.254451815467345,0.9745491426008291,4.287793973118004,1.0
123388,passing_waveforms_data_mldd/waveforms/event_2015-04-24T16:46:58.097999Z.mseed,AXEC1,2015-04-24T16:46:58.097999Z,2015-04-24T16:46:58.097999Z,0.97,0.46,45.94765,-129.99388,0.414,259.6686140533808,2.3663543882661275,0.97561613348139,4.748155971337158,0.7
123394,passing_waveforms_data_mldd/waveforms/event_2015-04-24T16:47:55.078000Z.mseed,AXEC1,2015-04-24T16:47:55.078000Z,2015-04-24T16:47:55.078000Z,0.86,0.42,45.94306,-129.98459,1.514,208.32437762883998,2.472712193237909,0.9679014831130871,3.0317604383004335,1.1
123399,passing_waveforms_data_mldd/waveforms/event_2015-04-24T16:49:10.153999Z.mseed,AXEC1,2015-04-24T16:49:10.153999Z,2015-04-24T16:49:10.153999Z,0.83,0.37,45.94411,-129.99254,0.827,239.29672447389518,2.135591826731267,0.9754579279473291,6.441100601278388,0.6
123400,passing_waveforms_data_mldd/waveforms/event_2015-04-24T16:49:19.792999Z.mseed,AXEC1,2015-04-24T16:49:19.792999Z,2015-04-24T16:49:19.792999Z,1.59,0.83,45.93851,-130.02026,1.164,249.35199890726298,2.7240068050315562,0.9841396932290425,6.370484559782668,1.4
123402,passing_waveforms_data_mldd/waveforms/event_2015-04-24T16:49:39.456000Z.mseed,AXEC1,2015-04-24T16:49:39.456000Z,2015-04-24T16:49:39.456000Z,1.02,0.52,45.95598,-129.99404,1.527,303.3224222226477,5.8616365449108985,0.9492447398479619,5.9504091995686315,1.2
123414,passing_waveforms_data_mldd/waveforms/event_2015-04-24T16:51:37.127000Z.mseed,AXEC1,2015-04-24T16:51:37.127000Z,2015-04-24T16:51:37.127000Z,1.06,0.54,45.95076,-129.99699,0.445,276.2983738006665,3.319966469469949,0.8509814022081449,2.4066423622480295,1.2
123416,passing_waveforms_data_mldd/waveforms/event_2015-04-24T16:52:17.820000Z.mseed,AXEC1,2015-04-24T16:52:17.820000Z,2015-04-24T16:52:17.820000Z,0.83,0.4,45.94415,-129.98912,0.485,231.13992723177876,2.764417008815428,0.9511734054594414,1.472033646849917,1.4
123425,passing_waveforms_data_mldd/waveforms/event_2015-04-24T16:54:27.062000Z.mseed,AXEC1,2015-04-24T16:54:27.062000Z,2015-04-24T16:54:27.062000Z,0.9,0.41,45.95182,-129.98811,1.651,291.60606808632156,4.076120924631604,0.9899541648308727,5.03041776164698,1.3
123426,passing_waveforms_data_mldd/waveforms/event_2015-04-24T16:54:35.415999Z.mseed,AXEC1,2015-04-24T16:54:35.415999Z,2015-04-24T16:54:35.415999Z,0.91,0.47,45.94096,-129.98308,1.473,196.00385137479066,2.030817456449769,0.9704097998967519,7.174296931371146,1.1
123427,passing_waveforms_data_mldd/waveforms/event_2015-04-24T16:54:45.994999Z.mseed,AXEC1,2015-04-24T16:54:45.994999Z,2015-04-24T16:54:45.994999Z,0.91,0.43,45.95482,-129.98584,1.773,321.4463582682595,2.9128395763162316,0.9908627445532315,5.371591474304507,0.9
123432,passing_waveforms_data_mldd/waveforms/event_2015-04-24T16:55:53.411999Z.mseed,AXEC1,2015-04-24T16:55:53.411999Z,2015-04-24T16:55:53.411999Z,0.85,0.37,45.9471,-129.99416,0.453,256.89638286512445,2.6077179292200885,0.9681770273501697,9.801057758344282,0.8
123435,passing_waveforms_data_mldd/waveforms/event_2015-04-24T16:56:21.475999Z.mseed,AXEC1,2015-04-24T16:56:21.475999Z,2015-04-24T16:56:21.475999Z,0.92,0.47,45.94823,-129.99186,1.53,261.6655671951573,3.3157311748141858,0.9774947892520853,7.533891842753615,1.2
123439,passing_waveforms_data_mldd/waveforms/event_2015-04-24T16:56:46.286000Z.mseed,AXEC1,2015-04-24T16:56:46.286000Z,2015-04-24T16:56:46.286000Z,0.89,0.43,45.95117,-129.98745,1.495,287.0965520008491,2.4160357735587574,0.9801722465726984,2.9328442675753466,0.9
123450,passing_waveforms_data_mldd/waveforms/event_2015-04-24T16:58:31.294000Z.mseed,AXEC1,2015-04-24T16:58:31.294000Z,2015-04-24T16:58:31.294000Z,0.87,0.42,45.94633,-129.99224,0.312,250.3271267959982,2.3299609286107206,0.9819120635220264,3.3314524828879275,0.9
123464,passing_waveforms_data_mldd/waveforms/event_2015-04-24T17:01:39.231999Z.mseed,AXEC1,2015-04-24T17:01:39.231999Z,2015-04-24T17:01:39.231999Z,1.03,0.48,45.95383,-129.99691,0.664,290.2060976277976,4.736783843539641,0.966024889666428,6.8248880137525765,1.2
123465,passing_waveforms_data_mldd/waveforms/event_2015-04-24T17:01:45.409999Z.mseed,AXEC1,2015-04-24T17:01:45.409999Z,2015-04-24T17:01:45.409999Z,0.93,0.48,45.94416,-129.98835,1.815,228.77644845606494,5.538851031639757,0.9753011241118063,8.269460713064008,1.3
123469,passing_waveforms_data_mldd/waveforms/event_2015-04-24T17:02:42.192999Z.mseed,AXEC1,2015-04-24T17:02:42.192999Z,2015-04-24T17:02:42.192999Z,0.89,0.43,45.94465,-129.99031,1.191,237.04077806311952,2.4525316140850175,0.9921235485948187,8.554431572454153,1.1
123471,passing_waveforms_data_mldd/waveforms/event_2015-04-24T17:02:58.240000Z.mseed,AXEC1,2015-04-24T17:02:58.240000Z,2015-04-24T17:02:58.240000Z,0.94,0.45,45.94235,-129.99013,0.443,225.88953209670063,2.178503446803992,0.9761689567094881,4.509609124796128,1.3
123472,passing_waveforms_data_mldd/waveforms/event_2015-04-24T17:03:04.201999Z.mseed,AXEC1,2015-04-24T17:03:04.201999Z,2015-04-24T17:03:04.201999Z,2.31,0.45,45.94603,-129.98747,1.645,237.48379546182753,4.233180848232369,0.9811881017075317,1.3174149996932327,1.0
123477,passing_waveforms_data_mldd/waveforms/event_2015-04-24T17:04:03.930000Z.mseed,AXEC1,2015-04-24T17:04:03.930000Z,2015-04-24T17:04:03.930000Z,0.95,0.46,45.95352,-129.99453,1.238,291.56049750452513,4.131490840180361,0.9739877557850578,6.423582022144051,1.1
123480,passing_waveforms_data_mldd/waveforms/event_2015-04-24T17:04:37.442000Z.mseed,AXEC1,2015-04-24T17:04:37.442000Z,2015-04-24T17:04:37.442000Z,0.84,0.44,45.94574,-129.99251,0.613,247.45449088583365,3.0102789857556767,0.9912331899814846,2.1750846458312787,0.9
123501,passing_waveforms_data_mldd/waveforms/event_2015-04-24T17:07:57.962000Z.mseed,AXEC1,2015-04-24T17:07:57.962000Z,2015-04-24T17:07:57.962000Z,1.2,0.56,45.96222,-129.99654,1.448,317.8110560656768,2.4526708300228464,0.9418150480176171,4.924730523632887,1.1
123507,passing_waveforms_data_mldd/waveforms/event_2015-04-24T17:10:11.682000Z.mseed,AXEC1,2015-04-24T17:10:11.682000Z,2015-04-24T17:10:11.682000Z,1.63,0.81,45.94873,-130.02175,0.57,269.0594203253612,3.681124744200534,0.9912165797013245,10.297852092887116,1.1
123510,passing_waveforms_data_mldd/waveforms/event_2015-04-24T17:11:20.346000Z.mseed,AXEC1,2015-04-24T17:11:20.346000Z,2015-04-24T17:11:20.346000Z,1.02,0.48,45.94418,-129.98837,1.974,228.9474768247909,2.658706868430551,0.9850354000994604,4.760089504272361,1.9
123522,passing_waveforms_data_mldd/waveforms/event_2015-04-24T17:13:09.352000Z.mseed,AXEC1,2015-04-24T17:13:09.352000Z,2015-04-24T17:13:09.352000Z,0.78,0.37,45.94541,-129.99013,0.425,240.8894190154648,3.577086717988519,0.9843029023586216,2.7952751535925717,1.0
123523,passing_waveforms_data_mldd/waveforms/event_2015-04-24T17:13:31.932999Z.mseed,AXEC1,2015-04-24T17:13:31.932999Z,2015-04-24T17:13:31.932999Z,1.06,0.52,45.94343,-129.98155,2.516,192.5561148602173,4.546510189509356,0.9796667268778039,2.686382529673783,1.1
123526,passing_waveforms_data_mldd/waveforms/event_2015-04-24T17:14:13.757999Z.mseed,AXEC1,2015-04-24T17:14:13.757999Z,2015-04-24T17:14:13.757999Z,0.96,0.51,45.94192,-129.99139,0.584,227.5010715287257,2.012985269417174,0.9580256452204081,3.6548504832766966,1.2
123527,passing_waveforms_data_mldd/waveforms/event_2015-04-24T17:14:21.234000Z.mseed,AXEC1,2015-04-24T17:14:21.234000Z,2015-04-24T17:14:21.234000Z,0.84,0.42,45.94496,-129.98761,1.098,230.76840330410363,2.5542855923201953,0.9688785820501697,2.2884363622795547,1.7
123528,passing_waveforms_data_mldd/waveforms/event_2015-04-24T17:14:37.886000Z.mseed,AXEC1,2015-04-24T17:14:37.886000Z,2015-04-24T17:14:37.886000Z,1.06,0.5,45.95183,-129.9976,0.45,280.9257888256541,5.039873743629142,0.9841135379708219,4.978426524866988,1.2
123537,passing_waveforms_data_mldd/waveforms/event_2015-04-24T17:16:38.223999Z.mseed,AXEC1,2015-04-24T17:16:38.223999Z,2015-04-24T17:16:38.223999Z,1.12,0.51,45.96075,-129.99852,1.53,311.106748082545,6.434110137013434,0.9796617304815084,11.671742644724457,1.2
123540,passing_waveforms_data_mldd/waveforms/event_2015-04-24T17:17:00.202000Z.mseed,AXEC1,2015-04-24T17:17:00.202000Z,2015-04-24T17:17:00.202000Z,0.93,0.42,45.94869,-129.99624,0.405,266.29913093228964,12.771021533039193,0.9957320452902524,6.8311747538802035,1.3
123543,passing_waveforms_data_mldd/waveforms/event_2015-04-24T17:17:28.263999Z.mseed,AXEC1,2015-04-24T17:17:28.263999Z,2015-04-24T17:17:28.263999Z,1.02,0.47,45.95867,-129.99743,1.291,307.02801553242097,2.885123731435405,0.9910542064250909,8.435747753529794,1.2
123544,passing_waveforms_data_mldd/waveforms/event_2015-04-24T17:17:35.432000Z.mseed,AXEC1,2015-04-24T17:17:35.432000Z,2015-04-24T17:17:35.432000Z,0.84,0.39,45.9476,-129.99497,0.503,260.1795355098264,2.942834939283059,0.9914629797408832,6.2917549973082,1.1
123546,passing_waveforms_data_mldd/waveforms/event_2015-04-24T17:17:57.594000Z.mseed,AXEC1,2015-04-24T17:17:57.594000Z,2015-04-24T17:17:57.594000Z,1.09,0.48,45.95044,-129.99645,0.417,274.91986506790283,2.174440839134455,0.9692823931327086,8.528866767966724,0.8
123548,passing_waveforms_data_mldd/waveforms/event_2015-04-24T17:18:19.410000Z.mseed,AXEC1,2015-04-24T17:18:19.410000Z,2015-04-24T17:18:19.410000Z,0.92,0.47,45.94459,-129.98397,1.666,211.54009191432394,2.5502461841924644,0.9874205904775031,1.4699939006872271,1.8
123550,passing_waveforms_data_mldd/waveforms/event_2015-04-24T17:18:52.880000Z.mseed,AXEC1,2015-04-24T17:18:52.880000Z,2015-04-24T17:18:52.880000Z,0.94,0.44,45.95012,-129.99555,0.58,273.5060502996855,2.662596568996534,0.9630339666686942,6.975539231585612,0.7
123558,passing_waveforms_data_mldd/waveforms/event_2015-04-24T17:20:12.291999Z.mseed,AXEC1,2015-04-24T17:20:12.291999Z,2015-04-24T17:20:12.291999Z,0.81,0.36,45.95218,-129.99335,1.252,285.98240763269615,10.170166254723753,0.9902642426967878,7.589156160566564,1.6
123559,passing_waveforms_data_mldd/waveforms/event_2015-04-24T17:20:31.149999Z.mseed,AXEC1,2015-04-24T17:20:31.149999Z,2015-04-24T17:20:31.149999Z,1.69,0.81,45.94047,-130.0114,0.216,248.32632849306148,2.9308695675127314,0.955524531201575,10.304045094205103,2.3
123560,passing_waveforms_data_mldd/waveforms/event_2015-04-24T17:21:19.936000Z.mseed,AXEC1,2015-04-24T17:21:19.936000Z,2015-04-24T17:21:19.936000Z,0.91,0.42,45.94754,-129.99482,0.474,259.7628772224153,4.964130694320456,0.9781145701271409,3.862377391990843,1.3
123564,passing_waveforms_data_mldd/waveforms/event_2015-04-24T17:21:51.359999Z.mseed,AXEC1,2015-04-24T17:21:51.359999Z,2015-04-24T17:21:51.359999Z,0.88,0.39,45.94696,-129.99362,0.573,255.6092550188467,3.0554672004291485,0.9856356335500669,4.184276774711958,1.1
123565,passing_waveforms_data_mldd/waveforms/event_2015-04-24T17:22:04.597999Z.mseed,AXEC1,2015-04-24T17:22:04.597999Z,2015-04-24T17:22:04.597999Z,1.06,0.52,45.95742,-129.9969,1.176,303.87462965444627,4.378457340933356,0.9612814713957092,0.5364866193009079,1.1
123576,passing_waveforms_data_mldd/waveforms/event_2015-04-24T17:24:51.805999Z.mseed,AXEC1,2015-04-24T17:24:51.805999Z,2015-04-24T17:24:51.805999Z,0.75,0.34,45.9454,-129.99014,0.49,240.85389389831036,2.5139816588451236,0.9906837431875092,2.7012706200317402,0.9
123583,passing_waveforms_data_mldd/waveforms/event_2015-04-24T17:25:53.927999Z.mseed,AXEC1,2015-04-24T17:25:53.927999Z,2015-04-24T17:25:53.927999Z,0.93,0.51,45.94589,-129.99239,1.291,248.08031532120285,2.5356649181863675,0.9885271491457935,7.246888385985163,1.2
123586,passing_waveforms_data_mldd/waveforms/event_2015-04-24T17:26:11.262000Z.mseed,AXEC1,2015-04-24T17:26:11.262000Z,2015-04-24T17:26:11.262000Z,0.83,0.4,45.94775,-129.9937,0.511,260.09586259266064,3.958700856630822,0.9782133089784418,6.35879604086689,0.9
123590,passing_waveforms_data_mldd/waveforms/event_2015-04-24T17:26:44.590000Z.mseed,AXEC1,2015-04-24T17:26:44.590000Z,2015-04-24T17:26:44.590000Z,0.86,0.42,45.94246,-129.99067,0.483,227.77320656051205,3.437475521637884,0.977204786606286,5.032171114966819,1.2
123593,passing_waveforms_data_mldd/waveforms/event_2015-04-24T17:27:19.301999Z.mseed,AXEC1,2015-04-24T17:27:19.301999Z,2015-04-24T17:27:19.301999Z,0.89,0.43,45.94991,-129.98834,1.651,273.84136791780116,3.1011265827860277,0.983041673176172,4.165992927087201,1.1
123607,passing_waveforms_data_mldd/waveforms/event_2015-04-24T17:29:53.640000Z.mseed,AXEC1,2015-04-24T17:29:53.640000Z,2015-04-24T17:29:53.640000Z,0.93,0.47,45.94416,-129.99293,0.627,240.28440352237524,2.8136300311596476,0.9578509382222875,4.068589311708566,1.0
123608,passing_waveforms_data_mldd/waveforms/event_2015-04-24T17:30:00.398000Z.mseed,AXEC1,2015-04-24T17:30:00.398000Z,2015-04-24T17:30:00.398000Z,1.05,0.45,45.9487,-129.99875,0.331,266.9222813578957,2.62746887143099,0.9874239305510327,11.850103973397719,1.0
123614,passing_waveforms_data_mldd/waveforms/event_2015-04-24T17:31:40.231999Z.mseed,AXEC1,2015-04-24T17:31:40.231999Z,2015-04-24T17:31:40.231999Z,0.86,0.42,45.94636,-129.99375,0.498,252.52181081322712,4.309418527380643,0.9922272333426039,5.6117149496000716,1.0
123623,passing_waveforms_data_mldd/waveforms/event_2015-04-24T17:33:37.469999Z.mseed,AXEC1,2015-04-24T17:33:37.469999Z,2015-04-24T17:33:37.469999Z,1.1,0.58,45.95709,-129.9977,1.139,301.5968813932812,4.414019395073374,0.9361284247888053,3.383102760266152,1.4
123631,passing_waveforms_data_mldd/waveforms/event_2015-04-24T17:35:17.943999Z.mseed,AXEC1,2015-04-24T17:35:17.943999Z,2015-04-24T17:35:17.943999Z,1.08,0.53,45.94589,-129.99148,2.385,246.52628969224173,6.562936086984735,0.9798950713231944,7.700454505852965,2.3
123632,passing_waveforms_data_mldd/waveforms/event_2015-04-24T17:35:32.363999Z.mseed,AXEC1,2015-04-24T17:35:32.363999Z,2015-04-24T17:35:32.363999Z,0.88,0.45,45.94404,-129.99275,0.586,239.38612006293175,5.85667608872734,0.9708438098194438,5.98439439533287,1.6
123633,passing_waveforms_data_mldd/waveforms/event_2015-04-24T17:35:41.222000Z.mseed,AXEC1,2015-04-24T17:35:41.222000Z,2015-04-24T17:35:41.222000Z,0.86,0.35,45.94297,-129.99043,0.419,229.26115256008694,4.235634020150049,0.9308227529683615,19.00347287085468,0.9
123635,passing_waveforms_data_mldd/waveforms/event_2015-04-24T17:36:04.200000Z.mseed,AXEC1,2015-04-24T17:36:04.200000Z,2015-04-24T17:36:04.200000Z,0.86,0.42,45.94518,-129.99202,0.471,243.5974478762573,3.5530488630380637,0.9886352615175347,8.445098163844492,1.1
123637,passing_waveforms_data_mldd/waveforms/event_2015-04-24T17:36:20.234000Z.mseed,AXEC1,2015-04-24T17:36:20.234000Z,2015-04-24T17:36:20.234000Z,0.87,0.48,45.94314,-129.99044,1.429,230.0269146171297,5.813000393723824,0.9867041772798965,5.5306274496558885,1.1
123638,passing_waveforms_data_mldd/waveforms/event_2015-04-24T17:36:27.501999Z.mseed,AXEC1,2015-04-24T17:36:27.501999Z,2015-04-24T17:36:27.501999Z,0.88,0.44,45.9445,-129.99313,0.557,242.24082609866738,6.653723223792966,0.9767489470124454,7.509077364599764,1.1
123639,passing_waveforms_data_mldd/waveforms/event_2015-04-24T17:36:43.700000Z.mseed,AXEC1,2015-04-24T17:36:43.700000Z,2015-04-24T17:36:43.700000Z,0.97,0.54,45.94595,-129.99478,1.328,251.67137149165418,4.847049554618953,0.9605035367832544,2.3929456915621876,1.1
123640,passing_waveforms_data_mldd/waveforms/event_2015-04-24T17:36:57.479999Z.mseed,AXEC1,2015-04-24T17:36:57.479999Z,2015-04-24T17:36:57.479999Z,1.08,0.54,45.95799,-129.99606,1.314,307.10025554805935,3.0748577552479635,0.9205127872677668,10.097389200634804,0.8
123641,passing_waveforms_data_mldd/waveforms/event_2015-04-24T17:37:15.634000Z.mseed,AXEC1,2015-04-24T17:37:15.634000Z,2015-04-24T17:37:15.634000Z,0.78,0.35,45.95059,-129.99148,1.245,277.715707486628,3.1262220492031645,0.9899888391449854,8.026320181261958,0.9
123642,passing_waveforms_data_mldd/waveforms/event_2015-04-24T17:37:20.039999Z.mseed,AXEC1,2015-04-24T17:37:20.039999Z,2015-04-24T17:37:20.039999Z,0.78,0.35,45.94729,-129.99317,0.489,257.0122584265523,5.929008677412952,0.9933713053887608,7.6851236998040635,1.2
123643,passing_waveforms_data_mldd/waveforms/event_2015-04-24T17:37:43.240000Z.mseed,AXEC1,2015-04-24T17:37:43.240000Z,2015-04-24T17:37:43.240000Z,0.84,0.42,45.94714,-129.99359,0.5,256.57454126058553,2.58494300446747,0.9486750816111948,0.8453405741841091,0.8
123647,passing_waveforms_data_mldd/waveforms/event_2015-04-24T17:38:24.431999Z.mseed,AXEC1,2015-04-24T17:38:24.431999Z,2015-04-24T17:38:24.431999Z,0.82,0.38,45.94594,-129.99219,0.473,248.03455486873136,4.037417083129267,0.9787593335185183,12.503585499339065,1.2
123649,passing_waveforms_data_mldd/waveforms/event_2015-04-24T17:38:54.287999Z.mseed,AXEC1,2015-04-24T17:38:54.287999Z,2015-04-24T17:38:54.287999Z,1.41,0.66,45.96816,-129.99583,1.449,329.51631051080494,2.574198117348635,0.9946006192380284,6.643840602236919,1.1
123658,passing_waveforms_data_mldd/waveforms/event_2015-04-24T17:41:23.638000Z.mseed,AXEC1,2015-04-24T17:41:23.638000Z,2015-04-24T17:41:23.638000Z,0.91,0.45,45.94522,-129.9884,1.681,235.0135322109734,3.6549720099828518,0.9954656230738372,8.256611642160738,1.5
123659,passing_waveforms_data_mldd/waveforms/event_2015-04-24T17:41:37.554000Z.mseed,AXEC1,2015-04-24T17:41:37.554000Z,2015-04-24T17:41:37.554000Z,0.93,0.48,45.95061,-129.99382,1.131,276.67925081684643,2.282756468849836,0.9079204827605531,4.841615161877315,1.9
123661,passing_waveforms_data_mldd/waveforms/event_2015-04-24T17:41:59.210000Z.mseed,AXEC1,2015-04-24T17:41:59.210000Z,2015-04-24T17:41:59.210000Z,0.93,0.48,45.94229,-129.9922,0.587,230.8127927376259,5.589309917951563,0.973477667119558,3.0910242862487762,0.9
123669,passing_waveforms_data_mldd/waveforms/event_2015-04-24T17:42:54.520000Z.mseed,AXEC1,2015-04-24T17:42:54.520000Z,2015-04-24T17:42:54.520000Z,1.02,0.51,45.95061,-129.99696,0.458,275.60014207774736,4.563306828198824,0.9616415118612749,4.617632557559117,1.2
123678,passing_waveforms_data_mldd/waveforms/event_2015-04-24T17:44:00.240000Z.mseed,AXEC1,2015-04-24T17:44:00.240000Z,2015-04-24T17:44:00.240000Z,0.78,0.35,45.94588,-129.99067,0.456,244.9040830710028,3.048929775026041,0.9843032625521136,3.940367794153436,1.0
123680,passing_waveforms_data_mldd/waveforms/event_2015-04-24T17:44:15.224000Z.mseed,AXEC1,2015-04-24T17:44:15.224000Z,2015-04-24T17:44:15.224000Z,1.0,0.47,45.95205,-129.99635,0.594,282.71657375153285,3.25871854029545,0.9567110957276284,10.091161399255109,1.2
123687,passing_waveforms_data_mldd/waveforms/event_2015-04-24T17:45:19.920999Z.mseed,AXEC1,2015-04-24T17:45:19.920999Z,2015-04-24T17:45:19.920999Z,0.9,0.44,45.94283,-129.98477,1.541,208.35934530630252,2.5983004702372283,0.9669510234147507,2.316685277933526,1.1
123688,passing_waveforms_data_mldd/waveforms/event_2015-04-24T17:45:40.119999Z.mseed,AXEC1,2015-04-24T17:45:40.119999Z,2015-04-24T17:45:40.119999Z,0.9,0.39,45.95615,-129.99472,1.393,302.8017427643594,3.059609973303213,0.7863518567761554,4.9278147063315565,0.9
123690,passing_waveforms_data_mldd/waveforms/event_2015-04-24T17:46:10.611000Z.mseed,AXEC1,2015-04-24T17:46:10.611000Z,2015-04-24T17:46:10.611000Z,1.01,0.51,45.94006,-129.98976,1.446,217.10490276911824,2.452672286029512,0.9611821530940404,4.146815264163527,1.6
123707,passing_waveforms_data_mldd/waveforms/event_2015-04-24T17:49:09.230000Z.mseed,AXEC1,2015-04-24T17:49:09.230000Z,2015-04-24T17:49:09.230000Z,0.87,0.45,45.94384,-129.99303,0.651,239.02286823686617,5.071509736004228,0.9362437634998173,6.77373973320429,0.6
123709,passing_waveforms_data_mldd/waveforms/event_2015-04-24T17:49:21.974000Z.mseed,AXEC1,2015-04-24T17:49:21.974000Z,2015-04-24T17:49:21.974000Z,0.91,0.44,45.94745,-129.9938,0.439,258.49009147277854,2.3764081889583752,0.9576673685798165,10.21859318460275,0.6
123711,passing_waveforms_data_mldd/waveforms/event_2015-04-24T17:49:53.951999Z.mseed,AXEC1,2015-04-24T17:49:53.951999Z,2015-04-24T17:49:53.951999Z,1.0,0.49,45.95509,-129.99516,1.295,297.7748474083494,2.024732413908994,0.9843673997319787,3.9665509458927786,0.8
123720,passing_waveforms_data_mldd/waveforms/event_2015-04-24T17:52:07.724000Z.mseed,AXEC1,2015-04-24T17:52:07.724000Z,2015-04-24T17:52:07.724000Z,0.97,0.47,45.94206,-129.99097,0.498,226.9818605283435,2.6573129028181866,0.9575853201439459,8.033298017086878,1.3
123729,passing_waveforms_data_mldd/waveforms/event_2015-04-24T17:53:58.438000Z.mseed,AXEC1,2015-04-24T17:53:58.438000Z,2015-04-24T17:53:58.438000Z,0.93,0.44,45.95403,-129.98717,1.935,311.20549600956144,9.550492523299349,0.9882601003140077,4.094003471972265,1.5
123730,passing_waveforms_data_mldd/waveforms/event_2015-04-24T17:54:02.576000Z.mseed,AXEC1,2015-04-24T17:54:02.576000Z,2015-04-24T17:54:02.576000Z,0.86,0.4,45.94483,-129.99139,0.459,240.4883999588103,4.770930637609404,0.9927866076922456,3.8279221263151,1.2
123731,passing_waveforms_data_mldd/waveforms/event_2015-04-24T17:54:16.100000Z.mseed,AXEC1,2015-04-24T17:54:16.100000Z,2015-04-24T17:54:16.100000Z,0.92,0.43,45.94636,-129.9931,0.235,251.70136544522342,2.193698609909764,0.9239679607178186,6.574227568963365,0.6
123737,passing_waveforms_data_mldd/waveforms/event_2015-04-24T17:55:08.798000Z.mseed,AXEC1,2015-04-24T17:55:08.798000Z,2015-04-24T17:55:08.798000Z,1.0,0.51,45.95387,-129.99401,1.392,293.9668385148967,2.4934841193835875,0.7705151412700691,4.382687862792724,1.2
123739,passing_waveforms_data_mldd/waveforms/event_2015-04-24T17:55:22.969000Z.mseed,AXEC1,2015-04-24T17:55:22.969000Z,2015-04-24T17:55:22.969000Z,0.97,0.49,45.93897,-129.98077,1.71,184.72885641149236,2.449022752329391,0.9828843645436224,4.620944450616212,1.2
123743,passing_waveforms_data_mldd/waveforms/event_2015-04-24T17:56:19.039999Z.mseed,AXEC1,2015-04-24T17:56:19.039999Z,2015-04-24T17:56:19.039999Z,0.85,0.41,45.94651,-129.99328,0.516,252.7527579301323,11.967562254969279,0.9931814203037229,5.994224504868159,1.4
123749,passing_waveforms_data_mldd/waveforms/event_2015-04-24T17:58:03.968000Z.mseed,AXEC1,2015-04-24T17:58:03.968000Z,2015-04-24T17:58:03.968000Z,1.0,0.5,45.95357,-129.99412,1.359,292.34678396777224,4.390383086374832,0.9500458992014679,1.6534959784298198,1.1
123751,passing_waveforms_data_mldd/waveforms/event_2015-04-24T17:58:28.160000Z.mseed,AXEC1,2015-04-24T17:58:28.160000Z,2015-04-24T17:58:28.160000Z,0.85,0.42,45.94548,-129.99295,0.463,246.7877678148083,7.16901850941762,0.989325200621238,9.240738363718158,1.7
123755,passing_waveforms_data_mldd/waveforms/event_2015-04-24T17:59:12.279999Z.mseed,AXEC1,2015-04-24T17:59:12.279999Z,2015-04-24T17:59:12.279999Z,0.8,0.36,45.9462,-129.99314,0.564,250.88392805612975,2.0292206629227634,0.947244277628063,4.729859085897436,0.6
123757,passing_waveforms_data_mldd/waveforms/event_2015-04-24T17:59:34.213999Z.mseed,AXEC1,2015-04-24T17:59:34.213999Z,2015-04-24T17:59:34.213999Z,0.98,0.55,45.95195,-129.99852,1.362,280.9445503137666,3.7291468916572494,0.9575499464454839,0.9838509015460768,0.9
123765,passing_waveforms_data_mldd/waveforms/event_2015-04-24T18:00:48.177999Z.mseed,AXEC1,2015-04-24T18:00:48.177999Z,2015-04-24T18:00:48.177999Z,0.84,0.41,45.94619,-129.99267,0.597,250.16856182362028,2.5582491192973364,0.9751256142914039,3.6085249573896827,0.5
123777,passing_waveforms_data_mldd/waveforms/event_2015-04-24T18:02:50.829999Z.mseed,AXEC1,2015-04-24T18:02:50.829999Z,2015-04-24T18:02:50.829999Z,0.85,0.4,45.94741,-129.99456,0.45,258.88592187521465,10.293024390128489,0.9850962639785455,7.797117400522259,1.7
123783,passing_waveforms_data_mldd/waveforms/event_2015-04-24T18:04:17.446000Z.mseed,AXEC1,2015-04-24T18:04:17.446000Z,2015-04-24T18:04:17.446000Z,0.89,0.43,45.94217,-129.98917,0.428,222.42577883089388,2.527868320164253,0.9825021370110278,6.074815663105435,1.2
123792,passing_waveforms_data_mldd/waveforms/event_2015-04-24T18:05:31.349000Z.mseed,AXEC1,2015-04-24T18:05:31.349000Z,2015-04-24T18:05:31.349000Z,1.17,0.55,45.96179,-129.99701,1.509,316.03285324099164,7.8477996389728775,0.9917328694359949,6.744823358983467,1.8
123795,passing_waveforms_data_mldd/waveforms/event_2015-04-24T18:05:59.743999Z.mseed,AXEC1,2015-04-24T18:05:59.743999Z,2015-04-24T18:05:59.743999Z,1.08,0.57,45.95582,-129.99442,1.675,301.9984704405184,2.772948397672237,0.8801389839304569,7.621947147821739,2.1
123797,passing_waveforms_data_mldd/waveforms/event_2015-04-24T18:06:38.164000Z.mseed,AXEC1,2015-04-24T18:06:38.164000Z,2015-04-24T18:06:38.164000Z,0.95,0.44,45.95638,-129.99434,1.578,304.3695030369152,11.689058201067226,0.9975214634144821,7.3278120964282785,1.2
123798,passing_waveforms_data_mldd/waveforms/event_2015-04-24T18:06:53.215000Z.mseed,AXEC1,2015-04-24T18:06:53.215000Z,2015-04-24T18:06:53.215000Z,1.9,0.66,45.9278,-129.98684,1.353,193.5897389910827,2.9262881175704516,0.9600628744681632,16.263104775384814,1.1
123801,passing_waveforms_data_mldd/waveforms/event_2015-04-24T18:07:33.292000Z.mseed,AXEC1,2015-04-24T18:07:33.292000Z,2015-04-24T18:07:33.292000Z,0.85,0.39,45.94598,-129.99281,0.534,249.22196178926984,4.244831627463965,0.9846550356907616,5.218951910698962,1.1
123809,passing_waveforms_data_mldd/waveforms/event_2015-04-24T18:09:23.161999Z.mseed,AXEC1,2015-04-24T18:09:23.161999Z,2015-04-24T18:09:23.161999Z,0.91,0.49,45.94886,-129.99475,0.626,266.7862276613565,2.3158587046214327,0.9764396295054514,11.419372857269277,1.1
123810,passing_waveforms_data_mldd/waveforms/event_2015-04-24T18:09:29.283999Z.mseed,AXEC1,2015-04-24T18:09:29.283999Z,2015-04-24T18:09:29.283999Z,1.08,0.54,45.95681,-129.99677,1.188,301.97777219000403,3.847025218743853,0.9589479017330997,4.646775029318723,1.2
123811,passing_waveforms_data_mldd/waveforms/event_2015-04-24T18:09:44.936000Z.mseed,AXEC1,2015-04-24T18:09:44.936000Z,2015-04-24T18:09:44.936000Z,1.01,0.49,45.95512,-129.99652,0.848,295.9869462015555,4.753377797830254,0.9471274517866186,1.2536639095464228,1.4
123825,passing_waveforms_data_mldd/waveforms/event_2015-04-24T18:12:44.707999Z.mseed,AXEC1,2015-04-24T18:12:44.707999Z,2015-04-24T18:12:44.707999Z,0.98,0.46,45.95671,-129.99588,1.278,302.99354523721377,3.201766354386306,0.9876098075837789,5.0964104116262945,0.8
123840,passing_waveforms_data_mldd/waveforms/event_2015-04-24T18:15:25.091999Z.mseed,AXEC1,2015-04-24T18:15:25.091999Z,2015-04-24T18:15:25.091999Z,0.84,0.35,45.94875,-129.99181,0.971,265.0969769204807,8.959278864376888,0.9859866800271291,5.742067829479434,1.2
123848,passing_waveforms_data_mldd/waveforms/event_2015-04-24T18:17:38.875999Z.mseed,AXEC1,2015-04-24T18:17:38.875999Z,2015-04-24T18:17:38.875999Z,0.81,0.38,45.94747,-129.99308,0.534,257.97036617441216,2.770652108359182,0.9695780923770297,8.849870402114034,0.7
123877,passing_waveforms_data_mldd/waveforms/event_2015-04-24T18:24:13.086000Z.mseed,AXEC1,2015-04-24T18:24:13.086000Z,2015-04-24T18:24:13.086000Z,0.94,0.48,45.94845,-129.99558,0.497,264.88525910449937,5.86876334587071,0.9649571530999191,8.04268741950625,1.1
123879,passing_waveforms_data_mldd/waveforms/event_2015-04-24T18:24:42.274000Z.mseed,AXEC1,2015-04-24T18:24:42.274000Z,2015-04-24T18:24:42.274000Z,0.78,0.38,45.9459,-129.99151,0.509,246.63866267593966,2.827076650795362,0.9844845611306551,4.176450074199905,0.7
123883,passing_waveforms_data_mldd/waveforms/event_2015-04-24T18:25:48.438000Z.mseed,AXEC1,2015-04-24T18:25:48.438000Z,2015-04-24T18:25:48.438000Z,0.88,0.41,45.94712,-129.99327,0.477,256.14147155645736,4.751202194939501,0.945649654614392,4.521131205710236,1.2
123887,passing_waveforms_data_mldd/waveforms/event_2015-04-24T18:26:53.054999Z.mseed,AXEC1,2015-04-24T18:26:53.054999Z,2015-04-24T18:26:53.054999Z,0.88,0.42,45.94194,-129.98305,1.666,197.71351664415945,5.511364911356962,0.9888853796592686,2.4545061996755173,1.2
123888,passing_waveforms_data_mldd/waveforms/event_2015-04-24T18:27:17.716000Z.mseed,AXEC1,2015-04-24T18:27:17.716000Z,2015-04-24T18:27:17.716000Z,0.89,0.43,45.94604,-129.99444,0.501,251.71185935509686,8.716760601628728,0.9921520157752824,7.442437906420389,1.4
123890,passing_waveforms_data_mldd/waveforms/event_2015-04-24T18:27:57.926000Z.mseed,AXEC1,2015-04-24T18:27:57.926000Z,2015-04-24T18:27:57.926000Z,0.82,0.41,45.94499,-129.99197,0.496,242.50593426775276,6.2808676365017355,0.9915678758467409,4.09140607731573,1.1
123891,passing_waveforms_data_mldd/waveforms/event_2015-04-24T18:28:26.007999Z.mseed,AXEC1,2015-04-24T18:28:26.007999Z,2015-04-24T18:28:26.007999Z,1.0,0.47,45.95629,-129.99591,1.193,301.3971943224235,3.7590884410887506,0.9458433960406596,8.46389863970803,0.8
123896,passing_waveforms_data_mldd/waveforms/event_2015-04-24T18:30:48.847999Z.mseed,AXEC1,2015-04-24T18:30:48.847999Z,2015-04-24T18:30:48.847999Z,0.87,0.42,45.94632,-129.99374,0.532,252.29879191210125,4.624620536852411,0.993508900843919,4.712536542686253,0.9
123897,passing_waveforms_data_mldd/waveforms/event_2015-04-24T18:32:16.803999Z.mseed,AXEC1,2015-04-24T18:32:16.803999Z,2015-04-24T18:32:16.803999Z,0.79,0.38,45.94342,-129.98842,0.474,225.3470745261925,2.093395492058134,0.9860698530966449,3.667907963092993,1.1
123901,passing_waveforms_data_mldd/waveforms/event_2015-04-24T18:32:50.845999Z.mseed,AXEC1,2015-04-24T18:32:50.845999Z,2015-04-24T18:32:50.845999Z,0.86,0.45,45.94282,-129.99027,0.611,228.1939165536966,4.045539678601808,0.9756442647781539,8.395527244678755,1.0
123913,passing_waveforms_data_mldd/waveforms/event_2015-04-24T18:35:09.183999Z.mseed,AXEC1,2015-04-24T18:35:09.183999Z,2015-04-24T18:35:09.183999Z,0.8,0.36,45.94753,-129.994,0.487,259.096199813061,10.376995304623023,0.9945025835810015,6.5518656233416666,1.9
123915,passing_waveforms_data_mldd/waveforms/event_2015-04-24T18:35:24.407000Z.mseed,AXEC1,2015-04-24T18:35:24.407000Z,2015-04-24T18:35:24.407000Z,0.79,0.38,45.94347,-129.9906,0.487,231.9245394518104,6.010864756962858,0.9656561994870525,7.504835197866378,0.9
123917,passing_waveforms_data_mldd/waveforms/event_2015-04-24T18:36:12.080000Z.mseed,AXEC1,2015-04-24T18:36:12.080000Z,2015-04-24T18:36:12.080000Z,1.03,0.49,45.95603,-129.99551,1.4,301.0328159042722,3.31712314228625,0.9799962573016152,3.6852498123821893,1.4
123921,passing_waveforms_data_mldd/waveforms/event_2015-04-24T18:37:17.693999Z.mseed,AXEC1,2015-04-24T18:37:17.693999Z,2015-04-24T18:37:17.693999Z,0.96,0.42,45.95759,-129.99505,1.478,307.5109573642066,8.302668645728506,0.9973959452714867,9.339138443087752,1.3
123927,passing_waveforms_data_mldd/waveforms/event_2015-04-24T18:38:13.400000Z.mseed,AXEC1,2015-04-24T18:38:13.400000Z,2015-04-24T18:38:13.400000Z,0.82,0.39,45.94713,-129.99352,0.518,256.4499732262549,8.458740777139084,0.9868164673750741,10.004413147946051,1.2
123928,passing_waveforms_data_mldd/waveforms/event_2015-04-24T18:38:31.846000Z.mseed,AXEC1,2015-04-24T18:38:31.846000Z,2015-04-24T18:38:31.846000Z,1.0,0.49,45.95615,-129.99502,1.511,302.2940543036104,15.791724249194214,0.9864365936782734,6.993716218349696,1.6
123933,passing_waveforms_data_mldd/waveforms/event_2015-04-24T18:39:58.369999Z.mseed,AXEC1,2015-04-24T18:39:58.369999Z,2015-04-24T18:39:58.369999Z,1.03,0.49,45.95726,-129.99647,1.222,303.99782942981255,6.1458124970661085,0.974953394348128,8.343159191614605,1.0
123934,passing_waveforms_data_mldd/waveforms/event_2015-04-24T18:40:06.679999Z.mseed,AXEC1,2015-04-24T18:40:06.679999Z,2015-04-24T18:40:06.679999Z,1.06,0.49,45.95973,-129.99666,1.358,311.34080767915634,7.132833279153523,0.9916723243061967,5.219596030342241,1.5
123935,passing_waveforms_data_mldd/waveforms/event_2015-04-24T18:40:17.557999Z.mseed,AXEC1,2015-04-24T18:40:17.557999Z,2015-04-24T18:40:17.557999Z,1.0,0.49,45.95144,-129.99696,0.507,279.4925771397493,5.434356155810496,0.9693228084100239,5.563162053971601,1.4
123936,passing_waveforms_data_mldd/waveforms/event_2015-04-24T18:40:23.359999Z.mseed,AXEC1,2015-04-24T18:40:23.359999Z,2015-04-24T18:40:23.359999Z,0.98,0.49,45.95013,-129.99633,0.445,273.42465783107394,2.153866356523949,0.8936828727632155,2.66914822061888,1.1
123943,passing_waveforms_data_mldd/waveforms/event_2015-04-24T18:41:39.240000Z.mseed,AXEC1,2015-04-24T18:41:39.240000Z,2015-04-24T18:41:39.240000Z,0.98,0.46,45.95708,-129.9957,1.43,304.61242622086206,2.5488891617576126,0.9905628431797153,5.560758962187527,1.0
123949,passing_waveforms_data_mldd/waveforms/event_2015-04-24T18:42:43.865999Z.mseed,AXEC1,2015-04-24T18:42:43.865999Z,2015-04-24T18:42:43.865999Z,1.44,0.75,45.96705,-129.99864,1.786,323.6169977204342,2.789442084473084,0.9644371563063444,8.921554951767241,1.6
123951,passing_waveforms_data_mldd/waveforms/event_2015-04-24T18:43:14.320000Z.mseed,AXEC1,2015-04-24T18:43:14.320000Z,2015-04-24T18:43:14.320000Z,0.98,0.46,45.95567,-129.99549,1.271,299.6499462947064,7.106092872449324,0.9706665687337674,6.978924243239374,1.1
123953,passing_waveforms_data_mldd/waveforms/event_2015-04-24T18:43:38.564000Z.mseed,AXEC1,2015-04-24T18:43:38.564000Z,2015-04-24T18:43:38.564000Z,0.97,0.46,45.95528,-129.99518,1.207,298.5390905832015,5.580597019640716,0.9688651728077831,5.096104303441532,0.9
123957,passing_waveforms_data_mldd/waveforms/event_2015-04-24T18:44:44.676000Z.mseed,AXEC1,2015-04-24T18:44:44.676000Z,2015-04-24T18:44:44.676000Z,0.91,0.48,45.94339,-129.99193,0.703,234.7462010911491,4.189645670255321,0.9907387357743667,5.830744416686214,1.1
123958,passing_waveforms_data_mldd/waveforms/event_2015-04-24T18:44:56.442000Z.mseed,AXEC1,2015-04-24T18:44:56.442000Z,2015-04-24T18:44:56.442000Z,0.87,0.42,45.94353,-129.98511,1.575,212.66197800799083,5.387936501953139,0.9872550898086655,4.440035824072356,1.6
123961,passing_waveforms_data_mldd/waveforms/event_2015-04-24T18:45:29.603000Z.mseed,AXEC1,2015-04-24T18:45:29.603000Z,2015-04-24T18:45:29.603000Z,1.91,0.97,45.95317,-130.03033,0.972,276.5267556953721,2.2193217673804764,0.9631649393117604,7.456678155535909,1.9
123972,passing_waveforms_data_mldd/waveforms/event_2015-04-24T18:47:32.277000Z.mseed,AXEC1,2015-04-24T18:47:32.277000Z,2015-04-24T18:47:32.277000Z,1.03,0.52,45.9394,-129.98631,1.63,205.07577125431524,2.017877303034263,0.953911629246612,6.747781976143066,1.2
123981,passing_waveforms_data_mldd/waveforms/event_2015-04-24T18:49:12.321999Z.mseed,AXEC1,2015-04-24T18:49:12.321999Z,2015-04-24T18:49:12.321999Z,0.84,0.4,45.94559,-129.99024,0.387,242.2205026959942,3.003728537766607,0.9868106214942585,3.857345365576944,0.9
123982,passing_waveforms_data_mldd/waveforms/event_2015-04-24T18:49:29.870000Z.mseed,AXEC1,2015-04-24T18:49:29.870000Z,2015-04-24T18:49:29.870000Z,1.24,0.8,45.94184,-130.01362,0.638,252.60360161482336,3.2068790638027025,0.9690745811125198,4.104642367359902,1.1
123983,passing_waveforms_data_mldd/waveforms/event_2015-04-24T18:49:46.345999Z.mseed,AXEC1,2015-04-24T18:49:46.345999Z,2015-04-24T18:49:46.345999Z,0.91,0.46,45.94626,-129.99484,0.521,253.25881454459187,3.6359472976193272,0.9796281361207904,1.8269243914099451,1.0
123984,passing_waveforms_data_mldd/waveforms/event_2015-04-24T18:49:54.240000Z.mseed,AXEC1,2015-04-24T18:49:54.240000Z,2015-04-24T18:49:54.240000Z,1.58,0.79,45.94066,-130.02198,1.19,253.8927696245964,4.542599699564584,0.9884970947183426,11.374785866063078,1.5
123986,passing_waveforms_data_mldd/waveforms/event_2015-04-24T18:50:17.402000Z.mseed,AXEC1,2015-04-24T18:50:17.402000Z,2015-04-24T18:50:17.402000Z,0.91,0.46,45.94848,-129.99493,0.437,264.79828533502996,9.179266677387464,0.9485214115728846,6.825610071912855,1.5
123988,passing_waveforms_data_mldd/waveforms/event_2015-04-24T18:50:53.280000Z.mseed,AXEC1,2015-04-24T18:50:53.280000Z,2015-04-24T18:50:53.280000Z,0.76,0.37,45.94562,-129.99106,0.591,244.15627039801288,4.124767249014537,0.9759431949147402,7.505053698943716,0.8
123991,passing_waveforms_data_mldd/waveforms/event_2015-04-24T18:51:15.362000Z.mseed,AXEC1,2015-04-24T18:51:15.362000Z,2015-04-24T18:51:15.362000Z,0.78,0.36,45.94648,-129.99155,0.514,250.15147731721422,2.264987707552973,0.9849913512129311,6.8007992479623525,0.8
123994,passing_waveforms_data_mldd/waveforms/event_2015-04-24T18:52:01.157999Z.mseed,AXEC1,2015-04-24T18:52:01.157999Z,2015-04-24T18:52:01.157999Z,0.95,0.45,45.95476,-129.99403,1.521,298.1040120324533,9.988602979255859,0.9941403537393616,7.417873596776742,1.1
124017,passing_waveforms_data_mldd/waveforms/event_2015-04-24T18:55:58.926000Z.mseed,AXEC1,2015-04-24T18:55:58.926000Z,2015-04-24T18:55:58.926000Z,1.57,0.76,45.93787,-130.01994,1.224,248.07598916598,2.437985899329538,0.9535045421350601,14.84507068214935,1.2
124018,passing_waveforms_data_mldd/waveforms/event_2015-04-24T18:56:04.926000Z.mseed,AXEC1,2015-04-24T18:56:04.926000Z,2015-04-24T18:56:04.926000Z,1.49,0.83,45.94505,-130.00773,0.068,257.67037584247885,2.93362269991027,0.9571534771850454,8.186559216909053,1.2
124024,passing_waveforms_data_mldd/waveforms/event_2015-04-24T18:57:19.321999Z.mseed,AXEC1,2015-04-24T18:57:19.321999Z,2015-04-24T18:57:19.321999Z,0.83,0.38,45.94658,-129.99222,0.386,251.75109696484748,2.4878153477023472,0.9755594163767746,5.396314103689809,0.9
124026,passing_waveforms_data_mldd/waveforms/event_2015-04-24T18:57:35.101999Z.mseed,AXEC1,2015-04-24T18:57:35.101999Z,2015-04-24T18:57:35.101999Z,1.03,0.47,45.9545,-129.99727,0.677,292.5835976964354,2.593659302364806,0.9829225632254069,5.62197945862617,1.0
124028,passing_waveforms_data_mldd/waveforms/event_2015-04-24T18:57:57.280000Z.mseed,AXEC1,2015-04-24T18:57:57.280000Z,2015-04-24T18:57:57.280000Z,0.84,0.42,45.94526,-129.99231,0.569,244.5529006123042,3.1013221494409677,0.9920446835470931,6.986007602907444,0.9
124031,passing_waveforms_data_mldd/waveforms/event_2015-04-24T18:58:37.642000Z.mseed,AXEC1,2015-04-24T18:58:37.642000Z,2015-04-24T18:58:37.642000Z,1.14,0.52,45.94956,-129.99762,0.1,270.6189405582882,2.083562197292732,0.9645608810237194,7.278740698616828,0.9
124040,passing_waveforms_data_mldd/waveforms/event_2015-04-24T19:00:48.374000Z.mseed,AXEC1,2015-04-24T19:00:48.374000Z,2015-04-24T19:00:48.374000Z,0.8,0.36,45.94644,-129.9935,0.509,252.64376359760217,5.18795695301196,0.9700741522517029,7.783763790488559,1.1
124052,passing_waveforms_data_mldd/waveforms/event_2015-04-24T19:04:31.655000Z.mseed,AXEC1,2015-04-24T19:04:31.655000Z,2015-04-24T19:04:31.655000Z,0.8,0.37,45.94393,-129.98429,1.464,210.24673113167123,2.411561465840124,0.9778639800146974,2.1306381313008833,1.1
124053,passing_waveforms_data_mldd/waveforms/event_2015-04-24T19:05:18.852000Z.mseed,AXEC1,2015-04-24T19:05:18.852000Z,2015-04-24T19:05:18.852000Z,0.95,0.42,45.95755,-129.99578,1.322,306.10754758564894,7.551766944709142,0.9939599910200505,6.373556647189432,1.1
124057,passing_waveforms_data_mldd/waveforms/event_2015-04-24T19:06:43.799999Z.mseed,AXEC1,2015-04-24T19:06:43.799999Z,2015-04-24T19:06:43.799999Z,0.97,0.47,45.95594,-129.9965,0.891,299.20079838592176,8.807952988228875,0.985222164510287,6.505705571727524,1.1
124058,passing_waveforms_data_mldd/waveforms/event_2015-04-24T19:06:55.298000Z.mseed,AXEC1,2015-04-24T19:06:55.298000Z,2015-04-24T19:06:55.298000Z,0.75,0.33,45.94582,-129.9912,0.487,245.5957515236749,6.621006364127879,0.9851668171755348,5.618243898814866,1.1
124061,passing_waveforms_data_mldd/waveforms/event_2015-04-24T19:07:34.438000Z.mseed,AXEC1,2015-04-24T19:07:34.438000Z,2015-04-24T19:07:34.438000Z,0.97,0.44,45.95676,-129.99579,1.34,303.3195015559485,12.745392119990168,0.994350926134502,6.509396469986638,1.4
124066,passing_waveforms_data_mldd/waveforms/event_2015-04-24T19:09:56.329000Z.mseed,AXEC1,2015-04-24T19:09:56.329000Z,2015-04-24T19:09:56.329000Z,0.5,0.19,45.94857,-129.97843,0.648,139.44862509856296,2.511704990524848,0.9722898115710235,8.30119691747654,0.2
124077,passing_waveforms_data_mldd/waveforms/event_2015-04-24T19:13:15.650000Z.mseed,AXEC1,2015-04-24T19:13:15.650000Z,2015-04-24T19:13:15.650000Z,0.83,0.41,45.94624,-129.99336,0.526,251.39287015569374,9.842957896215516,0.9923872995527264,8.91378040673976,1.6
124089,passing_waveforms_data_mldd/waveforms/event_2015-04-24T19:15:59.457999Z.mseed,AXEC1,2015-04-24T19:15:59.457999Z,2015-04-24T19:15:59.457999Z,0.97,0.45,45.94804,-129.99584,0.418,262.92121568240776,6.207803529997207,0.994875050638136,4.726768854620405,1.3
124090,passing_waveforms_data_mldd/waveforms/event_2015-04-24T19:16:22.144999Z.mseed,AXEC1,2015-04-24T19:16:22.144999Z,2015-04-24T19:16:22.144999Z,0.88,0.45,45.94467,-129.99283,0.605,242.5146264455977,3.5364985576976395,0.9825010400812471,11.012274109882393,1.1
124105,passing_waveforms_data_mldd/waveforms/event_2015-04-24T19:20:00.016000Z.mseed,AXEC1,2015-04-24T19:20:00.016000Z,2015-04-24T19:20:00.016000Z,0.86,0.4,45.9438,-129.99103,0.48,234.5301905868622,2.2358075144087746,0.9722320547032243,2.7081838209067444,1.0
124108,passing_waveforms_data_mldd/waveforms/event_2015-04-24T19:20:35.787999Z.mseed,AXEC1,2015-04-24T19:20:35.787999Z,2015-04-24T19:20:35.787999Z,1.02,0.48,45.95829,-129.99732,1.259,306.0360573094954,6.353946172864259,0.9959444070171108,5.866791117684632,1.3
124109,passing_waveforms_data_mldd/waveforms/event_2015-04-24T19:20:58.268999Z.mseed,AXEC1,2015-04-24T19:20:58.268999Z,2015-04-24T19:20:58.268999Z,1.8,0.95,45.92943,-130.0184,1.433,233.9844931054544,2.0528001406391994,0.9596514617677598,1.97961875622943,1.1
124113,passing_waveforms_data_mldd/waveforms/event_2015-04-24T19:22:06.320000Z.mseed,AXEC1,2015-04-24T19:22:06.320000Z,2015-04-24T19:22:06.320000Z,0.95,0.43,45.94736,-129.99426,0.236,258.37979032025453,4.81256771770043,0.989723513143287,5.476408807092442,1.1
124114,passing_waveforms_data_mldd/waveforms/event_2015-04-24T19:22:11.869999Z.mseed,AXEC1,2015-04-24T19:22:11.869999Z,2015-04-24T19:22:11.869999Z,1.56,0.81,45.97055,-129.99868,1.866,328.4493654224747,2.0135260440034384,0.9005135164371898,6.994419009633844,1.7
124115,passing_waveforms_data_mldd/waveforms/event_2015-04-24T19:22:19.297999Z.mseed,AXEC1,2015-04-24T19:22:19.297999Z,2015-04-24T19:22:19.297999Z,1.47,0.79,45.92367,-129.97969,0.775,180.68858495480356,3.3762860936925616,0.8278494423658674,17.770461544496992,1.5
124116,passing_waveforms_data_mldd/waveforms/event_2015-04-24T19:22:39.304000Z.mseed,AXEC1,2015-04-24T19:22:39.304000Z,2015-04-24T19:22:39.304000Z,1.04,0.5,45.95772,-129.99652,1.304,305.4642215339344,11.04368687979061,0.9793615806495775,7.236644152858585,1.8
124122,passing_waveforms_data_mldd/waveforms/event_2015-04-24T19:24:05.796000Z.mseed,AXEC1,2015-04-24T19:24:05.796000Z,2015-04-24T19:24:05.796000Z,1.12,0.6,45.93131,-129.97566,1.047,171.93247467084848,8.771666929408969,0.9706809379867687,7.877874880952324,1.5
124134,passing_waveforms_data_mldd/waveforms/event_2015-04-24T19:28:15.481999Z.mseed,AXEC1,2015-04-24T19:28:15.481999Z,2015-04-24T19:28:15.481999Z,0.85,0.42,45.94466,-129.99143,0.552,239.69119657594064,3.573067326756121,0.9488118426095902,0.48285273729283357,1.1
124160,passing_waveforms_data_mldd/waveforms/event_2015-04-24T19:33:58.317999Z.mseed,AXEC1,2015-04-24T19:33:58.317999Z,2015-04-24T19:33:58.317999Z,1.13,0.53,45.95096,-129.99728,0.373,277.1312462791587,2.0674343932209904,0.9619181860157702,7.236371574566835,1.0
124161,passing_waveforms_data_mldd/waveforms/event_2015-04-24T19:34:09.364000Z.mseed,AXEC1,2015-04-24T19:34:09.364000Z,2015-04-24T19:34:09.364000Z,1.07,0.52,45.95882,-129.99671,1.415,308.62172305746356,10.45679226808588,0.9892972102394436,4.787421324726369,1.3
124163,passing_waveforms_data_mldd/waveforms/event_2015-04-24T19:34:48.027999Z.mseed,AXEC1,2015-04-24T19:34:48.027999Z,2015-04-24T19:34:48.027999Z,0.84,0.41,45.95025,-129.99377,0.496,274.614523134734,5.29973053461274,0.9847173280452152,6.512004135579235,1.1
124166,passing_waveforms_data_mldd/waveforms/event_2015-04-24T19:35:23.838000Z.mseed,AXEC1,2015-04-24T19:35:23.838000Z,2015-04-24T19:35:23.838000Z,1.61,0.81,45.93876,-130.02193,1.224,250.55256944704374,4.435118236919604,0.9957323868001168,8.846151395942817,1.8
124167,passing_waveforms_data_mldd/waveforms/event_2015-04-24T19:35:34.034999Z.mseed,AXEC1,2015-04-24T19:35:34.034999Z,2015-04-24T19:35:34.034999Z,0.98,0.55,45.94075,-129.99996,0.736,238.71626881647205,3.1586670637726426,0.9421576632494264,6.730135067375242,0.8
124174,passing_waveforms_data_mldd/waveforms/event_2015-04-24T19:37:16.754999Z.mseed,AXEC1,2015-04-24T19:37:16.754999Z,2015-04-24T19:37:16.754999Z,1.14,0.59,45.93318,-129.98185,1.299,185.93066877483176,2.028547928978213,0.9855577904973278,4.38279226035661,1.7
124176,passing_waveforms_data_mldd/waveforms/event_2015-04-24T19:37:54.174999Z.mseed,AXEC1,2015-04-24T19:37:54.174999Z,2015-04-24T19:37:54.174999Z,1.27,0.65,45.9315,-129.97808,1.528,177.12643132142472,2.5123799827724635,0.929965253277578,6.063330284948318,1.8
124195,passing_waveforms_data_mldd/waveforms/event_2015-04-24T19:42:02.600000Z.mseed,AXEC1,2015-04-24T19:42:02.600000Z,2015-04-24T19:42:02.600000Z,0.83,0.38,45.94723,-129.99394,0.513,257.3992240600818,9.16296763555199,0.9914628132881469,6.8210427421206195,1.6
124198,passing_waveforms_data_mldd/waveforms/event_2015-04-24T19:42:41.027999Z.mseed,AXEC1,2015-04-24T19:42:41.027999Z,2015-04-24T19:42:41.027999Z,0.84,0.42,45.94745,-129.98661,1.573,246.86650399483122,4.038652542080378,0.9676780513199403,1.2034526252517113,1.4
124199,passing_waveforms_data_mldd/waveforms/event_2015-04-24T19:42:47.962000Z.mseed,AXEC1,2015-04-24T19:42:47.962000Z,2015-04-24T19:42:47.962000Z,1.64,0.81,45.93843,-130.02308,1.371,250.49408367035872,3.5108102241466748,0.9935888864050038,10.073896267222855,1.7
124203,passing_waveforms_data_mldd/waveforms/event_2015-04-24T19:44:10.910000Z.mseed,AXEC1,2015-04-24T19:44:10.910000Z,2015-04-24T19:44:10.910000Z,0.82,0.39,45.94589,-129.99259,0.518,248.39682380679375,6.568718314088015,0.9896694644463895,11.179190946388664,1.2
124221,passing_waveforms_data_mldd/waveforms/event_2015-04-24T19:48:30.304999Z.mseed,AXEC1,2015-04-24T19:48:30.304999Z,2015-04-24T19:48:30.304999Z,1.43,0.73,45.96863,-129.9962,1.608,329.57495654661784,3.444063080572933,0.9851039252476346,4.890709726476989,1.3
124225,passing_waveforms_data_mldd/waveforms/event_2015-04-24T19:49:18.128000Z.mseed,AXEC1,2015-04-24T19:49:18.128000Z,2015-04-24T19:49:18.128000Z,0.94,0.44,45.95476,-129.9879,1.799,312.8724887356573,4.089521202100323,0.9899013637439048,7.442998869804515,1.3
124229,passing_waveforms_data_mldd/waveforms/event_2015-04-24T19:50:13.848000Z.mseed,AXEC1,2015-04-24T19:50:13.848000Z,2015-04-24T19:50:13.848000Z,0.78,0.35,45.94655,-129.99268,0.522,252.20656431876162,6.210995215313838,0.9894810252878503,6.748389188866964,1.2
124239,passing_waveforms_data_mldd/waveforms/event_2015-04-24T19:52:08.564000Z.mseed,AXEC1,2015-04-24T19:52:08.564000Z,2015-04-24T19:52:08.564000Z,0.89,0.42,45.9504,-129.98807,1.624,278.7019091556567,2.689316656986012,0.9852696005242548,2.6581168533895543,1.2
124240,passing_waveforms_data_mldd/waveforms/event_2015-04-24T19:52:15.919999Z.mseed,AXEC1,2015-04-24T19:52:15.919999Z,2015-04-24T19:52:15.919999Z,0.84,0.41,45.94272,-129.99056,1.324,228.54722994998326,6.414877684314118,0.9880621967521581,6.978758209292012,1.0
124242,passing_waveforms_data_mldd/waveforms/event_2015-04-24T19:52:23.762000Z.mseed,AXEC1,2015-04-24T19:52:23.762000Z,2015-04-24T19:52:23.762000Z,0.83,0.36,45.94701,-129.99289,0.433,255.1028942324608,3.579535868505028,0.9951050723872037,6.290654601909276,0.8
124248,passing_waveforms_data_mldd/waveforms/event_2015-04-24T19:53:32.555999Z.mseed,AXEC1,2015-04-24T19:53:32.555999Z,2015-04-24T19:53:32.555999Z,0.92,0.47,45.94562,-129.99579,1.201,251.27644309905384,4.993849651895088,0.9780046808490345,9.068719355943259,0.9
124261,passing_waveforms_data_mldd/waveforms/event_2015-04-24T19:56:05.775999Z.mseed,AXEC1,2015-04-24T19:56:05.775999Z,2015-04-24T19:56:05.775999Z,0.87,0.44,45.94664,-129.99363,0.498,253.87567309845528,5.821744966332298,0.912991873857183,8.722559412729105,1.3
124268,passing_waveforms_data_mldd/waveforms/event_2015-04-24T19:59:29.699000Z.mseed,AXEC1,2015-04-24T19:59:29.699000Z,2015-04-24T19:59:29.699000Z,0.87,0.42,45.94234,-129.98353,1.558,200.961353941244,3.601361037437552,0.9857469158042258,6.028210927235288,1.1
124277,passing_waveforms_data_mldd/waveforms/event_2015-04-24T20:00:57.658000Z.mseed,AXEC1,2015-04-24T20:00:57.658000Z,2015-04-24T20:00:57.658000Z,0.86,0.42,45.94297,-129.98511,1.553,210.43046110530517,4.7194078285802945,0.9874175015454847,4.000281066334714,1.1
124278,passing_waveforms_data_mldd/waveforms/event_2015-04-24T20:01:03.258000Z.mseed,AXEC1,2015-04-24T20:01:03.258000Z,2015-04-24T20:01:03.258000Z,0.87,0.43,45.94592,-129.99364,0.594,250.08391315086888,4.132014076102339,0.9929128364919033,6.077109307244717,1.1
124283,passing_waveforms_data_mldd/waveforms/event_2015-04-24T20:02:07.246999Z.mseed,AXEC1,2015-04-24T20:02:07.246999Z,2015-04-24T20:02:07.246999Z,1.76,0.9,45.91971,-129.99237,0.68,197.195388882993,3.9868310303769716,0.9685429872257487,8.2285247350982,1.6
124287,passing_waveforms_data_mldd/waveforms/event_2015-04-24T20:02:45.615999Z.mseed,AXEC1,2015-04-24T20:02:45.615999Z,2015-04-24T20:02:45.615999Z,0.86,0.4,45.94645,-129.98655,1.701,237.48055945632086,4.532302567077145,0.9913884839986877,2.6850867398811795,1.5
124293,passing_waveforms_data_mldd/waveforms/event_2015-04-24T20:04:20.286000Z.mseed,AXEC1,2015-04-24T20:04:20.286000Z,2015-04-24T20:04:20.286000Z,0.85,0.41,45.94606,-129.99262,0.507,249.37520345246094,2.342090402377935,0.9745760479115831,9.400812680849821,0.7
124310,passing_waveforms_data_mldd/waveforms/event_2015-04-24T20:07:54.960000Z.mseed,AXEC1,2015-04-24T20:07:54.960000Z,2015-04-24T20:07:54.960000Z,0.94,0.49,45.94275,-129.99257,0.633,233.44707984103647,2.5690166574179196,0.9671410912922704,0.7720995048096944,1.0
124321,passing_waveforms_data_mldd/waveforms/event_2015-04-24T20:10:05.203999Z.mseed,AXEC1,2015-04-24T20:10:05.203999Z,2015-04-24T20:10:05.203999Z,0.81,0.36,45.94566,-129.9915,0.472,245.24358184118785,2.211835549404343,0.9854961799156836,3.2746793898667463,0.9
124324,passing_waveforms_data_mldd/waveforms/event_2015-04-24T20:10:26.118999Z.mseed,AXEC1,2015-04-24T20:10:26.118999Z,2015-04-24T20:10:26.118999Z,1.77,0.85,45.97728,-130.0061,2.198,327.10375289692536,2.9632721921438083,0.94810527086495,11.393787648888468,1.3
124328,passing_waveforms_data_mldd/waveforms/event_2015-04-24T20:12:08.635999Z.mseed,AXEC1,2015-04-24T20:12:08.635999Z,2015-04-24T20:12:08.635999Z,0.89,0.43,45.94627,-129.99253,0.491,250.41256515271806,4.07542064533798,0.9524656860500906,3.9606522893217173,1.4
124333,passing_waveforms_data_mldd/waveforms/event_2015-04-24T20:13:17.449999Z.mseed,AXEC1,2015-04-24T20:13:17.449999Z,2015-04-24T20:13:17.449999Z,0.89,0.45,45.94338,-129.99187,0.51,234.56810280858028,4.276411642885666,0.9285154066341947,5.062997532353839,0.9
124337,passing_waveforms_data_mldd/waveforms/event_2015-04-24T20:14:03.782999Z.mseed,AXEC1,2015-04-24T20:14:03.782999Z,2015-04-24T20:14:03.782999Z,0.94,0.44,45.95173,-129.98773,1.687,291.70595046768085,3.14383603711825,0.9845663102340246,5.045829891276497,1.5
124339,passing_waveforms_data_mldd/waveforms/event_2015-04-24T20:14:33.634000Z.mseed,AXEC1,2015-04-24T20:14:33.634000Z,2015-04-24T20:14:33.634000Z,0.86,0.4,45.94701,-129.99206,0.586,254.11060898870238,2.6306497444967665,0.9800100458384902,3.6895581503350194,1.3
124340,passing_waveforms_data_mldd/waveforms/event_2015-04-24T20:14:42.600000Z.mseed,AXEC1,2015-04-24T20:14:42.600000Z,2015-04-24T20:14:42.600000Z,1.7,0.84,45.94713,-130.00662,0.006,263.2805864560862,3.8317830671029585,0.9061679693513112,7.110879654537023,1.3
124343,passing_waveforms_data_mldd/waveforms/event_2015-04-24T20:15:30.829000Z.mseed,AXEC1,2015-04-24T20:15:30.829000Z,2015-04-24T20:15:30.829000Z,1.38,0.85,45.94873,-130.02124,0.566,269.0388700016357,2.35595441588456,0.9293692802811571,5.897674737406585,0.9
124350,passing_waveforms_data_mldd/waveforms/event_2015-04-24T20:16:25.384000Z.mseed,AXEC1,2015-04-24T20:16:25.384000Z,2015-04-24T20:16:25.384000Z,0.86,0.43,45.94875,-129.98941,1.255,263.7214870823651,2.9467199618738467,0.9789232992585379,3.2801643721418823,1.4
124356,passing_waveforms_data_mldd/waveforms/event_2015-04-24T20:18:00.256000Z.mseed,AXEC1,2015-04-24T20:18:00.256000Z,2015-04-24T20:18:00.256000Z,0.79,0.37,45.94751,-129.99068,1.301,255.5846889399628,14.109018421093031,0.990905566351499,3.1557099874853036,1.7
124369,passing_waveforms_data_mldd/waveforms/event_2015-04-24T20:20:44.834000Z.mseed,AXEC1,2015-04-24T20:20:44.834000Z,2015-04-24T20:20:44.834000Z,0.91,0.47,45.94752,-129.99335,1.441,258.5015409447002,5.131036210437219,0.9875473411129624,2.232930438055817,1.3
124382,passing_waveforms_data_mldd/waveforms/event_2015-04-24T20:23:02.084000Z.mseed,AXEC1,2015-04-24T20:23:02.084000Z,2015-04-24T20:23:02.084000Z,0.91,0.43,45.94389,-129.98768,1.313,225.07989479023473,2.0620189511078344,0.9882508031745952,3.9285591227332812,1.0
124387,passing_waveforms_data_mldd/waveforms/event_2015-04-24T20:24:12.917999Z.mseed,AXEC1,2015-04-24T20:24:12.917999Z,2015-04-24T20:24:12.917999Z,0.91,0.48,45.94577,-129.9909,1.466,244.71177048440782,4.770870597901859,0.9507081295693202,5.877864618220955,1.1
124396,passing_waveforms_data_mldd/waveforms/event_2015-04-24T20:26:20.434000Z.mseed,AXEC1,2015-04-24T20:26:20.434000Z,2015-04-24T20:26:20.434000Z,0.87,0.41,45.94664,-129.99156,0.615,251.14510673242302,2.128141028326301,0.9845359672230026,5.3523445023143505,1.1
124399,passing_waveforms_data_mldd/waveforms/event_2015-04-24T20:27:15.380000Z.mseed,AXEC1,2015-04-24T20:27:15.380000Z,2015-04-24T20:27:15.380000Z,0.95,0.44,45.95444,-129.9953,1.294,294.7769562860145,9.802431376897225,0.9953034636985743,7.026766960373342,1.1
124408,passing_waveforms_data_mldd/waveforms/event_2015-04-24T20:29:47.274000Z.mseed,AXEC1,2015-04-24T20:29:47.274000Z,2015-04-24T20:29:47.274000Z,0.92,0.49,45.94521,-129.99118,1.458,242.08758327177404,4.0596968787340595,0.968506531951786,3.8304681982528037,1.0
124442,passing_waveforms_data_mldd/waveforms/event_2015-04-24T20:37:28.332000Z.mseed,AXEC1,2015-04-24T20:37:28.332000Z,2015-04-24T20:37:28.332000Z,0.97,0.48,45.95344,-129.99498,1.129,290.61801969817594,3.473080840107063,0.9757829131040557,4.335993948256268,0.9
124446,passing_waveforms_data_mldd/waveforms/event_2015-04-24T20:39:15.358000Z.mseed,AXEC1,2015-04-24T20:39:15.358000Z,2015-04-24T20:39:15.358000Z,0.88,0.39,45.94796,-129.99462,0.538,261.8621991722532,5.037357933442573,0.9924046836384985,8.0998928528592,1.2
124460,passing_waveforms_data_mldd/waveforms/event_2015-04-24T20:43:49.634000Z.mseed,AXEC1,2015-04-24T20:43:49.634000Z,2015-04-24T20:43:49.634000Z,0.79,0.39,45.94471,-129.98555,1.414,220.66804673635514,2.011170657746481,0.9767049471469694,1.9621106069681484,0.6
124472,passing_waveforms_data_mldd/waveforms/event_2015-04-24T20:47:52.481999Z.mseed,AXEC1,2015-04-24T20:47:52.481999Z,2015-04-24T20:47:52.481999Z,0.78,0.36,45.94287,-129.98883,0.543,224.21426786279247,2.17564694688932,0.9759842838125705,3.450147138927527,0.7
124473,passing_waveforms_data_mldd/waveforms/event_2015-04-24T20:47:59.060999Z.mseed,AXEC1,2015-04-24T20:47:59.060999Z,2015-04-24T20:47:59.060999Z,0.94,0.47,45.94155,-129.98298,1.823,196.6102272251148,2.90839039634576,0.9751895757031513,1.8814469434472096,2.3
124478,passing_waveforms_data_mldd/waveforms/event_2015-04-24T20:49:13.223000Z.mseed,AXEC1,2015-04-24T20:49:13.223000Z,2015-04-24T20:49:13.223000Z,1.03,0.49,45.94301,-129.99083,1.421,230.47075783271163,2.020289544169611,0.9635750139803514,2.3810785343548058,1.6
124494,passing_waveforms_data_mldd/waveforms/event_2015-04-24T20:54:02.395999Z.mseed,AXEC1,2015-04-24T20:54:02.395999Z,2015-04-24T20:54:02.395999Z,0.77,0.36,45.94405,-129.98959,0.473,231.99396273284154,2.7955060069798114,0.978310040730312,3.768237377801206,0.8
124497,passing_waveforms_data_mldd/waveforms/event_2015-04-24T20:54:42.374000Z.mseed,AXEC1,2015-04-24T20:54:42.374000Z,2015-04-24T20:54:42.374000Z,0.85,0.41,45.94586,-129.99243,0.544,247.979436856225,3.1066146029928605,0.9774086291663016,9.817850687657218,1.3
124501,passing_waveforms_data_mldd/waveforms/event_2015-04-24T20:55:22.204000Z.mseed,AXEC1,2015-04-24T20:55:22.204000Z,2015-04-24T20:55:22.204000Z,0.94,0.51,45.94386,-129.99292,0.818,238.89987251771132,2.587237656065474,0.979888675084656,8.371124793353133,1.1
124505,passing_waveforms_data_mldd/waveforms/event_2015-04-24T20:57:01.000000Z.mseed,AXEC1,2015-04-24T20:57:01.000000Z,2015-04-24T20:57:01.000000Z,0.9,0.45,45.94655,-129.99592,0.499,255.71829136478232,9.693678933014441,0.9926049559238163,4.591697366851288,1.7
124509,passing_waveforms_data_mldd/waveforms/event_2015-04-24T20:58:18.597999Z.mseed,AXEC1,2015-04-24T20:58:18.597999Z,2015-04-24T20:58:18.597999Z,0.86,0.43,45.94392,-129.98497,1.541,213.71076154109258,2.250806674161058,0.9727931080572523,1.4345531459139944,1.0
124510,passing_waveforms_data_mldd/waveforms/event_2015-04-24T20:58:28.635999Z.mseed,AXEC1,2015-04-24T20:58:28.635999Z,2015-04-24T20:58:28.635999Z,0.94,0.48,45.95094,-129.99534,0.666,277.81565274109334,2.9713641121443333,0.9545528071655456,3.555465742582636,1.3
124533,passing_waveforms_data_mldd/waveforms/event_2015-04-24T21:05:10.385999Z.mseed,AXEC1,2015-04-24T21:05:10.385999Z,2015-04-24T21:05:10.385999Z,0.87,0.42,45.95186,-129.98653,1.737,296.28093178854965,3.2919534711436937,0.9913046883465872,4.278598389958043,1.1
124547,passing_waveforms_data_mldd/waveforms/event_2015-04-24T21:10:21.923999Z.mseed,AXEC1,2015-04-24T21:10:21.923999Z,2015-04-24T21:10:21.923999Z,0.84,0.39,45.94797,-129.99407,0.548,261.58475122930975,2.0532528461348534,0.9828490889122086,8.15395057960235,0.9
124548,passing_waveforms_data_mldd/waveforms/event_2015-04-24T21:10:31.399999Z.mseed,AXEC1,2015-04-24T21:10:31.399999Z,2015-04-24T21:10:31.399999Z,0.91,0.38,45.94826,-129.99521,0.422,263.75374520059813,2.1593703923664216,0.9685190286190387,10.704963961497112,0.8
124570,passing_waveforms_data_mldd/waveforms/event_2015-04-24T21:16:25.021999Z.mseed,AXEC1,2015-04-24T21:16:25.021999Z,2015-04-24T21:16:25.021999Z,0.76,0.35,45.94718,-129.99262,0.671,255.79736807085195,7.839533849386807,0.9841015753666605,9.45384814558701,1.2
124572,passing_waveforms_data_mldd/waveforms/event_2015-04-24T21:16:45.444000Z.mseed,AXEC1,2015-04-24T21:16:45.444000Z,2015-04-24T21:16:45.444000Z,1.12,0.57,45.95909,-129.99656,1.352,309.67234765400667,3.747062834872503,0.9716156086259613,4.569922775987077,1.1
124574,passing_waveforms_data_mldd/waveforms/event_2015-04-24T21:17:54.316000Z.mseed,AXEC1,2015-04-24T21:17:54.316000Z,2015-04-24T21:17:54.316000Z,0.94,0.44,45.9556,-129.99457,1.252,300.84057559737374,2.719110300127078,0.9673220306391372,12.8938230746238,0.9
124579,passing_waveforms_data_mldd/waveforms/event_2015-04-24T21:19:59.750000Z.mseed,AXEC1,2015-04-24T21:19:59.750000Z,2015-04-24T21:19:59.750000Z,0.83,0.42,45.94679,-129.98543,1.528,235.79093738907895,2.560335284214757,0.9781030963890713,5.034792473478289,0.7
124581,passing_waveforms_data_mldd/waveforms/event_2015-04-24T21:20:36.718000Z.mseed,AXEC1,2015-04-24T21:20:36.718000Z,2015-04-24T21:20:36.718000Z,1.04,0.51,45.95418,-129.99611,0.821,292.6039240194764,2.0039333583400536,0.8953038740133407,20.158048817144394,1.2
124590,passing_waveforms_data_mldd/waveforms/event_2015-04-24T21:22:43.402000Z.mseed,AXEC1,2015-04-24T21:22:43.402000Z,2015-04-24T21:22:43.402000Z,0.85,0.41,45.9466,-129.99467,0.52,254.78254943811035,3.7083076264688026,0.99350943050138,11.035429502303819,1.0
124594,passing_waveforms_data_mldd/waveforms/event_2015-04-24T21:24:23.690000Z.mseed,AXEC1,2015-04-24T21:24:23.690000Z,2015-04-24T21:24:23.690000Z,1.7,0.87,45.94558,-130.00986,0.064,259.9502457617755,2.7465090199457958,0.9927763608697439,12.096099009052226,1.7
124597,passing_waveforms_data_mldd/waveforms/event_2015-04-24T21:24:59.637999Z.mseed,AXEC1,2015-04-24T21:24:59.637999Z,2015-04-24T21:24:59.637999Z,0.82,0.36,45.94806,-129.99391,0.489,261.99126735526045,2.479178369825323,0.9024104322398465,5.132468474361154,0.8
124605,passing_waveforms_data_mldd/waveforms/event_2015-04-24T21:28:10.955999Z.mseed,AXEC1,2015-04-24T21:28:10.955999Z,2015-04-24T21:28:10.955999Z,0.96,0.47,45.94334,-129.98825,1.829,224.41379022619444,5.257284770166152,0.9851983650194862,2.734010520248437,1.8
124626,passing_waveforms_data_mldd/waveforms/event_2015-04-24T21:33:15.528000Z.mseed,AXEC1,2015-04-24T21:33:15.528000Z,2015-04-24T21:33:15.528000Z,1.05,0.47,45.95984,-129.99743,1.47,310.3917157543016,2.198104442549579,0.9789389072495759,8.056407512058005,0.7
124633,passing_waveforms_data_mldd/waveforms/event_2015-04-24T21:35:27.844000Z.mseed,AXEC1,2015-04-24T21:35:27.844000Z,2015-04-24T21:35:27.844000Z,0.92,0.48,45.94508,-129.99187,1.308,242.78225525116835,5.4868542191820335,0.9706123006991165,3.426909074163739,1.5
124636,passing_waveforms_data_mldd/waveforms/event_2015-04-24T21:35:58.240000Z.mseed,AXEC1,2015-04-24T21:35:58.240000Z,2015-04-24T21:35:58.240000Z,0.91,0.46,45.94456,-129.99361,0.581,243.35473257526445,3.7800150252159215,0.9737824098871507,6.031692600319454,0.9
124644,passing_waveforms_data_mldd/waveforms/event_2015-04-24T21:37:13.021000Z.mseed,AXEC1,2015-04-24T21:37:13.021000Z,2015-04-24T21:37:13.021000Z,0.84,0.42,45.94799,-129.98369,1.711,240.96772361537828,2.439239274287564,0.9671871860553669,2.734026214213653,0.7
124645,passing_waveforms_data_mldd/waveforms/event_2015-04-24T21:37:39.555999Z.mseed,AXEC1,2015-04-24T21:37:39.555999Z,2015-04-24T21:37:39.555999Z,0.87,0.42,45.94696,-129.9941,0.497,256.0908511368058,2.727625494025965,0.9802684749476048,2.6740283239427542,0.9
124656,passing_waveforms_data_mldd/waveforms/event_2015-04-24T21:39:56.006000Z.mseed,AXEC1,2015-04-24T21:39:56.006000Z,2015-04-24T21:39:56.006000Z,0.97,0.47,45.94943,-129.99704,0.416,269.9999053438399,8.833421006996934,0.9807425287806744,6.038413731926858,1.1
124664,passing_waveforms_data_mldd/waveforms/event_2015-04-24T21:41:46.604999Z.mseed,AXEC1,2015-04-24T21:41:46.604999Z,2015-04-24T21:41:46.604999Z,0.89,0.42,45.94231,-129.98345,1.867,200.4960442235378,9.706800624069885,0.9942786633141487,3.9075990629172788,1.6
124668,passing_waveforms_data_mldd/waveforms/event_2015-04-24T21:42:43.758000Z.mseed,AXEC1,2015-04-24T21:42:43.758000Z,2015-04-24T21:42:43.758000Z,0.87,0.41,45.94652,-129.98913,1.495,245.76077250437123,2.2423520545207336,0.991509915569908,7.803748248195168,0.7
124670,passing_waveforms_data_mldd/waveforms/event_2015-04-24T21:43:19.257999Z.mseed,AXEC1,2015-04-24T21:43:19.257999Z,2015-04-24T21:43:19.257999Z,0.93,0.54,45.94413,-129.99102,1.641,236.09635539527784,5.897936472204458,0.9853948159939588,8.25229926735558,1.5
124683,passing_waveforms_data_mldd/waveforms/event_2015-04-24T21:47:23.841000Z.mseed,AXEC1,2015-04-24T21:47:23.841000Z,2015-04-24T21:47:23.841000Z,1.18,0.62,45.93261,-129.98155,1.225,185.05407639637616,2.328900738147353,0.9791118446844447,2.814304060883978,1.3
124693,passing_waveforms_data_mldd/waveforms/event_2015-04-24T21:49:55.280000Z.mseed,AXEC1,2015-04-24T21:49:55.280000Z,2015-04-24T21:49:55.280000Z,0.85,0.41,45.94664,-129.99344,0.493,253.65624872894483,7.411940298495343,0.9895523968006528,10.945298250495085,1.3
124706,passing_waveforms_data_mldd/waveforms/event_2015-04-24T21:54:31.711999Z.mseed,AXEC1,2015-04-24T21:54:31.711999Z,2015-04-24T21:54:31.711999Z,0.86,0.43,45.94855,-129.99373,0.503,264.7013041128878,3.1662985384189155,0.9810487845958331,3.748506124228517,0.8
124713,passing_waveforms_data_mldd/waveforms/event_2015-04-24T21:55:52.725999Z.mseed,AXEC1,2015-04-24T21:55:52.725999Z,2015-04-24T21:55:52.725999Z,1.31,0.67,45.9638,-129.99648,1.537,321.2548854363539,2.225618693077019,0.9384216147706165,6.803614125317634,1.5
124734,passing_waveforms_data_mldd/waveforms/event_2015-04-24T22:03:29.256000Z.mseed,AXEC1,2015-04-24T22:03:29.256000Z,2015-04-24T22:03:29.256000Z,0.93,0.5,45.9454,-129.99167,1.355,244.11614192088737,3.504686428108284,0.9388652207668348,10.61256519818782,0.8
124737,passing_waveforms_data_mldd/waveforms/event_2015-04-24T22:03:52.033999Z.mseed,AXEC1,2015-04-24T22:03:52.033999Z,2015-04-24T22:03:52.033999Z,1.06,0.53,45.93831,-129.99073,1.618,215.03221543808343,2.3381603450825574,0.9487708306851379,3.995693446183174,1.2
124742,passing_waveforms_data_mldd/waveforms/event_2015-04-24T22:05:40.640000Z.mseed,AXEC1,2015-04-24T22:05:40.640000Z,2015-04-24T22:05:40.640000Z,0.87,0.43,45.9424,-129.99092,0.555,228.17717784126063,2.178163925277878,0.9272823585113756,1.7452402752589016,0.4
124745,passing_waveforms_data_mldd/waveforms/event_2015-04-24T22:06:13.910000Z.mseed,AXEC1,2015-04-24T22:06:13.910000Z,2015-04-24T22:06:13.910000Z,0.9,0.45,45.94723,-129.99229,1.433,255.72842472230133,4.322734620103532,0.9964897671033204,2.3735010880717664,1.2
124746,passing_waveforms_data_mldd/waveforms/event_2015-04-24T22:06:31.643999Z.mseed,AXEC1,2015-04-24T22:06:31.643999Z,2015-04-24T22:06:31.643999Z,0.87,0.43,45.95014,-129.98845,1.458,275.9494918409089,2.285619465130914,0.9674636084091448,5.617499979641419,1.2
124760,passing_waveforms_data_mldd/waveforms/event_2015-04-24T22:10:09.240000Z.mseed,AXEC1,2015-04-24T22:10:09.240000Z,2015-04-24T22:10:09.240000Z,0.91,0.43,45.94946,-129.99541,0.487,270.08243747028627,7.821009039778575,0.9817198622710095,8.322348042226706,1.1
124778,passing_waveforms_data_mldd/waveforms/event_2015-04-24T22:15:59.555999Z.mseed,AXEC1,2015-04-24T22:15:59.555999Z,2015-04-24T22:15:59.555999Z,0.87,0.42,45.94184,-129.9834,1.482,199.14799973207843,3.9336759791095837,0.9639407479067617,0.9721957841266141,1.3
124790,passing_waveforms_data_mldd/waveforms/event_2015-04-24T22:19:27.936000Z.mseed,AXEC1,2015-04-24T22:19:27.936000Z,2015-04-24T22:19:27.936000Z,0.92,0.49,45.94561,-129.99056,1.488,243.05164692300542,2.9878219575677667,0.9860813894878038,3.9842584991980146,1.3
124792,passing_waveforms_data_mldd/waveforms/event_2015-04-24T22:20:59.286000Z.mseed,AXEC1,2015-04-24T22:20:59.286000Z,2015-04-24T22:20:59.286000Z,0.97,0.41,45.95589,-129.98915,1.828,314.4575251320489,3.8471614345684557,0.9965386410269934,5.819705512598174,0.7
124803,passing_waveforms_data_mldd/waveforms/event_2015-04-24T22:24:02.930000Z.mseed,AXEC1,2015-04-24T22:24:02.930000Z,2015-04-24T22:24:02.930000Z,1.01,0.48,45.955,-129.99726,1.083,294.58007775144523,5.084061290562839,0.9917651385447717,5.540367304049415,1.2
124816,passing_waveforms_data_mldd/waveforms/event_2015-04-24T22:28:52.677999Z.mseed,AXEC1,2015-04-24T22:28:52.677999Z,2015-04-24T22:28:52.677999Z,0.92,0.44,45.9436,-129.98568,1.812,215.60569303589185,4.432774705134662,0.992458325351886,2.05946993995331,2.0
124821,passing_waveforms_data_mldd/waveforms/event_2015-04-24T22:29:54.314000Z.mseed,AXEC1,2015-04-24T22:29:54.314000Z,2015-04-24T22:29:54.314000Z,0.93,0.48,45.94243,-129.98471,1.738,206.7557318030915,2.4717210166647128,0.967589290165697,6.760257682514211,1.4
124825,passing_waveforms_data_mldd/waveforms/event_2015-04-24T22:31:31.277999Z.mseed,AXEC1,2015-04-24T22:31:31.277999Z,2015-04-24T22:31:31.277999Z,0.81,0.4,45.94643,-129.99176,0.529,250.1810430446369,3.71264734213666,0.9582960594709248,6.595799400843917,1.0
124830,passing_waveforms_data_mldd/waveforms/event_2015-04-24T22:32:45.240000Z.mseed,AXEC1,2015-04-24T22:32:45.240000Z,2015-04-24T22:32:45.240000Z,0.88,0.43,45.94436,-129.98602,1.689,220.890550543647,3.1369814412789117,0.9818511102203364,4.58308993698814,2.0
124833,passing_waveforms_data_mldd/waveforms/event_2015-04-24T22:33:22.824000Z.mseed,AXEC1,2015-04-24T22:33:22.824000Z,2015-04-24T22:33:22.824000Z,0.82,0.39,45.94423,-129.98784,1.191,227.41262077601718,2.5354552651858597,0.9871768330379214,1.7863615310547125,1.0
124834,passing_waveforms_data_mldd/waveforms/event_2015-04-24T22:33:34.877000Z.mseed,AXEC1,2015-04-24T22:33:34.877000Z,2015-04-24T22:33:34.877000Z,0.81,0.38,45.94453,-129.98552,1.68,219.5038922275598,2.5463335156830467,0.9860981022486927,2.6166321228783764,0.7
124853,passing_waveforms_data_mldd/waveforms/event_2015-04-24T22:39:03.572000Z.mseed,AXEC1,2015-04-24T22:39:03.572000Z,2015-04-24T22:39:03.572000Z,0.82,0.39,45.94367,-129.98881,0.501,227.78567023340796,2.0847018607574626,0.960882119100027,5.501702851750027,0.7
124854,passing_waveforms_data_mldd/waveforms/event_2015-04-24T22:39:12.476000Z.mseed,AXEC1,2015-04-24T22:39:12.476000Z,2015-04-24T22:39:12.476000Z,1.0,0.49,45.95199,-129.99671,0.476,282.19176369111085,2.636498650230312,0.9357129272213515,7.675810900512623,0.9
124862,passing_waveforms_data_mldd/waveforms/event_2015-04-24T22:41:54.682999Z.mseed,AXEC1,2015-04-24T22:41:54.682999Z,2015-04-24T22:41:54.682999Z,1.05,0.52,45.94242,-129.99078,1.775,227.89824947156913,2.8774275869637913,0.9796451931575244,4.07643388013643,1.6
124867,passing_waveforms_data_mldd/waveforms/event_2015-04-24T22:43:13.836000Z.mseed,AXEC1,2015-04-24T22:43:13.836000Z,2015-04-24T22:43:13.836000Z,0.91,0.33,45.94922,-129.99405,0.474,268.64962054574085,10.416535722142203,0.9996266170602521,8.176263332126997,1.4
124870,passing_waveforms_data_mldd/waveforms/event_2015-04-24T22:43:57.890000Z.mseed,AXEC1,2015-04-24T22:43:57.890000Z,2015-04-24T22:43:57.890000Z,0.85,0.41,45.94628,-129.9892,1.263,244.23591277022808,2.809788399684434,0.9880480950712762,4.224013106431655,1.6
124872,passing_waveforms_data_mldd/waveforms/event_2015-04-24T22:44:28.824000Z.mseed,AXEC1,2015-04-24T22:44:28.824000Z,2015-04-24T22:44:28.824000Z,1.01,0.47,45.95579,-129.99636,1.078,298.8299859327986,4.823613656367139,0.9940019210984421,7.580614513949769,1.2
124873,passing_waveforms_data_mldd/waveforms/event_2015-04-24T22:44:38.130000Z.mseed,AXEC1,2015-04-24T22:44:38.130000Z,2015-04-24T22:44:38.130000Z,1.55,0.81,45.92118,-129.98275,0.99,184.99043134934436,2.8438142443625916,0.8403853592204479,4.01590112147704,1.0
124891,passing_waveforms_data_mldd/waveforms/event_2015-04-24T22:50:45.728000Z.mseed,AXEC1,2015-04-24T22:50:45.728000Z,2015-04-24T22:50:45.728000Z,1.07,0.54,45.9561,-129.99614,1.41,300.3318460256548,2.3709569325399906,0.9655712563461156,3.4115443828295273,1.8
124893,passing_waveforms_data_mldd/waveforms/event_2015-04-24T22:51:00.652000Z.mseed,AXEC1,2015-04-24T22:51:00.652000Z,2015-04-24T22:51:00.652000Z,0.81,0.39,45.9477,-129.99355,0.495,259.6975418665909,4.580046777554632,0.9674118514220359,5.009919007942984,1.1
124896,passing_waveforms_data_mldd/waveforms/event_2015-04-24T22:52:43.368000Z.mseed,AXEC1,2015-04-24T22:52:43.368000Z,2015-04-24T22:52:43.368000Z,0.9,0.44,45.94513,-129.98581,1.881,224.4717474241351,4.0293442533359975,0.9901227598696503,3.087924937481884,2.6
124897,passing_waveforms_data_mldd/waveforms/event_2015-04-24T22:53:04.950999Z.mseed,AXEC1,2015-04-24T22:53:04.950999Z,2015-04-24T22:53:04.950999Z,0.84,0.44,45.94344,-129.98452,1.561,209.4120241005892,2.6502610973061866,0.8559627171802391,11.172250758631861,1.1
124905,passing_waveforms_data_mldd/waveforms/event_2015-04-24T22:55:15.039999Z.mseed,AXEC1,2015-04-24T22:55:15.039999Z,2015-04-24T22:55:15.039999Z,0.95,0.51,45.95344,-129.99285,1.372,293.5313024079365,2.258743909643994,0.9369715264334451,8.883990908498694,0.7
124920,passing_waveforms_data_mldd/waveforms/event_2015-04-24T23:00:47.747999Z.mseed,AXEC1,2015-04-24T23:00:47.747999Z,2015-04-24T23:00:47.747999Z,0.76,0.34,45.94548,-129.99151,0.674,244.25039793007798,2.4611182982935595,0.9695133263527838,5.819711394378616,0.8
124925,passing_waveforms_data_mldd/waveforms/event_2015-04-24T23:02:18.234000Z.mseed,AXEC1,2015-04-24T23:02:18.234000Z,2015-04-24T23:02:18.234000Z,0.89,0.44,45.94406,-129.99263,0.644,239.24285707033363,3.187043816873411,0.961834431861853,5.7489056873269675,0.8
124929,passing_waveforms_data_mldd/waveforms/event_2015-04-24T23:03:23.286000Z.mseed,AXEC1,2015-04-24T23:03:23.286000Z,2015-04-24T23:03:23.286000Z,0.83,0.4,45.9457,-129.99402,0.534,249.48246424806334,6.764916957266215,0.9882897958002742,4.812857652234411,1.2
124939,passing_waveforms_data_mldd/waveforms/event_2015-04-24T23:05:16.469999Z.mseed,AXEC1,2015-04-24T23:05:16.469999Z,2015-04-24T23:05:16.469999Z,0.99,0.48,45.95356,-129.99404,1.447,292.40679248739264,2.970650523673971,0.9775647310018145,4.701846100394167,1.6
124941,passing_waveforms_data_mldd/waveforms/event_2015-04-24T23:05:53.776000Z.mseed,AXEC1,2015-04-24T23:05:53.776000Z,2015-04-24T23:05:53.776000Z,0.77,0.4,45.94505,-129.99363,0.683,245.71534911158753,2.369003039583255,0.961251104605511,3.077897915733401,0.9
124955,passing_waveforms_data_mldd/waveforms/event_2015-04-24T23:11:48.340000Z.mseed,AXEC1,2015-04-24T23:11:48.340000Z,2015-04-24T23:11:48.340000Z,0.89,0.46,45.94535,-129.99393,0.62,247.62907888111508,2.8339623479278675,0.9695942762497706,1.540842317100405,0.8
124958,passing_waveforms_data_mldd/waveforms/event_2015-04-24T23:12:46.787999Z.mseed,AXEC1,2015-04-24T23:12:46.787999Z,2015-04-24T23:12:46.787999Z,0.92,0.46,45.94782,-129.99046,1.724,257.51147137509105,4.001954633186854,0.9927632051592867,3.629875641748721,1.0
124962,passing_waveforms_data_mldd/waveforms/event_2015-04-24T23:15:55.011000Z.mseed,AXEC1,2015-04-24T23:15:55.011000Z,2015-04-24T23:15:55.011000Z,0.84,0.41,45.94341,-129.99232,0.759,235.68416008158167,3.5227229452748423,0.9626293991673414,2.489515107999654,0.7
124970,passing_waveforms_data_mldd/waveforms/event_2015-04-24T23:18:30.716000Z.mseed,AXEC1,2015-04-24T23:18:30.716000Z,2015-04-24T23:18:30.716000Z,0.84,0.41,45.94616,-129.98487,1.564,227.2262495174188,2.7364811401284586,0.9812694190659058,5.627876159390236,0.9
124976,passing_waveforms_data_mldd/waveforms/event_2015-04-24T23:22:14.922000Z.mseed,AXEC1,2015-04-24T23:22:14.922000Z,2015-04-24T23:22:14.922000Z,1.12,0.53,45.95961,-129.99779,1.565,309.19256987945005,4.618156379114268,0.9823962526479835,6.538063613516993,1.1
124979,passing_waveforms_data_mldd/waveforms/event_2015-04-24T23:22:50.237999Z.mseed,AXEC1,2015-04-24T23:22:50.237999Z,2015-04-24T23:22:50.237999Z,1.0,0.48,45.9514,-129.99709,0.448,279.24329612119254,2.400293930271365,0.9697475494664178,3.747816991615458,1.0
124988,passing_waveforms_data_mldd/waveforms/event_2015-04-24T23:29:01.520000Z.mseed,AXEC1,2015-04-24T23:29:01.520000Z,2015-04-24T23:29:01.520000Z,0.92,0.49,45.9438,-129.98934,1.539,230.02836096293248,2.686729502806649,0.9849844697945482,2.839524092658296,0.9
124990,passing_waveforms_data_mldd/waveforms/event_2015-04-24T23:29:53.240000Z.mseed,AXEC1,2015-04-24T23:29:53.240000Z,2015-04-24T23:29:53.240000Z,0.81,0.38,45.94634,-129.99094,0.502,248.25655494979276,2.58834340972006,0.9847342424421233,3.111413681176706,0.8
124994,passing_waveforms_data_mldd/waveforms/event_2015-04-24T23:32:18.442000Z.mseed,AXEC1,2015-04-24T23:32:18.442000Z,2015-04-24T23:32:18.442000Z,0.82,0.42,45.94482,-129.99228,0.555,242.2327893129972,4.966447035476033,0.9802296843735123,9.719759727909873,0.9
124996,passing_waveforms_data_mldd/waveforms/event_2015-04-24T23:33:08.039999Z.mseed,AXEC1,2015-04-24T23:33:08.039999Z,2015-04-24T23:33:08.039999Z,1.05,0.5,45.95829,-129.99662,1.437,307.13866687687255,14.088936619912939,0.9857832043814985,9.453354313299695,1.5
124998,passing_waveforms_data_mldd/waveforms/event_2015-04-24T23:33:46.600000Z.mseed,AXEC1,2015-04-24T23:33:46.600000Z,2015-04-24T23:33:46.600000Z,0.86,0.42,45.94612,-129.99353,0.55,250.97916476107187,4.401735398584157,0.9883065090934997,4.670147622798966,1.1
125001,passing_waveforms_data_mldd/waveforms/event_2015-04-24T23:34:29.559999Z.mseed,AXEC1,2015-04-24T23:34:29.559999Z,2015-04-24T23:34:29.559999Z,1.05,0.51,45.95006,-129.99728,0.3,272.95202989331744,9.306156923094473,0.9905288296886489,5.920174711399968,1.3
125007,passing_waveforms_data_mldd/waveforms/event_2015-04-24T23:37:14.397999Z.mseed,AXEC1,2015-04-24T23:37:14.397999Z,2015-04-24T23:37:14.397999Z,0.91,0.42,45.95419,-129.99397,1.318,295.560245542801,4.240302284518978,0.9928000924935518,7.494268810385405,0.8
125014,passing_waveforms_data_mldd/waveforms/event_2015-04-24T23:39:02.080000Z.mseed,AXEC1,2015-04-24T23:39:02.080000Z,2015-04-24T23:39:02.080000Z,0.9,0.45,45.94532,-129.99337,0.548,246.63731943558258,2.204550274994488,0.9749436977980358,2.3819699126554776,0.9
125015,passing_waveforms_data_mldd/waveforms/event_2015-04-24T23:39:19.838000Z.mseed,AXEC1,2015-04-24T23:39:19.838000Z,2015-04-24T23:39:19.838000Z,0.8,0.4,45.94606,-129.98693,1.318,235.79444998628122,2.141416094266139,0.9901396286078129,7.189313626743004,1.1
125020,passing_waveforms_data_mldd/waveforms/event_2015-04-24T23:42:48.049999Z.mseed,AXEC1,2015-04-24T23:42:48.049999Z,2015-04-24T23:42:48.049999Z,1.04,0.54,45.95554,-129.99315,1.661,303.1361962850502,2.0211923178945623,0.9642109273781162,5.6754552069561734,1.0
125023,passing_waveforms_data_mldd/waveforms/event_2015-04-24T23:43:16.050000Z.mseed,AXEC1,2015-04-24T23:43:16.050000Z,2015-04-24T23:43:16.050000Z,0.92,0.43,45.95401,-129.99393,1.296,294.7610134491341,4.848919698185182,0.990076120693504,5.5671357585892975,1.0
125033,passing_waveforms_data_mldd/waveforms/event_2015-04-24T23:46:00.454000Z.mseed,AXEC1,2015-04-24T23:46:00.454000Z,2015-04-24T23:46:00.454000Z,1.11,0.47,45.95332,-129.99741,0.439,287.55440448641,2.0136517444973463,0.9612442065896847,4.390940028333646,0.8
125055,passing_waveforms_data_mldd/waveforms/event_2015-04-24T23:53:41.560000Z.mseed,AXEC1,2015-04-24T23:53:41.560000Z,2015-04-24T23:53:41.560000Z,1.16,0.5,45.95828,-129.99866,0.764,304.0505021732685,2.7189532754284116,0.9811604459239928,5.541690758484464,1.1
125061,passing_waveforms_data_mldd/waveforms/event_2015-04-24T23:56:48.183999Z.mseed,AXEC1,2015-04-24T23:56:48.183999Z,2015-04-24T23:56:48.183999Z,0.88,0.4,45.94666,-129.99224,0.539,252.24932953002772,2.109296803941797,0.9754060298200341,3.5557264860782514,0.8
